product_name,expert_partner_name,expert_role,proficiency_level,contact_type,hire_type,expert_tenure_category,reporting_period,tnps_numerator,tnps_denominator,ir_numerator,ir_denominator,sqs_numerator,sqs_denominator,handled_conversion_numerator,handled_conversion_denominator,aht_numerator,aht_denominator,cst_numerator,cst_denominator
TTL Assisted Consumer,EDUCATION AT WORK,Tax Specialist,PL1,Phone,Re-Hire,90-120 days,26-Apr,0,0,0,0,8,9.19,0,0,494.55,13,0,0
TTL Assisted Consumer,EDUCATION AT WORK,Tax Specialist,PL1,Chat,New Hire,60-90 days,26-Mar,16,36,25,34,0,0,0,0,16744.93332,595,0,0
TTL Assisted Consumer,EDUCATION AT WORK,Tax Specialist,PL1,Chat,Re-Hire,< 30 days,26-Feb,1,1,1,1,0,0,0,0,106.916666,8,0,0
TTL Assisted Consumer,EDUCATION AT WORK,Tax Specialist,PL1,Phone,New Hire,60-90 days,26-Mar,140,190,154,179,1250.38,1464.82,0,0,42365.16667,2115,0,0
TTL Assisted Consumer,EDUCATION AT WORK,Tax Specialist,PL1,Chat,Re-Hire,60-90 days,26-Mar,-1,1,0,1,0,0,0,0,1913.566665,63,0,0
TTL Assisted Consumer,EDUCATION AT WORK,Tax Specialist,PL1,Chat,Re-Hire,60-90 days,26-Apr,0,0,0,0,0,0,0,0,39.666666,2,0,0
TTL Assisted Consumer,EDUCATION AT WORK,Tax Specialist,PL1,Chat,New Hire,60-90 days,26-Apr,1,1,1,1,0,0,0,0,701.666664,36,0,0
TTL Assisted Consumer,EDUCATION AT WORK,Tax Specialist,PL1,Phone,New Hire,30-60 days,26-Feb,349,505,418,477,3500.47,4147.69,0,0,131268.2333,6778,0,0
TTL Assisted Consumer,EDUCATION AT WORK,Tax Specialist,PL1,Phone,Re-Hire,30-60 days,26-Mar,19,21,20,20,154.94,185.9,0,0,4623.250009,237,0,0
TTL Assisted Consumer,EDUCATION AT WORK,Tax Specialist,PL1,Chat,Re-Hire,30-60 days,26-Mar,6,8,6,7,0,0,0,0,3150.716668,115,0,0
TTL Assisted Consumer,EDUCATION AT WORK,Tax Specialist,PL1,Chat,Re-Hire,30-60 days,26-Feb,5,12,9,11,0,0,0,0,3386.766668,104,0,0
TTL Assisted Consumer,EDUCATION AT WORK,Tax Specialist,PL1,Phone,Re-Hire,30-60 days,26-Feb,24,41,32,39,302.82,358.85,0,0,12305.15,608,0,0
TTL Assisted Consumer,EDUCATION AT WORK,Tax Specialist,PL1,Phone,Re-Hire,60-90 days,26-Mar,27,33,28,32,169.98,195.51,0,0,4952.883332,288,0,0
TTL Assisted Consumer,EDUCATION AT WORK,Tax Specialist,PL1,Chat,New Hire,30-60 days,26-Mar,14,75,45,72,0,0,0,0,35620.91668,1210,0,0
TTL Assisted Consumer,EDUCATION AT WORK,Tax Specialist,PL1,Phone,New Hire,30-60 days,26-Mar,248,343,285,326,2737.61,3248.15,0,0,93366.2667,4554,0,0
TTL Assisted Consumer,EDUCATION AT WORK,Tax Specialist,PL1,Chat,New Hire,30-60 days,26-Feb,28,55,42,53,0,0,0,0,31017.46667,1047,0,0
TTL Assisted Consumer,EDUCATION AT WORK,Tax Specialist,PL1,Phone,New Hire,90-120 days,26-Apr,21,27,24,26,178.92,213.15,0,0,5741.116668,344,0,0
TTL Assisted Consumer,EDUCATION AT WORK,Tax Specialist,PL1,Phone,Re-Hire,60-90 days,26-Apr,1,1,1,1,12.57,13.65,0,0,550.466667,23,0,0
TTL Assisted Consumer,EDUCATION AT WORK,Tax Specialist,PL1,Chat,Re-Hire,90-120 days,26-Apr,-1,1,0,1,0,0,0,0,287.016667,11,0,0
TTL Assisted Consumer,EDUCATION AT WORK,Tax Specialist,PL1,Phone,Re-Hire,< 30 days,26-Feb,7,11,7,10,42.77,51.23,0,0,1913.633332,91,0,0
TTL Assisted Consumer,EDUCATION AT WORK,Tax Specialist,PL1,Phone,New Hire,< 30 days,26-Jan,0,0,0,0,136,169.17,0,0,10338.23333,359,0,0
TTL Assisted Consumer,EDUCATION AT WORK,Tax Specialist,PL1,Phone,New Hire,< 30 days,26-Feb,107,170,133,163,1270.42,1544.6,0,0,61429.43334,2617,0,0
TTL Assisted Consumer,EDUCATION AT WORK,Tax Specialist,PL1,Phone,New Hire,90-120 days,After Season,0,0,0,0,24.62,28.92,0,0,0,0,0,0
TTL Assisted Consumer,EDUCATION AT WORK,Tax Specialist,PL1,Phone,New Hire,60-90 days,26-Apr,5,8,6,7,52.41,61.59,0,0,2091.183332,98,0,0
TTL Assisted Consumer,EDUCATION AT WORK,Tax Specialist,PL1,Chat,New Hire,< 30 days,26-Feb,14,28,20,28,0,0,0,0,11597.85,412,0,0
TTL Assisted Consumer,EDUCATION AT WORK,Tax Specialist,PL1,Chat,New Hire,90-120 days,26-Apr,-1,4,1,3,0,0,0,0,1646.700003,89,0,0
TTL Assisted Consumer,EDUCATION AT WORK,Tax Specialist,PL1,Phone,New Hire,< 30 days,Before Season,0,0,0,0,1.34,2.09,0,0,123.383334,7,0,0
TTL Assisted Consumer,EDUCATION AT WORK,Tax Specialist,PL1,Phone,Re-Hire,90-120 days,After Season,0,0,0,0,0.69,0.71,0,0,0,0,0,0
TTL Assisted Consumer,EDUCATION AT WORK,Tax Specialist,PL1,Phone,Re-Hire,< 30 days,26-Jan,0,0,0,0,6.08,8.19,0,0,380.333334,19,0,0
TTL Assisted Consumer,EDUCATION AT WORK,Tax Specialist,PL2,Chat,New Hire,60-90 days,26-Mar,39,83,62,80,0,0,0,0,38456.98333,1428,0,0
TTL Assisted Consumer,EDUCATION AT WORK,Tax Specialist,PL2,Phone,New Hire,90-120 days,26-Apr,73,113,86,105,1313.65,1586.21,0,0,51252.45,2552,0,0
TTL Assisted Consumer,EDUCATION AT WORK,Tax Specialist,PL2,Phone,Re-Hire,60-90 days,26-Apr,14,14,13,14,157.79,195.37,0,0,5279.466677,307,0,0
TTL Assisted Consumer,EDUCATION AT WORK,Tax Specialist,PL2,Phone,Re-Hire,90-120 days,26-Apr,5,13,9,13,111.97,136.28,0,0,3963.633339,245,0,0
TTL Assisted Consumer,EDUCATION AT WORK,Tax Specialist,PL2,Chat,Re-Hire,30-60 days,26-Mar,0,0,0,0,0,0,0,0,544.150001,14,0,0
TTL Assisted Consumer,EDUCATION AT WORK,Tax Specialist,PL2,Phone,Re-Hire,60-90 days,26-Mar,22,33,26,31,241.09,281.08,0,0,9766.116664,426,0,0
TTL Assisted Consumer,EDUCATION AT WORK,Tax Specialist,PL2,Chat,Re-Hire,30-60 days,26-Feb,0,0,0,0,0,0,0,0,44.466667,3,0,0
TTL Assisted Consumer,EDUCATION AT WORK,Tax Specialist,PL2,Phone,Re-Hire,30-60 days,26-Mar,6,6,6,6,19.13,23.42,0,0,1586.6,69,0,0
TTL Assisted Consumer,EDUCATION AT WORK,Tax Specialist,PL2,Phone,New Hire,30-60 days,26-Mar,49,76,65,72,489.35,573.46,0,0,23611.63333,1087,0,0
TTL Assisted Consumer,EDUCATION AT WORK,Tax Specialist,PL2,Chat,Re-Hire,60-90 days,26-Apr,-2,2,0,1,0,0,0,0,4917.616669,128,0,0
TTL Assisted Consumer,EDUCATION AT WORK,Tax Specialist,PL2,Phone,New Hire,60-90 days,26-Apr,139,197,168,190,1965.47,2368.03,0,0,78697.70002,3738,0,0
TTL Assisted Consumer,EDUCATION AT WORK,Tax Specialist,PL2,Phone,New Hire,60-90 days,26-Mar,307,449,383,432,3006.57,3580.38,0,0,121604.2,5777,0,0
TTL Assisted Consumer,EDUCATION AT WORK,Tax Specialist,PL2,Chat,New Hire,60-90 days,After Season,0,0,0,0,0,0,0,0,31.266667,1,0,0
TTL Assisted Consumer,EDUCATION AT WORK,Tax Specialist,PL2,Chat,New Hire,60-90 days,26-Apr,31,62,41,55,0,0,0,0,41183.53333,1472,0,0
TTL Assisted Consumer,EDUCATION AT WORK,Tax Specialist,PL2,Chat,Re-Hire,90-120 days,26-Apr,0,4,1,3,0,0,0,0,3200.316666,103,0,0
TTL Assisted Consumer,EDUCATION AT WORK,Tax Specialist,PL2,Phone,Re-Hire,30-60 days,26-Feb,1,1,1,1,6.24,6.96,0,0,265.749998,16,0,0
TTL Assisted Consumer,EDUCATION AT WORK,Tax Specialist,PL2,Chat,New Hire,90-120 days,26-Apr,24,33,27,29,0,0,0,0,28765.98333,972,0,0
TTL Assisted Consumer,EDUCATION AT WORK,Tax Specialist,PL2,Chat,Re-Hire,60-90 days,26-Mar,3,5,4,4,0,0,0,0,4859.400001,159,0,0
TTL Assisted Consumer,EDUCATION AT WORK,Tax Specialist,PL2,Chat,New Hire,30-60 days,26-Mar,5,9,9,9,0,0,0,0,5834.733339,200,0,0
TTL Assisted Consumer,EDUCATION AT WORK,Tax Specialist,PL2,Phone,New Hire,90-120 days,After Season,0,0,0,0,115.67,147.51,0,0,26.8,2,0,0
TTL Assisted Consumer,EDUCATION AT WORK,Tax Specialist,PL2,Phone,Re-Hire,60-90 days,After Season,0,0,0,0,1.88,2.37,0,0,0,0,0,0
TTL Assisted Consumer,EDUCATION AT WORK,Tax Specialist,PL2,Phone,New Hire,60-90 days,After Season,0,0,0,0,59.45,73.9,0,0,1.55,1,0,0
TTL Assisted Consumer,EDUCATION AT WORK,Tax Specialist,PL2,Phone,Re-Hire,90-120 days,After Season,0,0,0,0,17.16,21.29,0,0,0,0,0,0
TTL Assisted Consumer,FOUNDEVER,Tax Specialist,PL1,Phone,New Hire,30-60 days,26-Mar,0,0,0,0,2.74,3.46,0,0,15.016666,7,0,0
TTL Assisted Consumer,FOUNDEVER,Tax Specialist,PL1,Phone,Re-Hire,30-60 days,26-Mar,0,1,1,1,0.42,0.48,0,0,30.283334,2,0,0
TTL Assisted Consumer,FOUNDEVER,Tax Specialist,PL1,Phone,New Hire,< 30 days,26-Feb,0,0,0,0,0.62,1.62,0,0,14.05,3,0,0
TTL Assisted Consumer,FOUNDEVER,Tax Specialist,PL1,Phone,Re-Hire,30-60 days,26-Apr,0,0,0,0,1.94,2.1,0,0,53.583333,1,0,0
TTL Assisted Consumer,FOUNDEVER,Tax Specialist,PL1,Phone,New Hire,30-60 days,26-Apr,0,0,0,0,0.2,0.24,0,0,0,0,0,0
TTL Assisted Consumer,HIGHSPRING LLC,Tax Expert,OTHER,Phone,New Hire,90-120 days,26-Feb,0,0,0,0,0.1,0.2,0,0,0,0,0,0
TTL Assisted Consumer,HIGHSPRING LLC,Tax Associate,PL1,Chat,New Hire,< 30 days,26-Jan,2,8,4,7,0,0,0,0,3359.933332,128,0,0
TTL Assisted Consumer,HIGHSPRING LLC,Tax Associate,PL1,Chat,New Hire,30-60 days,26-Feb,29,53,38,49,0,0,0,0,24616.33333,681,0,0
TTL Assisted Consumer,HIGHSPRING LLC,Tax Associate,PL1,Chat,New Hire,< 30 days,26-Mar,31,122,83,117,0,0,0,0,86917.56667,2426,0,0
TTL Assisted Consumer,HIGHSPRING LLC,Tax Associate,PL1,Phone,New Hire,< 30 days,26-Mar,98,216,147,198,2101.14,2713.06,0,0,139499.2667,4304,0,0
TTL Assisted Consumer,HIGHSPRING LLC,Tax Associate,PL1,Chat,New Hire,60-90 days,26-Mar,10,13,10,13,0,0,0,0,5655.883326,226,0,0
TTL Assisted Consumer,HIGHSPRING LLC,Tax Associate,PL1,Chat,New Hire,30-60 days,26-Mar,134,370,241,350,0,0,0,0,206380.6333,6779,0,0
TTL Assisted Consumer,HIGHSPRING LLC,Tax Associate,PL1,Chat,New Hire,30-60 days,26-Apr,13,29,21,27,0,0,0,0,17855.18334,509,0,0
TTL Assisted Consumer,HIGHSPRING LLC,Tax Associate,PL1,Phone,New Hire,< 30 days,Before Season,1,1,1,1,3.57,4.19,0,0,239.966667,10,0,0
TTL Assisted Consumer,HIGHSPRING LLC,Tax Associate,PL1,Phone,New Hire,60-90 days,26-Apr,43,74,57,70,1206.24,1520.55,0,0,45520.38334,2513,0,0
TTL Assisted Consumer,HIGHSPRING LLC,Tax Associate,PL1,Chat,New Hire,< 30 days,26-Apr,0,6,3,5,0,0,0,0,9170.849998,145,0,0
TTL Assisted Consumer,HIGHSPRING LLC,Tax Associate,PL1,Chat,New Hire,< 30 days,26-Feb,77,224,154,213,0,0,0,0,111855.1167,3964,0,0
TTL Assisted Consumer,HIGHSPRING LLC,Tax Associate,PL1,Phone,New Hire,< 30 days,26-Feb,272,525,374,500,4044.72,5173.2,0,0,243842.9666,8569,0,0
TTL Assisted Consumer,HIGHSPRING LLC,Tax Associate,PL1,Chat,New Hire,60-90 days,26-Apr,15,35,24,32,0,0,0,0,22552.81667,718,0,0
TTL Assisted Consumer,HIGHSPRING LLC,Tax Associate,PL1,Phone,New Hire,30-60 days,26-Mar,351,652,486,620,6179.42,7840.94,0,0,317611.45,12860,0,0
TTL Assisted Consumer,HIGHSPRING LLC,Tax Associate,PL1,Phone,New Hire,30-60 days,26-Feb,110,148,130,144,877.61,1073.85,0,0,41363.51666,1854,0,0
TTL Assisted Consumer,HIGHSPRING LLC,Tax Associate,PL1,Chat,New Hire,< 30 days,Before Season,0,0,0,0,0,0,0,0,511.199999,12,0,0
TTL Assisted Consumer,HIGHSPRING LLC,Tax Associate,PL1,Phone,New Hire,< 30 days,26-Apr,0,8,3,7,133.18,170.87,0,0,7902.933343,246,0,0
TTL Assisted Consumer,HIGHSPRING LLC,Tax Associate,PL1,Phone,New Hire,60-90 days,After Season,0,0,0,0,45.42,58.25,0,0,0,0,0,0
TTL Assisted Consumer,HIGHSPRING LLC,Tax Associate,PL1,Phone,New Hire,30-60 days,26-Apr,29,52,40,50,698.26,884.88,0,0,38960.79999,1404,0,0
TTL Assisted Consumer,HIGHSPRING LLC,Tax Associate,PL1,Phone,New Hire,60-90 days,26-Mar,11,24,19,24,242.65,300.47,0,0,11422.43334,499,0,0
TTL Assisted Consumer,HIGHSPRING LLC,Tax Associate,PL1,Phone,New Hire,< 30 days,26-Jan,20,24,20,22,161.34,198.23,0,0,7718.350009,322,0,0
TTL Assisted Consumer,HIGHSPRING LLC,Tax Associate,PL1,Phone,New Hire,30-60 days,After Season,0,0,0,0,17.59,24.36,0,0,0,0,0,0
TTL Assisted Consumer,HIGHSPRING LLC,Tax Expert,PL1,Chat,New Hire,30-60 days,26-Mar,10,17,14,17,0,0,0,0,6520.550001,246,0,0
TTL Assisted Consumer,HIGHSPRING LLC,Tax Expert,PL1,Chat,New Hire,30-60 days,26-Feb,4,4,3,3,0,0,0,0,1414.033332,56,0,0
TTL Assisted Consumer,HIGHSPRING LLC,Tax Expert,PL1,Chat,New Hire,< 30 days,Before Season,0,0,0,0,0,0,0,0,19.7,1,0,0
TTL Assisted Consumer,HIGHSPRING LLC,Tax Expert,PL1,Phone,New Hire,60-90 days,26-Mar,0,0,0,0,1.05,1.07,0,0,44.9,2,0,0
TTL Assisted Consumer,HIGHSPRING LLC,Tax Expert,PL1,Chat,New Hire,< 30 days,26-Feb,10,17,12,16,0,0,0,0,6083.199998,176,0,0
TTL Assisted Consumer,HIGHSPRING LLC,Tax Expert,PL1,Chat,New Hire,< 30 days,26-Mar,1,3,2,3,0,0,0,0,3546.699996,98,0,0
TTL Assisted Consumer,HIGHSPRING LLC,Tax Expert,PL1,Phone,New Hire,< 30 days,26-Jan,2,2,2,2,14.31,16.7,0,0,556.466666,29,0,0
TTL Assisted Consumer,HIGHSPRING LLC,Tax Expert,PL1,Phone,New Hire,60-90 days,26-Apr,1,2,2,2,14.28,15.46,0,0,437.016668,24,0,0
TTL Assisted Consumer,HIGHSPRING LLC,Tax Expert,PL1,Chat,New Hire,60-90 days,26-Apr,0,0,0,0,0,0,0,0,182.683333,7,0,0
TTL Assisted Consumer,HIGHSPRING LLC,Tax Expert,PL1,Phone,New Hire,30-60 days,26-Mar,11,21,15,21,235.91,308.59,0,0,13439.15001,544,0,0
TTL Assisted Consumer,HIGHSPRING LLC,Tax Expert,PL1,Phone,New Hire,30-60 days,26-Feb,2,4,2,4,57.71,68.82,0,0,5073.733332,117,0,0
TTL Assisted Consumer,HIGHSPRING LLC,Tax Expert,PL1,Phone,New Hire,< 30 days,26-Mar,3,6,3,6,75.67,97.33,0,0,4825.883332,161,0,0
TTL Assisted Consumer,HIGHSPRING LLC,Tax Expert,PL1,Chat,New Hire,< 30 days,26-Jan,0,0,0,0,0,0,0,0,390.2,10,0,0
TTL Assisted Consumer,HIGHSPRING LLC,Tax Expert,PL1,Phone,New Hire,< 30 days,Before Season,0,0,0,0,0,0,0,0,0.616667,1,0,0
TTL Assisted Consumer,HIGHSPRING LLC,Tax Expert,PL1,Phone,New Hire,< 30 days,26-Feb,25,37,33,36,258.81,324.55,0,0,14139.54999,525,0,0
TTL Assisted Consumer,HIGHSPRING LLC,Tax Associate,PL2,Chat,New Hire,< 30 days,26-Mar,5,37,21,35,0,0,0,0,18747.83333,422,0,0
TTL Assisted Consumer,HIGHSPRING LLC,Tax Associate,PL2,Phone,New Hire,< 30 days,26-Mar,39,77,58,73,850.23,1083.53,0,0,51483.99998,1679,0,0
TTL Assisted Consumer,HIGHSPRING LLC,Tax Associate,PL2,Chat,New Hire,30-60 days,26-Mar,22,79,49,74,0,0,0,0,59023.53334,1929,0,0
TTL Assisted Consumer,HIGHSPRING LLC,Tax Associate,PL2,Phone,New Hire,90-120 days,26-Apr,3,7,5,6,210.33,254.07,0,0,7116.183333,423,0,0
TTL Assisted Consumer,HIGHSPRING LLC,Tax Associate,PL2,Chat,New Hire,< 30 days,26-Jan,0,0,0,0,0,0,0,0,704.016664,45,0,0
TTL Assisted Consumer,HIGHSPRING LLC,Tax Associate,PL2,Phone,New Hire,< 30 days,26-Apr,13,17,13,16,286.1,367.36,0,0,12838.3,533,0,0
TTL Assisted Consumer,HIGHSPRING LLC,Tax Associate,PL2,Chat,New Hire,< 30 days,Before Season,0,0,0,0,0,0,0,0,132.116667,6,0,0
TTL Assisted Consumer,HIGHSPRING LLC,Tax Associate,PL2,Phone,New Hire,< 30 days,26-Feb,20,48,29,42,422.45,536.65,0,0,27883.39999,847,0,0
TTL Assisted Consumer,HIGHSPRING LLC,Tax Associate,PL2,Chat,New Hire,60-90 days,26-Mar,10,15,13,15,0,0,0,0,6229.166669,289,0,0
TTL Assisted Consumer,HIGHSPRING LLC,Tax Associate,PL2,Chat,New Hire,< 30 days,26-Feb,4,16,12,15,0,0,0,0,11710.25001,270,0,0
TTL Assisted Consumer,HIGHSPRING LLC,Tax Associate,PL2,Phone,New Hire,< 30 days,Before Season,0,0,0,0,1.08,1.42,0,0,94.783333,2,0,0
TTL Assisted Consumer,HIGHSPRING LLC,Tax Associate,PL2,Phone,New Hire,30-60 days,26-Mar,178,274,217,260,2988.91,3725.29,0,0,150113.3833,6044,0,0
TTL Assisted Consumer,HIGHSPRING LLC,Tax Associate,PL2,Chat,New Hire,30-60 days,26-Apr,15,33,22,30,0,0,0,0,20609.61667,823,0,0
TTL Assisted Consumer,HIGHSPRING LLC,Tax Associate,PL2,Chat,New Hire,< 30 days,26-Apr,4,6,4,6,0,0,0,0,3741.350001,237,0,0
TTL Assisted Consumer,HIGHSPRING LLC,Tax Associate,PL2,Chat,New Hire,90-120 days,26-Apr,0,2,1,2,0,0,0,0,1491.400003,83,0,0
TTL Assisted Consumer,HIGHSPRING LLC,Tax Associate,PL2,Phone,New Hire,60-90 days,26-Apr,126,186,151,173,2703.87,3296.8,0,0,102597.4667,5139,0,0
TTL Assisted Consumer,HIGHSPRING LLC,Tax Associate,PL2,Phone,New Hire,30-60 days,26-Feb,15,18,14,16,155.8,186.43,0,0,7417.766678,317,0,0
TTL Assisted Consumer,HIGHSPRING LLC,Tax Associate,PL2,Chat,New Hire,30-60 days,26-Feb,3,9,7,9,0,0,0,0,1926.833334,91,0,0
TTL Assisted Consumer,HIGHSPRING LLC,Tax Associate,PL2,Phone,New Hire,30-60 days,26-Apr,94,123,107,117,1309.22,1604.45,0,0,65831.15001,2465,0,0
TTL Assisted Consumer,HIGHSPRING LLC,Tax Associate,PL2,Phone,New Hire,30-60 days,After Season,0,0,0,0,17.8,22.07,0,0,0,0,0,0
TTL Assisted Consumer,HIGHSPRING LLC,Tax Associate,PL2,Phone,New Hire,< 30 days,26-Jan,4,5,3,4,53.57,70.09,0,0,3092.216667,104,0,0
TTL Assisted Consumer,HIGHSPRING LLC,Tax Associate,PL2,Phone,New Hire,60-90 days,After Season,0,0,0,0,78.13,97.8,0,0,0,0,0,0
TTL Assisted Consumer,HIGHSPRING LLC,Tax Associate,PL2,Phone,New Hire,60-90 days,26-Mar,49,70,56,65,588.85,717.17,0,0,25796.05001,1177,0,0
TTL Assisted Consumer,HIGHSPRING LLC,Tax Associate,PL2,Phone,New Hire,< 30 days,After Season,0,0,0,0,1.95,2.29,0,0,0,0,0,0
TTL Assisted Consumer,HIGHSPRING LLC,Tax Associate,PL2,Chat,New Hire,60-90 days,26-Apr,24,40,28,35,0,0,0,0,29440.93334,1386,0,0
TTL Assisted Consumer,HIGHSPRING LLC,Tax Associate,PL2,Phone,New Hire,90-120 days,After Season,0,0,0,0,10.43,12.19,0,0,0,0,0,0
TTL Assisted Consumer,HIGHSPRING LLC,Tax Expert,PL2,Phone,New Hire,30-60 days,26-Mar,25,46,37,45,411.4,533.6,0,0,19148.76668,801,0,0
TTL Assisted Consumer,HIGHSPRING LLC,Tax Expert,PL2,Phone,New Hire,90-120 days,26-Apr,1,1,1,1,26.06,31.64,0,0,1172.450001,52,0,0
TTL Assisted Consumer,HIGHSPRING LLC,Tax Expert,PL2,Chat,New Hire,60-90 days,26-Mar,1,5,2,5,0,0,0,0,2845.966664,131,0,0
TTL Assisted Consumer,HIGHSPRING LLC,Tax Expert,PL2,Phone,New Hire,30-60 days,26-Feb,3,10,7,9,153.65,181.23,0,0,4835.383335,327,0,0
TTL Assisted Consumer,HIGHSPRING LLC,Tax Expert,PL2,Chat,New Hire,30-60 days,26-Feb,3,6,5,6,0,0,0,0,2286.316667,103,0,0
TTL Assisted Consumer,HIGHSPRING LLC,Tax Expert,PL2,Chat,New Hire,< 30 days,26-Feb,0,2,1,2,0,0,0,0,1887.133333,57,0,0
TTL Assisted Consumer,HIGHSPRING LLC,Tax Expert,PL2,Chat,New Hire,60-90 days,26-Apr,2,4,3,4,0,0,0,0,3742.466665,144,0,0
TTL Assisted Consumer,HIGHSPRING LLC,Tax Expert,PL2,Phone,New Hire,< 30 days,Before Season,0,0,0,0,2.86,3.22,0,0,54.25,7,0,0
TTL Assisted Consumer,HIGHSPRING LLC,Tax Expert,PL2,Chat,New Hire,90-120 days,26-Apr,0,0,0,0,0,0,0,0,324.75,16,0,0
TTL Assisted Consumer,HIGHSPRING LLC,Tax Expert,PL2,Phone,New Hire,< 30 days,26-Feb,10,16,11,15,158.43,192.7,0,0,8636.233338,306,0,0
TTL Assisted Consumer,HIGHSPRING LLC,Tax Expert,PL2,Chat,New Hire,< 30 days,26-Jan,0,0,0,0,0,0,0,0,265.649998,34,0,0
TTL Assisted Consumer,HIGHSPRING LLC,Tax Expert,PL2,Chat,New Hire,< 30 days,26-Mar,0,0,0,0,0,0,0,0,648.766667,26,0,0
TTL Assisted Consumer,HIGHSPRING LLC,Tax Expert,PL2,Phone,New Hire,< 30 days,26-Apr,0,0,0,0,5.54,6.58,0,0,167.583334,11,0,0
TTL Assisted Consumer,HIGHSPRING LLC,Tax Expert,PL2,Chat,New Hire,< 30 days,Before Season,1,1,1,1,0,0,0,0,259.633334,8,0,0
TTL Assisted Consumer,HIGHSPRING LLC,Tax Expert,PL2,Chat,New Hire,30-60 days,26-Mar,4,17,8,15,0,0,0,0,6883.33333,277,0,0
TTL Assisted Consumer,HIGHSPRING LLC,Tax Expert,PL2,Phone,New Hire,< 30 days,26-Jan,0,0,0,0,26.87,31.73,0,0,822.849998,53,0,0
TTL Assisted Consumer,HIGHSPRING LLC,Tax Expert,PL2,Phone,New Hire,60-90 days,26-Apr,18,23,14,16,255.6,329.65,0,0,13384.83334,536,0,0
TTL Assisted Consumer,HIGHSPRING LLC,Tax Expert,PL2,Phone,New Hire,60-90 days,26-Mar,16,21,20,21,152.54,184.63,0,0,6192.200006,296,0,0
TTL Assisted Consumer,HIGHSPRING LLC,Tax Expert,PL2,Chat,New Hire,30-60 days,26-Apr,3,3,3,3,0,0,0,0,2820.616673,119,0,0
TTL Assisted Consumer,HIGHSPRING LLC,Tax Expert,PL2,Phone,New Hire,30-60 days,26-Apr,4,6,6,6,97.63,122.33,0,0,3947.333331,198,0,0
TTL Assisted Consumer,HIGHSPRING LLC,Tax Expert,PL2,Chat,New Hire,< 30 days,26-Apr,0,0,0,0,0,0,0,0,3.216667,1,0,0
TTL Assisted Consumer,HIGHSPRING LLC,Tax Expert,PL2,Phone,New Hire,< 30 days,26-Mar,5,9,7,9,65.77,81.83,0,0,2944.55,128,0,0
TTL Assisted Consumer,HIGHSPRING LLC,Tax Expert,PL2,Phone,New Hire,60-90 days,After Season,0,0,0,0,8.12,10.69,0,0,0,0,0,0
TTL Assisted Consumer,HIGHSPRING LLC,Tax Expert,PL2,Phone,New Hire,30-60 days,After Season,0,0,0,0,1.34,1.52,0,0,0,0,0,0
TTL Assisted Consumer,HIGHSPRING LLC,Tax Expert,PL2,Phone,New Hire,90-120 days,After Season,0,0,0,0,0.57,0.67,0,0,0,0,0,0
TTL Assisted Consumer,HIGHSPRING LLC,Tax Associate,PL3,Chat,New Hire,60-90 days,26-Apr,3,5,4,5,0,0,0,0,1329.683334,52,0,0
TTL Assisted Consumer,HIGHSPRING LLC,Tax Associate,PL3,Chat,New Hire,60-90 days,26-Mar,0,0,0,0,0,0,0,0,194.783334,9,0,0
TTL Assisted Consumer,HIGHSPRING LLC,Tax Associate,PL3,Chat,New Hire,90-120 days,26-Apr,0,0,0,0,0,0,0,0,62.683334,5,0,0
TTL Assisted Consumer,HIGHSPRING LLC,Tax Associate,PL3,Phone,New Hire,< 30 days,26-Apr,2,2,2,2,4.98,6.14,0,0,283.050001,9,0,0
TTL Assisted Consumer,HIGHSPRING LLC,Tax Associate,PL3,Phone,New Hire,30-60 days,26-Apr,1,2,2,2,50.21,62.47,0,0,1662.566667,93,0,0
TTL Assisted Consumer,HIGHSPRING LLC,Tax Associate,PL3,Chat,New Hire,30-60 days,26-Mar,0,2,1,2,0,0,0,0,1072.866669,49,0,0
TTL Assisted Consumer,HIGHSPRING LLC,Tax Associate,PL3,Phone,New Hire,60-90 days,26-Mar,1,1,1,1,23.39,30.26,0,0,1367.683329,61,0,0
TTL Assisted Consumer,HIGHSPRING LLC,Tax Associate,PL3,Phone,New Hire,< 30 days,26-Feb,2,4,3,4,70.78,90.51,0,0,6710.583338,143,0,0
TTL Assisted Consumer,HIGHSPRING LLC,Tax Associate,PL3,Chat,New Hire,30-60 days,26-Apr,-1,3,1,3,0,0,0,0,1134.833331,44,0,0
TTL Assisted Consumer,HIGHSPRING LLC,Tax Associate,PL3,Phone,New Hire,90-120 days,26-Apr,0,0,0,0,12.57,14.95,0,0,360.116665,23,0,0
TTL Assisted Consumer,HIGHSPRING LLC,Tax Associate,PL3,Phone,New Hire,< 30 days,26-Jan,0,0,0,0,2.57,3.79,0,0,25.016667,5,0,0
TTL Assisted Consumer,HIGHSPRING LLC,Tax Associate,PL3,Phone,New Hire,60-90 days,26-Apr,2,4,3,4,61.38,77.07,0,0,2122.866665,127,0,0
TTL Assisted Consumer,HIGHSPRING LLC,Tax Associate,PL3,Phone,New Hire,< 30 days,26-Mar,1,3,3,3,38.43,45.79,0,0,3467.483334,68,0,0
TTL Assisted Consumer,HIGHSPRING LLC,Tax Associate,PL3,Chat,New Hire,< 30 days,26-Feb,3,4,3,4,0,0,0,0,1839.05,75,0,0
TTL Assisted Consumer,HIGHSPRING LLC,Tax Associate,PL3,Phone,New Hire,30-60 days,26-Feb,-2,2,1,2,14.25,16.72,0,0,466.4,25,0,0
TTL Assisted Consumer,HIGHSPRING LLC,Tax Associate,PL3,Phone,New Hire,30-60 days,26-Mar,3,4,4,4,123.32,150.76,0,0,5607.900001,271,0,0
TTL Assisted Consumer,HIGHSPRING LLC,Tax Associate,PL3,Chat,New Hire,< 30 days,26-Mar,1,1,1,1,0,0,0,0,814.950001,21,0,0
TTL Assisted Consumer,HIGHSPRING LLC,Tax Associate,PL3,Chat,New Hire,30-60 days,26-Feb,-1,3,1,3,0,0,0,0,578.183332,17,0,0
TTL Assisted Consumer,HIGHSPRING LLC,Tax Associate,PL3,Chat,New Hire,< 30 days,26-Apr,0,0,0,0,0,0,0,0,1187.133334,7,0,0
TTL Assisted Consumer,HIGHSPRING LLC,Tax Associate,PL3,Phone,New Hire,30-60 days,After Season,0,0,0,0,1.14,1.77,0,0,0,0,0,0
TTL Assisted Consumer,HIGHSPRING LLC,Tax Associate,PL3,Phone,New Hire,60-90 days,After Season,0,0,0,0,5.82,6.99,0,0,0,0,0,0
TTL Assisted Consumer,HIGHSPRING LLC,Tax Associate,PL3,Chat,New Hire,< 30 days,26-Jan,0,0,0,0,0,0,0,0,33.25,5,0,0
TTL Assisted Consumer,HIGHSPRING LLC,Tax Expert,PL3,Chat,New Hire,30-60 days,26-Mar,0,0,0,0,0,0,0,0,82.05,2,0,0
TTL Assisted Consumer,HIGHSPRING LLC,Tax Expert,PL3,Chat,New Hire,60-90 days,26-Mar,0,0,0,0,0,0,0,0,23.2,2,0,0
TTL Assisted Consumer,HIGHSPRING LLC,Tax Expert,PL3,Phone,New Hire,60-90 days,26-Apr,1,1,1,1,10.2,11.26,0,0,278.85,16,0,0
TTL Assisted Consumer,HIGHSPRING LLC,Tax Expert,PL3,Phone,New Hire,< 30 days,26-Apr,0,0,0,0,10.05,12.14,0,0,194.066665,19,0,0
TTL Assisted Consumer,HIGHSPRING LLC,Tax Expert,PL3,Phone,New Hire,30-60 days,26-Apr,1,1,1,1,26.67,31.54,0,0,730.033334,53,0,0
TTL Assisted Consumer,HIGHSPRING LLC,Tax Expert,PL3,Phone,New Hire,90-120 days,26-Apr,0,0,0,0,4.43,5.8,0,0,429.133334,8,0,0
TTL Assisted Consumer,HIGHSPRING LLC,Tax Expert,PL3,Phone,New Hire,< 30 days,26-Mar,0,0,0,0,24.04,31.34,0,0,5420.400003,52,0,0
TTL Assisted Consumer,HIGHSPRING LLC,Tax Expert,PL3,Chat,New Hire,90-120 days,26-Apr,0,0,0,0,0,0,0,0,22.8,1,0,0
TTL Assisted Consumer,HIGHSPRING LLC,Tax Expert,PL3,Chat,New Hire,60-90 days,26-Apr,0,0,0,0,0,0,0,0,301.400002,12,0,0
TTL Assisted Consumer,HIGHSPRING LLC,Tax Expert,PL3,Phone,New Hire,60-90 days,26-Mar,1,1,1,1,13.5,15.69,0,0,406.566666,17,0,0
TTL Assisted Consumer,HIGHSPRING LLC,Tax Expert,PL3,Chat,New Hire,< 30 days,26-Apr,0,0,0,0,0,0,0,0,175.45,7,0,0
TTL Assisted Consumer,HIGHSPRING LLC,Tax Expert,PL3,Chat,New Hire,30-60 days,26-Apr,0,0,0,0,0,0,0,0,176.183334,14,0,0
TTL Assisted Consumer,HIGHSPRING LLC,Tax Expert,PL3,Chat,New Hire,< 30 days,26-Mar,-1,1,0,1,0,0,0,0,217.316666,10,0,0
TTL Assisted Consumer,HIGHSPRING LLC,Tax Expert,PL3,Phone,New Hire,90-120 days,After Season,0,0,0,0,1.14,1.34,0,0,0,0,0,0
TTL Assisted Consumer,HIGHSPRING LLC,Tax Expert,PL3,Phone,New Hire,30-60 days,26-Mar,0,0,0,0,3.04,3.61,0,0,1574,7,0,0
TTL Assisted Consumer,HIGHSPRING LLC,Tax Expert,PL3,Phone,New Hire,30-60 days,After Season,0,0,0,0,2.63,3.43,0,0,0,0,0,0
TTL Assisted Consumer,HIGHSPRING LLC,Tax Associate,PL4,Phone,New Hire,90-120 days,26-Apr,0,0,0,0,30.49,37.26,0,0,1007.466665,69,0,0
TTL Assisted Consumer,HIGHSPRING LLC,Tax Associate,PL4,Chat,New Hire,90-120 days,26-Apr,0,0,0,0,0,0,0,0,244.016666,3,0,0
TTL Assisted Consumer,HIGHSPRING LLC,Tax Associate,PL4,Phone,New Hire,< 30 days,26-Jan,1,1,1,1,5.44,5.92,0,0,527.649999,12,0,0
TTL Assisted Consumer,HIGHSPRING LLC,Tax Associate,PL4,Chat,New Hire,60-90 days,26-Mar,0,1,1,1,0,0,0,0,460.516666,15,0,0
TTL Assisted Consumer,HIGHSPRING LLC,Tax Associate,PL4,Phone,New Hire,30-60 days,26-Apr,3,3,2,2,36.61,44.9,0,0,1596.483333,76,0,0
TTL Assisted Consumer,HIGHSPRING LLC,Tax Associate,PL4,Chat,New Hire,60-90 days,26-Apr,2,5,3,4,0,0,0,0,3631.399998,182,0,0
TTL Assisted Consumer,HIGHSPRING LLC,Tax Associate,PL4,Phone,New Hire,30-60 days,26-Feb,0,0,0,0,64.86,80.66,0,0,5699.666671,163,0,0
TTL Assisted Consumer,HIGHSPRING LLC,Tax Associate,PL4,Phone,New Hire,< 30 days,26-Feb,0,8,4,6,193.44,232.37,0,0,11789.36667,415,0,0
TTL Assisted Consumer,HIGHSPRING LLC,Tax Associate,PL4,Chat,New Hire,30-60 days,26-Apr,1,1,1,1,0,0,0,0,722.449999,19,0,0
TTL Assisted Consumer,HIGHSPRING LLC,Tax Associate,PL4,Phone,New Hire,30-60 days,26-Mar,8,18,13,16,573.29,720.08,0,0,47468.55001,1358,0,0
TTL Assisted Consumer,HIGHSPRING LLC,Tax Associate,PL4,Phone,New Hire,60-90 days,26-Apr,7,11,9,10,300.39,379.17,0,0,10550.73333,620,0,0
TTL Assisted Consumer,HIGHSPRING LLC,Tax Associate,PL4,Chat,New Hire,30-60 days,26-Feb,0,0,0,0,0,0,0,0,155.366667,8,0,0
TTL Assisted Consumer,HIGHSPRING LLC,Tax Associate,PL4,Chat,New Hire,< 30 days,26-Jan,0,0,0,0,0,0,0,0,83.183333,4,0,0
TTL Assisted Consumer,HIGHSPRING LLC,Tax Associate,PL4,Phone,New Hire,60-90 days,26-Mar,1,2,1,2,82.28,101.06,0,0,3497.133336,199,0,0
TTL Assisted Consumer,HIGHSPRING LLC,Tax Associate,PL4,Chat,New Hire,30-60 days,26-Mar,-2,12,6,10,0,0,0,0,4919.333327,231,0,0
TTL Assisted Consumer,HIGHSPRING LLC,Tax Associate,PL4,Phone,New Hire,60-90 days,After Season,0,0,0,0,9.84,11.94,0,0,0,0,0,0
TTL Assisted Consumer,HIGHSPRING LLC,Tax Associate,PL4,Chat,New Hire,< 30 days,26-Mar,-1,1,0,1,0,0,0,0,2574.333331,29,0,0
TTL Assisted Consumer,HIGHSPRING LLC,Tax Associate,PL4,Phone,New Hire,90-120 days,After Season,0,0,0,0,0.4,0.4,0,0,0,0,0,0
TTL Assisted Consumer,HIGHSPRING LLC,Tax Associate,PL4,Chat,New Hire,< 30 days,26-Feb,1,4,3,4,0,0,0,0,1914.883335,62,0,0
TTL Assisted Consumer,HIGHSPRING LLC,Tax Associate,PL4,Chat,New Hire,< 30 days,Before Season,1,1,1,1,0,0,0,0,96.833333,2,0,0
TTL Assisted Consumer,HIGHSPRING LLC,Tax Associate,PL4,Phone,New Hire,< 30 days,26-Mar,-1,1,0,1,24.4,32.68,0,0,4332.650002,72,0,0
TTL Assisted Consumer,HIGHSPRING LLC,Tax Associate,PL4,Phone,New Hire,< 30 days,Before Season,0,0,0,0,0.71,0.71,0,0,122.716667,4,0,0
TTL Assisted Consumer,HIGHSPRING LLC,Tax Expert,PL4,Phone,New Hire,30-60 days,26-Mar,2,2,2,2,81.25,99.67,0,0,3278.366669,184,0,0
TTL Assisted Consumer,HIGHSPRING LLC,Tax Expert,PL4,Phone,New Hire,< 30 days,26-Mar,2,2,2,2,52.35,69.39,0,0,2119.833333,122,0,0
TTL Assisted Consumer,HIGHSPRING LLC,Tax Expert,PL4,Chat,New Hire,< 30 days,26-Mar,0,0,0,0,0,0,0,0,157.833333,9,0,0
TTL Assisted Consumer,HIGHSPRING LLC,Tax Expert,PL4,Phone,New Hire,90-120 days,26-Apr,0,0,0,0,54.43,65.64,0,0,1676.800004,107,0,0
TTL Assisted Consumer,HIGHSPRING LLC,Tax Expert,PL4,Chat,New Hire,90-120 days,26-Apr,4,4,4,4,0,0,0,0,850.483331,37,0,0
TTL Assisted Consumer,HIGHSPRING LLC,Tax Expert,PL4,Phone,New Hire,60-90 days,26-Mar,4,4,4,4,72.82,87.29,0,0,3734.399998,158,0,0
TTL Assisted Consumer,HIGHSPRING LLC,Tax Expert,PL4,Chat,New Hire,30-60 days,26-Apr,2,2,1,1,0,0,0,0,879.466665,37,0,0
TTL Assisted Consumer,HIGHSPRING LLC,Tax Expert,PL4,Chat,New Hire,< 30 days,26-Jan,0,0,0,0,0,0,0,0,558.200001,9,0,0
TTL Assisted Consumer,HIGHSPRING LLC,Tax Expert,PL4,Chat,New Hire,30-60 days,26-Mar,0,0,0,0,0,0,0,0,363.933334,17,0,0
TTL Assisted Consumer,HIGHSPRING LLC,Tax Expert,PL4,Chat,New Hire,30-60 days,26-Feb,0,2,1,2,0,0,0,0,482.266665,19,0,0
TTL Assisted Consumer,HIGHSPRING LLC,Tax Expert,PL4,Chat,New Hire,< 30 days,26-Feb,0,0,0,0,0,0,0,0,4661.05,10,0,0
TTL Assisted Consumer,HIGHSPRING LLC,Tax Expert,PL4,Phone,New Hire,< 30 days,26-Jan,1,1,1,1,16.22,18.4,0,0,793.650001,29,0,0
TTL Assisted Consumer,HIGHSPRING LLC,Tax Expert,PL4,Chat,New Hire,60-90 days,26-Apr,3,3,2,2,0,0,0,0,934.316668,37,0,0
TTL Assisted Consumer,HIGHSPRING LLC,Tax Expert,PL4,Phone,New Hire,60-90 days,26-Apr,6,7,7,7,58.7,73.63,0,0,2463.883334,118,0,0
TTL Assisted Consumer,HIGHSPRING LLC,Tax Expert,PL4,Phone,New Hire,< 30 days,26-Feb,2,2,2,2,61.95,75.94,0,0,3201.583334,138,0,0
TTL Assisted Consumer,HIGHSPRING LLC,Tax Expert,PL4,Phone,New Hire,< 30 days,26-Apr,-1,1,0,1,17.05,21.92,0,0,490.783334,31,0,0
TTL Assisted Consumer,HIGHSPRING LLC,Tax Expert,PL4,Chat,New Hire,< 30 days,26-Apr,0,0,0,0,0,0,0,0,119.533332,7,0,0
TTL Assisted Consumer,HIGHSPRING LLC,Tax Expert,PL4,Phone,New Hire,30-60 days,26-Feb,2,3,3,3,112.35,131.67,0,0,5007.583338,227,0,0
TTL Assisted Consumer,HIGHSPRING LLC,Tax Expert,PL4,Chat,New Hire,60-90 days,26-Mar,2,4,3,3,0,0,0,0,828.766668,29,0,0
TTL Assisted Consumer,HIGHSPRING LLC,Tax Expert,PL4,Phone,New Hire,30-60 days,26-Apr,2,2,1,1,63.44,81.64,0,0,2923.033327,139,0,0
TTL Assisted Consumer,HIGHSPRING LLC,Tax Expert,PL4,Phone,New Hire,30-60 days,After Season,0,0,0,0,2.06,2.45,0,0,0,0,0,0
TTL Assisted Consumer,HIGHSPRING LLC,Tax Expert,PL4,Phone,New Hire,60-90 days,After Season,0,0,0,0,2.03,2.69,0,0,0,0,0,0
TTL Assisted Consumer,HIGHSPRING LLC,Tax Expert,PL4,Phone,New Hire,90-120 days,After Season,0,0,0,0,4.54,4.9,0,0,0,0,0,0
TTL Assisted Consumer,HIGHSPRING LLC,Tax Associate,TTLA,Phone,New Hire,90-120 days,26-Mar,10,23,14,20,290.1,374.86,0,0,11866.6,630,0,0
TTL Assisted Consumer,HIGHSPRING LLC,Tax Associate,TTLA,Chat,New Hire,120+ days,26-Apr,-1,1,0,1,0,0,0,0,431.699999,27,0,0
TTL Assisted Consumer,HIGHSPRING LLC,Tax Associate,TTLA,Chat,New Hire,90-120 days,26-Mar,5,22,13,19,0,0,0,0,4703.96667,278,0,0
TTL Assisted Consumer,HIGHSPRING LLC,Tax Associate,TTLA,Phone,New Hire,90-120 days,26-Apr,5,6,6,6,52.2,68.35,0,0,1863.416666,99,0,0
TTL Assisted Consumer,HIGHSPRING LLC,Tax Associate,TTLA,Phone,New Hire,120+ days,26-Apr,1,2,1,2,25.46,31.98,0,0,986.366668,46,0,0
TTL Assisted Consumer,HIGHSPRING LLC,Tax Associate,TTLA,Chat,New Hire,120+ days,26-Mar,0,0,0,0,0,0,0,0,316.283332,20,0,0
TTL Assisted Consumer,HIGHSPRING LLC,Tax Associate,TTLA,Chat,New Hire,90-120 days,26-Apr,1,3,2,3,0,0,0,0,796.33334,47,0,0
TTL Assisted Consumer,HIGHSPRING LLC,Tax Associate,TTLA,Phone,New Hire,120+ days,26-Mar,0,0,0,0,8.84,11.58,0,0,322.866668,29,0,0
TTL Assisted Consumer,HIGHSPRING LLC,Tax Associate,TTLA,Phone,New Hire,60-90 days,26-Mar,0,0,0,0,0.2,0.2,0,0,0.216667,1,0,0
TTL Assisted Consumer,HIGHSPRING LLC,Tax Expert,TTLA,Chat,New Hire,120+ days,26-Mar,6,14,10,14,0,0,0,0,8657.349998,344,0,0
TTL Assisted Consumer,HIGHSPRING LLC,Tax Expert,TTLA,Chat,New Hire,120+ days,26-Apr,23,37,34,37,0,0,0,0,27731.56666,955,0,0
TTL Assisted Consumer,HIGHSPRING LLC,Tax Expert,TTLA,Phone,New Hire,90-120 days,26-Mar,72,100,85,97,747.85,948.9,0,0,36679.43333,1652,0,0
TTL Assisted Consumer,HIGHSPRING LLC,Tax Expert,TTLA,Phone,New Hire,90-120 days,26-Apr,4,4,4,4,27.26,33.29,0,0,1592.066664,51,0,0
TTL Assisted Consumer,HIGHSPRING LLC,Tax Expert,TTLA,Phone,New Hire,120+ days,26-Mar,32,51,40,49,457.79,603.42,0,0,17206.66665,967,0,0
TTL Assisted Consumer,HIGHSPRING LLC,Tax Expert,TTLA,Phone,New Hire,120+ days,26-Apr,52,83,62,78,868.25,1114.6,0,0,35129.38333,1682,0,0
TTL Assisted Consumer,HIGHSPRING LLC,Tax Expert,TTLA,Chat,New Hire,90-120 days,26-Apr,1,1,1,1,0,0,0,0,2203.5,41,0,0
TTL Assisted Consumer,HIGHSPRING LLC,Tax Expert,TTLA,Chat,New Hire,90-120 days,26-Mar,30,58,44,56,0,0,0,0,26000.9,902,0,0
TTL Assisted Consumer,HIGHSPRING LLC,Tax Expert,TTLA,Phone,New Hire,120+ days,After Season,0,0,0,0,26.97,33.15,0,0,0,0,0,0
TTL Assisted Consumer,HIGHSPRING LLC,Tax Associate,UNKNOWN,Phone,New Hire,30-60 days,26-Mar,0,0,0,0,5.03,7.46,0,0,0,0,0,0
TTL Assisted Consumer,HIGHSPRING LLC,Tax Expert,UNKNOWN,Phone,New Hire,60-90 days,26-Mar,0,0,0,0,0.85,1.42,0,0,0,0,0,0
TTL Assisted Consumer,HIGHSPRING LLC,Tax Expert,UNKNOWN,Phone,New Hire,30-60 days,26-Mar,0,0,0,0,0.22,0.71,0,0,0,0,0,0
TTL Assisted Consumer,INTUIT,Tax Associate,OTHER,Phone,Re-Hire,120+ days,26-Mar,20,29,21,25,250.55,309.28,0,0,7723.799999,393,0,0
TTL Assisted Consumer,INTUIT,Tax Associate,OTHER,Phone,Re-Hire,30-60 days,26-Jan,8,8,8,8,0,0,0,0,1298.450002,68,0,0
TTL Assisted Consumer,INTUIT,Tax Associate,OTHER,Phone,Re-Hire,90-120 days,26-Apr,1,1,1,1,4.51,5.38,0,0,319.783332,21,0,0
TTL Assisted Consumer,INTUIT,Tax Associate,OTHER,Phone,New Hire,30-60 days,26-Mar,-1,1,0,1,0,0,0,0,723.083335,24,0,0
TTL Assisted Consumer,INTUIT,Tax Associate,OTHER,Chat,Re-Hire,30-60 days,26-Jan,1,1,1,1,0,0,0,0,229.983333,20,0,0
TTL Assisted Consumer,INTUIT,Tax Associate,OTHER,Chat,Re-Hire,< 30 days,26-Feb,0,0,0,0,0,0,0,0,409.666667,14,0,0
TTL Assisted Consumer,INTUIT,Tax Associate,OTHER,Chat,Re-Hire,30-60 days,26-Mar,0,0,0,0,0.22,0.24,0,0,0.6,1,0,0
TTL Assisted Consumer,INTUIT,Tax Associate,OTHER,Chat,New Hire,< 30 days,26-Mar,0,0,0,0,0,0,0,0,997.916667,11,0,0
TTL Assisted Consumer,INTUIT,Tax Associate,OTHER,Chat,Re-Hire,60-90 days,26-Apr,0,0,0,0,0,0,0,0,224.1,4,0,0
TTL Assisted Consumer,INTUIT,Tax Associate,OTHER,Phone,Re-Hire,< 30 days,26-Jan,0,0,0,0,3.78,4.58,0,0,603.933332,30,0,0
TTL Assisted Consumer,INTUIT,Tax Associate,OTHER,Chat,Re-Hire,30-60 days,Before Season,2,7,3,6,0,0,0,0,3323.416666,163,0,0
TTL Assisted Consumer,INTUIT,Tax Associate,OTHER,Chat,Re-Hire,120+ days,26-Apr,6,12,8,12,0,0,0,0,8358.750009,422,0,0
TTL Assisted Consumer,INTUIT,Tax Associate,OTHER,Phone,Re-Hire,120+ days,26-Feb,22,28,25,28,162.16,199.67,0,0,2951.449996,154,0,0
TTL Assisted Consumer,INTUIT,Tax Associate,OTHER,Chat,New Hire,90-120 days,26-Apr,0,0,0,0,0,0,0,0,178.466667,4,0,0
TTL Assisted Consumer,INTUIT,Tax Associate,OTHER,Phone,Re-Hire,60-90 days,26-Apr,1,1,1,1,11.34,14.31,0,0,849.683333,32,0,0
TTL Assisted Consumer,INTUIT,Tax Associate,OTHER,Phone,Re-Hire,< 30 days,26-Feb,6,6,5,6,11.04,12.98,0,0,1089.616669,46,0,0
TTL Assisted Consumer,INTUIT,Tax Associate,OTHER,Phone,Re-Hire,60-90 days,26-Feb,0,3,2,3,0,0,0,0,331.38333,16,0,0
TTL Assisted Consumer,INTUIT,Tax Associate,OTHER,Phone,New Hire,120+ days,26-Mar,62,85,74,82,637.77,777.79,0,0,15849.15001,866,0,0
TTL Assisted Consumer,INTUIT,Tax Associate,OTHER,Chat,Re-Hire,120+ days,Before Season,6,17,12,16,0,0,0,0,12440.29999,578,0,0
TTL Assisted Consumer,INTUIT,Tax Associate,OTHER,Phone,Re-Hire,30-60 days,26-Mar,0,0,0,0,2.39,2.81,0,0,328.499999,16,0,0
TTL Assisted Consumer,INTUIT,Tax Associate,OTHER,Phone,Re-Hire,120+ days,Before Season,11,21,13,19,20.13,28.25,0,0,10024.45,496,0,0
TTL Assisted Consumer,INTUIT,Tax Associate,OTHER,Phone,Re-Hire,30-60 days,Before Season,14,20,14,18,0.2,0.69,0,0,7050.099991,408,0,0
TTL Assisted Consumer,INTUIT,Tax Associate,OTHER,Chat,New Hire,120+ days,26-Mar,6,21,15,21,0,0,0,0,9297.14999,389,0,0
TTL Assisted Consumer,INTUIT,Tax Associate,OTHER,Phone,Re-Hire,60-90 days,26-Mar,4,4,4,4,21.98,25.74,0,0,1689.166668,51,0,0
TTL Assisted Consumer,INTUIT,Tax Associate,OTHER,Phone,New Hire,< 30 days,26-Mar,1,1,1,1,0,0,0,0,572.966667,29,0,0
TTL Assisted Consumer,INTUIT,Tax Associate,OTHER,Chat,Re-Hire,60-90 days,26-Mar,1,1,1,1,0,0,0,0,185.283334,10,0,0
TTL Assisted Consumer,INTUIT,Tax Associate,OTHER,Chat,Re-Hire,30-60 days,26-Feb,3,3,3,3,0,0,0,0,591.599999,27,0,0
TTL Assisted Consumer,INTUIT,Tax Associate,OTHER,Chat,Re-Hire,120+ days,26-Mar,1,3,2,2,0,0,0,0,3592.783333,157,0,0
TTL Assisted Consumer,INTUIT,Tax Associate,OTHER,Phone,Re-Hire,120+ days,26-Apr,21,22,22,22,316.45,392.88,0,0,8843.483327,503,0,0
TTL Assisted Consumer,INTUIT,Tax Associate,OTHER,Chat,Re-Hire,90-120 days,26-Apr,0,0,0,0,0,0,0,0,131.733334,8,0,0
TTL Assisted Consumer,INTUIT,Tax Associate,OTHER,Chat,Re-Hire,< 30 days,26-Jan,0,0,0,0,0,0,0,0,153.766668,6,0,0
TTL Assisted Consumer,INTUIT,Tax Associate,OTHER,Phone,New Hire,120+ days,26-Apr,48,108,75,98,1189.53,1502.76,0,0,42221.85,2072,0,0
TTL Assisted Consumer,INTUIT,Tax Associate,OTHER,Chat,New Hire,30-60 days,26-Apr,1,1,1,1,0,0,0,0,586.016667,22,0,0
TTL Assisted Consumer,INTUIT,Tax Associate,OTHER,Phone,New Hire,90-120 days,26-Apr,0,0,0,0,1.26,1.42,0,0,266.483333,2,0,0
TTL Assisted Consumer,INTUIT,Tax Associate,OTHER,Chat,New Hire,120+ days,After Season,0,0,0,0,0,0,0,0,26.1,1,0,0
TTL Assisted Consumer,INTUIT,Tax Associate,OTHER,Chat,Re-Hire,120+ days,26-Feb,4,11,8,10,0,0,0,0,3288.366665,157,0,0
TTL Assisted Consumer,INTUIT,Tax Associate,OTHER,Phone,Re-Hire,< 30 days,Before Season,8,9,7,8,0,0,0,0,2563.433337,179,0,0
TTL Assisted Consumer,INTUIT,Tax Associate,OTHER,Phone,Re-Hire,30-60 days,26-Feb,9,11,10,11,21.36,25.25,0,0,2896.150004,100,0,0
TTL Assisted Consumer,INTUIT,Tax Associate,OTHER,Chat,New Hire,90-120 days,26-Mar,0,0,0,0,0,0,0,0,159.716667,3,0,0
TTL Assisted Consumer,INTUIT,Tax Associate,OTHER,Phone,New Hire,90-120 days,26-Mar,2,3,3,3,3.05,3.55,0,0,458.516667,5,0,0
TTL Assisted Consumer,INTUIT,Tax Associate,OTHER,Chat,New Hire,120+ days,26-Feb,11,23,19,22,0,0,0,0,9650.516658,428,0,0
TTL Assisted Consumer,INTUIT,Tax Associate,OTHER,Chat,Re-Hire,< 30 days,Before Season,1,3,2,3,0,0,0,0,1347.850001,60,0,0
TTL Assisted Consumer,INTUIT,Tax Associate,OTHER,Phone,New Hire,120+ days,After Season,0,0,0,0,100.3,127.29,0,0,0,0,0,0
TTL Assisted Consumer,INTUIT,Tax Associate,OTHER,Chat,New Hire,120+ days,26-Apr,14,57,38,53,0,0,0,0,45763.68334,1878,0,0
TTL Assisted Consumer,INTUIT,Tax Associate,OTHER,Chat,New Hire,30-60 days,26-Mar,0,0,0,0,0,0,0,0,42.65,4,0,0
TTL Assisted Consumer,INTUIT,Tax Associate,OTHER,Phone,New Hire,120+ days,26-Feb,59,83,69,78,498.89,611.81,0,0,9508.716662,511,0,0
TTL Assisted Consumer,INTUIT,Tax Associate,OTHER,Chat,New Hire,120+ days,Before Season,19,43,30,41,0,0,0,0,31199.71666,1335,0,0
TTL Assisted Consumer,INTUIT,Tax Associate,OTHER,Phone,New Hire,30-60 days,26-Apr,2,2,2,2,0,0,0,0,1284.85,39,0,0
TTL Assisted Consumer,INTUIT,Tax Associate,OTHER,Phone,Re-Hire,90-120 days,Before Season,1,1,1,1,0,0,0,0,205.833334,20,0,0
TTL Assisted Consumer,INTUIT,Tax Associate,OTHER,Chat,Re-Hire,60-90 days,26-Feb,0,0,0,0,0,0,0,0,202.050001,10,0,0
TTL Assisted Consumer,INTUIT,Tax Associate,OTHER,Chat,Re-Hire,90-120 days,Before Season,0,0,0,0,0,0,0,0,52.766667,6,0,0
TTL Assisted Consumer,INTUIT,Tax Associate,OTHER,Phone,Re-Hire,120+ days,After Season,0,0,0,0,24.35,29.66,0,0,0,0,0,0
TTL Assisted Consumer,INTUIT,Tax Associate,OTHER,Phone,Re-Hire,90-120 days,After Season,0,0,0,0,0.6,0.72,0,0,0,0,0,0
TTL Assisted Consumer,INTUIT,Tax Associate,OTHER,Phone,New Hire,120+ days,Before Season,48,75,59,69,0,0,0,0,30697.55,1127,0,0
TTL Assisted Consumer,INTUIT,Tax Associate,OTHER,Chat,Re-Hire,60-90 days,Before Season,0,0,0,0,0,0,0,0,898.833333,32,0,0
TTL Assisted Consumer,INTUIT,Tax Associate,OTHER,Phone,Re-Hire,60-90 days,Before Season,4,4,4,4,0,0,0,0,2616.93333,146,0,0
TTL Assisted Consumer,INTUIT,Tax Expert,OTHER,Phone,Re-Hire,60-90 days,26-Feb,1,1,1,1,1.77,2.13,0,0,476.450001,9,0,0
TTL Assisted Consumer,INTUIT,Tax Expert,OTHER,Phone,Re-Hire,90-120 days,26-Feb,0,0,0,0,0.71,0.71,0,0,37.133333,1,0,0
TTL Assisted Consumer,INTUIT,Tax Expert,OTHER,Phone,Re-Hire,30-60 days,26-Feb,3,3,3,3,0,0,0,0,1115.416664,43,0,0
TTL Assisted Consumer,INTUIT,Tax Expert,OTHER,Chat,Re-Hire,120+ days,Before Season,4,6,5,6,0,0,0,0,3055.199996,172,0,0
TTL Assisted Consumer,INTUIT,Tax Expert,OTHER,Chat,Re-Hire,120+ days,26-Jan,0,0,0,0,0,0,0,0,297.599999,7,0,0
TTL Assisted Consumer,INTUIT,Tax Expert,OTHER,Chat,Re-Hire,60-90 days,26-Feb,0,0,0,0,0,0,0,0,1.533333,1,0,0
TTL Assisted Consumer,INTUIT,Tax Expert,OTHER,Chat,Re-Hire,120+ days,26-Apr,0,0,0,0,0,0,0,0,154.416667,10,0,0
TTL Assisted Consumer,INTUIT,Tax Expert,OTHER,Phone,Re-Hire,< 30 days,26-Feb,1,1,1,1,0,0,0,0,383.4,13,0,0
TTL Assisted Consumer,INTUIT,Tax Expert,OTHER,Phone,New Hire,120+ days,After Season,0,0,0,0,0,0,0,0,5016.983334,245,0,0
TTL Assisted Consumer,INTUIT,Tax Expert,OTHER,Phone,Re-Hire,30-60 days,Before Season,34,41,35,41,0,0,0,0,16977.74999,840,0,0
TTL Assisted Consumer,INTUIT,Tax Expert,OTHER,Phone,Re-Hire,120+ days,26-Apr,2,2,2,2,0,0,0,0,8437.3,461,0,0
TTL Assisted Consumer,INTUIT,Tax Expert,OTHER,Phone,Re-Hire,120+ days,26-Jan,2,2,2,2,2.3,3.75,0,0,2286,91,0,0
TTL Assisted Consumer,INTUIT,Tax Expert,OTHER,Chat,New Hire,120+ days,Before Season,1,1,1,1,0,0,0,0,232.05,12,0,0
TTL Assisted Consumer,INTUIT,Tax Expert,OTHER,Phone,Re-Hire,120+ days,Before Season,11,12,12,12,35.62,45.07,0,0,6462.849995,262,0,0
TTL Assisted Consumer,INTUIT,Tax Expert,OTHER,Phone,New Hire,120+ days,26-Jan,0,0,0,0,0,0,0,0,248.333333,30,0,0
TTL Assisted Consumer,INTUIT,Tax Expert,OTHER,Phone,Re-Hire,30-60 days,26-Jan,4,5,4,4,0,0,0,0,740.766668,35,0,0
TTL Assisted Consumer,INTUIT,Tax Expert,OTHER,Phone,Re-Hire,120+ days,26-Feb,0,0,0,0,0,0,0,0,11491.10001,711,0,0
TTL Assisted Consumer,INTUIT,Tax Expert,OTHER,Chat,Re-Hire,< 30 days,Before Season,1,2,1,2,0,0,0,0,1424.216668,45,0,0
TTL Assisted Consumer,INTUIT,Tax Expert,OTHER,Chat,New Hire,120+ days,26-Jan,0,0,0,0,0,0,0,0,4.116667,1,0,0
TTL Assisted Consumer,INTUIT,Tax Expert,OTHER,Phone,New Hire,120+ days,26-Feb,0,0,0,0,0,0,0,0,16307.51667,259,0,0
TTL Assisted Consumer,INTUIT,Tax Expert,OTHER,Chat,New Hire,120+ days,26-Apr,12,35,21,31,0,0,0,0,0,0,0,0
TTL Assisted Consumer,INTUIT,Tax Expert,OTHER,Phone,Re-Hire,< 30 days,Before Season,12,13,12,13,0,0,0,0,6219.166669,328,0,0
TTL Assisted Consumer,INTUIT,Tax Expert,OTHER,Chat,New Hire,< 30 days,26-Apr,-1,1,0,1,0,0,0,0,0,0,0,0
TTL Assisted Consumer,INTUIT,Tax Expert,OTHER,Phone,Re-Hire,< 30 days,26-Jan,0,2,1,2,0,0,0,0,754.700001,25,0,0
TTL Assisted Consumer,INTUIT,Tax Expert,OTHER,Chat,Re-Hire,60-90 days,Before Season,5,8,7,8,0,0,0,0,2983.983338,135,0,0
TTL Assisted Consumer,INTUIT,Tax Expert,OTHER,Phone,New Hire,120+ days,26-Mar,0,0,0,0,0,0,0,0,21844.86667,717,0,0
TTL Assisted Consumer,INTUIT,Tax Expert,OTHER,Chat,Re-Hire,30-60 days,Before Season,8,8,8,8,0,0,0,0,2154.016665,120,0,0
TTL Assisted Consumer,INTUIT,Tax Expert,OTHER,Phone,New Hire,< 30 days,26-Feb,0,0,0,0,0,0,0,0,61.85,5,0,0
TTL Assisted Consumer,INTUIT,Tax Expert,OTHER,Phone,New Hire,120+ days,26-Apr,0,0,0,0,0,0,0,0,2121.466667,13,0,0
TTL Assisted Consumer,INTUIT,Tax Expert,OTHER,Phone,New Hire,< 30 days,26-Mar,0,0,0,0,0,0,0,0,7.8,5,0,0
TTL Assisted Consumer,INTUIT,Tax Expert,OTHER,Phone,Re-Hire,120+ days,After Season,0,0,0,0,0,0,0,0,683.25,35,0,0
TTL Assisted Consumer,INTUIT,Tax Expert,OTHER,Phone,Re-Hire,120+ days,26-Mar,0,0,0,0,0,0,0,0,14886.71666,929,0,0
TTL Assisted Consumer,INTUIT,Tax Expert,OTHER,Chat,New Hire,30-60 days,26-Apr,1,1,1,1,0,0,0,0,0,0,0,0
TTL Assisted Consumer,INTUIT,Tax Expert,OTHER,Chat,New Hire,60-90 days,26-Apr,1,1,1,1,0,0,0,0,0,0,0,0
TTL Assisted Consumer,INTUIT,Tax Expert,OTHER,Phone,Re-Hire,90-120 days,Before Season,1,1,1,1,0,0,0,0,1369.666666,58,0,0
TTL Assisted Consumer,INTUIT,Tax Expert,OTHER,Phone,Re-Hire,60-90 days,Before Season,13,18,16,18,0,0,0,0,11866.75,542,0,0
TTL Assisted Consumer,INTUIT,Tax Expert,OTHER,Phone,New Hire,120+ days,Before Season,1,1,1,1,0,0,0,0,542.883333,20,0,0
TTL Assisted Consumer,INTUIT,Tax Expert,OTHER,Chat,Re-Hire,90-120 days,Before Season,0,0,0,0,0,0,0,0,164.083333,10,0,0
TTL Assisted Consumer,INTUIT,Tax Specialist,OTHER,Chat,Re-Hire,120+ days,26-Feb,0,0,0,0,0,0,0,0,12.8,3,0,0
TTL Assisted Consumer,INTUIT,Tax Specialist,OTHER,Phone,Re-Hire,90-120 days,26-Apr,0,5,4,5,0,0,0,0,1357.533332,52,0,0
TTL Assisted Consumer,INTUIT,Tax Specialist,OTHER,Phone,Re-Hire,60-90 days,26-Feb,13,17,14,16,0,0,0,0,3129.100008,135,0,0
TTL Assisted Consumer,INTUIT,Tax Specialist,OTHER,Phone,Re-Hire,90-120 days,After Season,1,1,1,1,0,0,0,0,405.666665,17,0,0
TTL Assisted Consumer,INTUIT,Tax Specialist,OTHER,Phone,Re-Hire,60-90 days,26-Apr,0,0,0,0,0,0,0,0,168.166665,8,0,0
TTL Assisted Consumer,INTUIT,Tax Specialist,OTHER,Chat,New Hire,30-60 days,26-Apr,0,0,0,0,0,0,0,0,8.216667,1,0,0
TTL Assisted Consumer,INTUIT,Tax Specialist,OTHER,Phone,New Hire,30-60 days,26-Mar,213,299,252,286,0,0,0,0,69082.25,2722,0,0
TTL Assisted Consumer,INTUIT,Tax Specialist,OTHER,Phone,Re-Hire,< 30 days,26-Mar,1,2,0,1,0,0,0,0,298.066666,16,0,0
TTL Assisted Consumer,INTUIT,Tax Specialist,OTHER,Phone,New Hire,60-90 days,After Season,0,0,0,0,0,0,0,0,173.816666,7,0,0
TTL Assisted Consumer,INTUIT,Tax Specialist,OTHER,Phone,Re-Hire,120+ days,26-Apr,2,2,2,2,0,0,0,0,612.400001,22,0,0
TTL Assisted Consumer,INTUIT,Tax Specialist,OTHER,Phone,Re-Hire,30-60 days,26-Apr,0,0,0,0,0,0,0,0,27.2,2,0,0
TTL Assisted Consumer,INTUIT,Tax Specialist,OTHER,Chat,New Hire,60-90 days,26-Apr,0,0,0,0,0,0,0,0,49.016667,4,0,0
TTL Assisted Consumer,INTUIT,Tax Specialist,OTHER,Phone,New Hire,< 30 days,26-Mar,29,60,47,54,0,0,0,0,12028.21666,520,0,0
TTL Assisted Consumer,INTUIT,Tax Specialist,OTHER,Phone,Re-Hire,< 30 days,Before Season,145,155,133,144,0,0,0,0,59255.04999,3723,0,0
TTL Assisted Consumer,INTUIT,Tax Specialist,OTHER,Phone,Re-Hire,120+ days,26-Mar,0,0,0,0,0,0,0,0,16.033333,1,0,0
TTL Assisted Consumer,INTUIT,Tax Specialist,OTHER,Phone,Re-Hire,120+ days,After Season,3,3,2,3,0,0,0,0,616.749999,33,0,0
TTL Assisted Consumer,INTUIT,Tax Specialist,OTHER,Phone,New Hire,60-90 days,26-Apr,2,2,1,2,0,0,0,0,848.633332,32,0,0
TTL Assisted Consumer,INTUIT,Tax Specialist,OTHER,Chat,Re-Hire,120+ days,After Season,0,0,0,0,0,0,0,0,112.05,2,0,0
TTL Assisted Consumer,INTUIT,Tax Specialist,OTHER,Phone,Re-Hire,90-120 days,26-Mar,10,15,14,15,0,0,0,0,4231.216672,175,0,0
TTL Assisted Consumer,INTUIT,Tax Specialist,OTHER,Phone,New Hire,90-120 days,After Season,3,3,3,3,0,0,0,0,1486.383335,57,0,0
TTL Assisted Consumer,INTUIT,Tax Specialist,OTHER,Phone,Re-Hire,30-60 days,Before Season,410,478,418,452,0,0,0,0,126973.8833,7294,0,0
TTL Assisted Consumer,INTUIT,Tax Specialist,OTHER,Chat,New Hire,< 30 days,26-Feb,2,2,2,2,0,0,0,0,2321.399995,156,0,0
TTL Assisted Consumer,INTUIT,Tax Specialist,OTHER,Phone,Re-Hire,< 30 days,26-Feb,4,4,4,4,0,0,0,0,1551.316666,64,0,0
TTL Assisted Consumer,INTUIT,Tax Specialist,OTHER,Phone,Re-Hire,30-60 days,26-Jan,1,1,1,1,0,0,0,0,1161.650002,51,0,0
TTL Assisted Consumer,INTUIT,Tax Specialist,OTHER,Phone,New Hire,< 30 days,26-Jan,1,1,1,1,0,0,0,0,143.116667,9,0,0
TTL Assisted Consumer,INTUIT,Tax Specialist,OTHER,Chat,Re-Hire,60-90 days,26-Feb,-1,1,0,1,0,0,0,0,601.500002,33,0,0
TTL Assisted Consumer,INTUIT,Tax Specialist,OTHER,Chat,Re-Hire,30-60 days,26-Feb,1,1,1,1,0,0,0,0,1742.583335,119,0,0
TTL Assisted Consumer,INTUIT,Tax Specialist,OTHER,Phone,Re-Hire,< 30 days,26-Jan,1,1,1,1,0,0,0,0,572.533334,22,0,0
TTL Assisted Consumer,INTUIT,Tax Specialist,OTHER,Phone,Re-Hire,30-60 days,26-Mar,3,5,3,5,0,0,0,0,1698.450002,95,0,0
TTL Assisted Consumer,INTUIT,Tax Specialist,OTHER,Phone,Re-Hire,120+ days,26-Feb,0,0,0,0,0,0,0,0,149.35,5,0,0
TTL Assisted Consumer,INTUIT,Tax Specialist,OTHER,Chat,Re-Hire,< 30 days,26-Feb,0,0,0,0,0,0,0,0,165.45,7,0,0
TTL Assisted Consumer,INTUIT,Tax Specialist,OTHER,Phone,Re-Hire,30-60 days,26-Feb,0,0,0,0,0,0,0,0,3048.666667,135,0,0
TTL Assisted Consumer,INTUIT,Tax Specialist,OTHER,Phone,New Hire,< 30 days,26-Feb,1,1,0,0,0,0,0,0,2311.6,128,0,0
TTL Assisted Consumer,INTUIT,Tax Specialist,OTHER,Phone,New Hire,30-60 days,26-Feb,0,0,0,0,0,0,0,0,52.916667,5,0,0
TTL Assisted Consumer,INTUIT,Tax Specialist,OTHER,Phone,New Hire,30-60 days,26-Apr,2,2,2,2,0,0,0,0,406.933334,13,0,0
TTL Assisted Consumer,INTUIT,Tax Specialist,OTHER,Chat,Re-Hire,< 30 days,Before Season,0,0,0,0,0,0,0,0,230.716666,10,0,0
TTL Assisted Consumer,INTUIT,Tax Specialist,OTHER,Phone,New Hire,60-90 days,26-Mar,0,0,0,0,0,0,0,0,201.200001,6,0,0
TTL Assisted Consumer,INTUIT,Tax Specialist,OTHER,Chat,New Hire,90-120 days,After Season,0,0,0,0,0,0,0,0,325.266667,8,0,0
TTL Assisted Consumer,INTUIT,Tax Specialist,OTHER,Chat,Re-Hire,< 30 days,26-Jan,0,0,0,0,0,0,0,0,1.866667,1,0,0
TTL Assisted Consumer,INTUIT,Tax Specialist,OTHER,Phone,Re-Hire,60-90 days,26-Mar,14,19,16,18,0,0,0,0,4916.53333,234,0,0
TTL Assisted Consumer,INTUIT,Tax Specialist,OTHER,Chat,New Hire,30-60 days,26-Feb,0,0,0,0,0,0,0,0,7.516667,1,0,0
TTL Assisted Consumer,INTUIT,Tax Specialist,OTHER,Phone,New Hire,90-120 days,26-Apr,0,0,0,0,0,0,0,0,107.766666,7,0,0
TTL Assisted Consumer,INTUIT,Tax Specialist,OTHER,Chat,New Hire,60-90 days,After Season,0,0,0,0,0,0,0,0,151.1,3,0,0
TTL Assisted Consumer,INTUIT,Tax Specialist,OTHER,Chat,Re-Hire,90-120 days,26-Mar,0,0,0,0,0,0,0,0,4.6,1,0,0
TTL Assisted Consumer,INTUIT,Tax Specialist,OTHER,Chat,Re-Hire,60-90 days,26-Mar,0,0,0,0,0,0,0,0,1.333333,1,0,0
TTL Assisted Consumer,INTUIT,Tax Specialist,OTHER,Phone,Re-Hire,120+ days,26-Jan,0,0,0,0,0,0,0,0,2.783333,1,0,0
TTL Assisted Consumer,INTUIT,Tax Associate,PL1,Phone,New Hire,90-120 days,26-Feb,0,0,0,0,14.56,18.67,0,0,639.150002,37,0,0
TTL Assisted Consumer,INTUIT,Tax Associate,PL1,Phone,Re-Hire,90-120 days,After Season,1,4,4,4,88.53,116.23,0,0,3243.766665,159,0,0
TTL Assisted Consumer,INTUIT,Tax Associate,PL1,Chat,Re-Hire,30-60 days,26-Jan,9,24,16,22,1.36,1.42,0,0,15985.28335,1009,0,0
TTL Assisted Consumer,INTUIT,Tax Associate,PL1,Phone,New Hire,60-90 days,Before Season,0,0,0,0,5.24,5.97,0,0,208.066668,12,0,0
TTL Assisted Consumer,INTUIT,Tax Associate,PL1,Phone,Re-Hire,120+ days,26-Jan,6,6,6,6,23.62,28.42,0,0,1177.783336,46,0,0
TTL Assisted Consumer,INTUIT,Tax Associate,PL1,Chat,New Hire,30-60 days,Before Season,3,10,7,10,0,0,0,0,7493.783336,525,0,0
TTL Assisted Consumer,INTUIT,Tax Associate,PL1,Phone,Re-Hire,< 30 days,26-Jan,77,94,78,87,666.57,813.51,0,0,27348.36667,1312,0,0
TTL Assisted Consumer,INTUIT,Tax Associate,PL1,Chat,New Hire,< 30 days,26-Jan,0,0,0,0,0,0,0,0,68.816667,11,0,0
TTL Assisted Consumer,INTUIT,Tax Associate,PL1,Chat,New Hire,30-60 days,26-Mar,-1,1,0,1,1.38,1.42,0,0,2738.26667,124,0,0
TTL Assisted Consumer,INTUIT,Tax Associate,PL1,Chat,New Hire,90-120 days,After Season,0,0,0,0,0,0,0,0,54.45,3,0,0
TTL Assisted Consumer,INTUIT,Tax Associate,PL1,Chat,Re-Hire,30-60 days,26-Apr,3,6,4,6,1.61,2.13,0,0,6713.066661,301,0,0
TTL Assisted Consumer,INTUIT,Tax Associate,PL1,Phone,Re-Hire,< 30 days,After Season,0,0,0,0,9.86,11.57,0,0,530.95,22,0,0
TTL Assisted Consumer,INTUIT,Tax Associate,PL1,Chat,Re-Hire,120+ days,Before Season,12,14,12,14,0,0,0,0,3937.400005,252,0,0
TTL Assisted Consumer,INTUIT,Tax Associate,PL1,Phone,New Hire,30-60 days,After Season,5,6,4,5,167.81,215.66,0,0,6498.633337,252,0,0
TTL Assisted Consumer,INTUIT,Tax Associate,PL1,Chat,New Hire,60-90 days,After Season,0,0,0,0,0,0,0,0,389.766666,13,0,0
TTL Assisted Consumer,INTUIT,Tax Associate,PL1,Chat,Re-Hire,60-90 days,26-Mar,10,33,19,32,3.27,3.55,0,0,13320,528,0,0
TTL Assisted Consumer,INTUIT,Tax Associate,PL1,Phone,Re-Hire,120+ days,26-Apr,7,10,9,10,183.08,233.13,0,0,7546.216662,456,0,0
TTL Assisted Consumer,INTUIT,Tax Associate,PL1,Chat,New Hire,120+ days,26-Apr,-1,1,0,0,0,0,0,0,328.500001,13,0,0
TTL Assisted Consumer,INTUIT,Tax Associate,PL1,Chat,Re-Hire,120+ days,26-Mar,1,1,1,1,0,0,0,0,959.066666,43,0,0
TTL Assisted Consumer,INTUIT,Tax Associate,PL1,Chat,New Hire,60-90 days,Before Season,-1,1,0,0,0,0,0,0,140.133334,8,0,0
TTL Assisted Consumer,INTUIT,Tax Associate,PL1,Phone,Re-Hire,30-60 days,26-Feb,278,435,348,415,3054.72,3719.41,0,0,116569.1667,5307,0,0
TTL Assisted Consumer,INTUIT,Tax Associate,PL1,Chat,New Hire,90-120 days,26-Apr,0,0,0,0,0,0,0,0,473.733336,20,0,0
TTL Assisted Consumer,INTUIT,Tax Associate,PL1,Chat,Re-Hire,30-60 days,26-Mar,18,24,20,24,1.68,3.04,0,0,11172.08333,371,0,0
TTL Assisted Consumer,INTUIT,Tax Associate,PL1,Chat,Re-Hire,120+ days,26-Apr,-1,3,1,3,0,0,0,0,4273.316666,239,0,0
TTL Assisted Consumer,INTUIT,Tax Associate,PL1,Phone,Re-Hire,90-120 days,26-Apr,17,22,21,22,172.57,218.84,0,0,10211.19999,471,0,0
TTL Assisted Consumer,INTUIT,Tax Associate,PL1,Chat,New Hire,90-120 days,26-Mar,0,0,0,0,0,0,0,0,211.266667,10,0,0
TTL Assisted Consumer,INTUIT,Tax Associate,PL1,Phone,New Hire,< 30 days,26-Jan,2,4,3,4,35.23,42.06,0,0,1592.866667,95,0,0
TTL Assisted Consumer,INTUIT,Tax Associate,PL1,Chat,New Hire,< 30 days,26-Apr,20,72,44,67,9.86,13.14,0,0,55264.45002,2199,0,0
TTL Assisted Consumer,INTUIT,Tax Associate,PL1,Phone,Re-Hire,60-90 days,26-Mar,32,52,39,49,522.64,637.57,0,0,30513.35001,1346,0,0
TTL Assisted Consumer,INTUIT,Tax Associate,PL1,Chat,New Hire,30-60 days,26-Jan,1,3,2,3,0,0,0,0,1374.350001,121,0,0
TTL Assisted Consumer,INTUIT,Tax Associate,PL1,Chat,New Hire,< 30 days,26-Feb,14,30,19,25,1.3,1.42,0,0,12133.28333,640,0,0
TTL Assisted Consumer,INTUIT,Tax Associate,PL1,Phone,New Hire,120+ days,26-Mar,0,0,0,0,16.83,22.16,0,0,1348.266666,62,0,0
TTL Assisted Consumer,INTUIT,Tax Associate,PL1,Phone,New Hire,90-120 days,26-Mar,3,6,5,6,75.36,88.42,0,0,5993.45,239,0,0
TTL Assisted Consumer,INTUIT,Tax Associate,PL1,Chat,New Hire,60-90 days,26-Jan,0,0,0,0,0,0,0,0,6.95,2,0,0
TTL Assisted Consumer,INTUIT,Tax Associate,PL1,Phone,New Hire,< 30 days,Before Season,0,0,0,0,10.41,13.52,0,0,1355.233337,119,0,0
TTL Assisted Consumer,INTUIT,Tax Associate,PL1,Phone,New Hire,30-60 days,26-Apr,59,90,75,86,1047.12,1294.39,0,0,59006.50003,2093,0,0
TTL Assisted Consumer,INTUIT,Tax Associate,PL1,Chat,Re-Hire,90-120 days,26-Apr,6,8,5,7,0,0,0,0,6564.683333,284,0,0
TTL Assisted Consumer,INTUIT,Tax Associate,PL1,Chat,New Hire,60-90 days,26-Feb,4,4,4,4,0,0,0,0,2575.483329,147,0,0
TTL Assisted Consumer,INTUIT,Tax Associate,PL1,Phone,New Hire,< 30 days,26-Feb,47,73,59,70,562.32,675.97,0,0,23205.89999,1067,0,0
TTL Assisted Consumer,INTUIT,Tax Associate,PL1,Chat,New Hire,120+ days,After Season,0,0,0,0,0,0,0,0,231.116668,14,0,0
TTL Assisted Consumer,INTUIT,Tax Associate,PL1,Chat,New Hire,120+ days,26-Mar,-2,2,0,1,0,0,0,0,69.916667,4,0,0
TTL Assisted Consumer,INTUIT,Tax Associate,PL1,Chat,Re-Hire,90-120 days,After Season,0,0,0,0,0,0,0,0,464.666667,19,0,0
TTL Assisted Consumer,INTUIT,Tax Associate,PL1,Chat,Re-Hire,120+ days,26-Feb,7,9,8,9,0,0,0,0,3756.900004,195,0,0
TTL Assisted Consumer,INTUIT,Tax Associate,PL1,Chat,Re-Hire,< 30 days,26-Apr,6,14,8,12,0,0,0,0,7503.750007,323,0,0
TTL Assisted Consumer,INTUIT,Tax Associate,PL1,Phone,Re-Hire,120+ days,Before Season,7,8,7,8,52.53,60.8,0,0,4254.249995,216,0,0
TTL Assisted Consumer,INTUIT,Tax Associate,PL1,Phone,Re-Hire,120+ days,26-Feb,19,29,24,28,161.38,186.34,0,0,6269.400005,275,0,0
TTL Assisted Consumer,INTUIT,Tax Associate,PL1,Chat,Re-Hire,120+ days,26-Jan,0,0,0,0,0,0,0,0,311.766669,26,0,0
TTL Assisted Consumer,INTUIT,Tax Associate,PL1,Chat,New Hire,60-90 days,26-Apr,0,0,0,0,0,0,0,0,114.15,4,0,0
TTL Assisted Consumer,INTUIT,Tax Associate,PL1,Phone,Re-Hire,30-60 days,26-Jan,79,94,84,90,783.01,967.48,0,0,31580.28334,1623,0,0
TTL Assisted Consumer,INTUIT,Tax Associate,PL1,Chat,Re-Hire,90-120 days,26-Mar,2,12,7,10,3.24,4.1,0,0,5802.750004,261,0,0
TTL Assisted Consumer,INTUIT,Tax Associate,PL1,Phone,New Hire,30-60 days,26-Mar,14,26,22,26,193.2,242.06,0,0,19454.93333,662,0,0
TTL Assisted Consumer,INTUIT,Tax Associate,PL1,Phone,New Hire,60-90 days,After Season,-1,1,0,1,31.55,42,0,0,1335.533337,60,0,0
TTL Assisted Consumer,INTUIT,Tax Associate,PL1,Chat,New Hire,30-60 days,26-Apr,18,61,39,58,4.76,5.66,0,0,33970.63334,1522,0,0
TTL Assisted Consumer,INTUIT,Tax Associate,PL1,Phone,Re-Hire,60-90 days,26-Feb,173,247,200,232,1861.22,2279.11,0,0,65186.76666,3438,0,0
TTL Assisted Consumer,INTUIT,Tax Associate,PL1,Phone,Re-Hire,< 30 days,26-Apr,15,22,19,22,196.19,241.73,0,0,14741.91667,467,0,0
TTL Assisted Consumer,INTUIT,Tax Associate,PL1,Phone,New Hire,30-60 days,Before Season,10,15,11,14,182.76,225.77,0,0,6973.716668,436,0,0
TTL Assisted Consumer,INTUIT,Tax Associate,PL1,Phone,New Hire,90-120 days,26-Apr,5,5,5,5,45.37,53.73,0,0,3412.9,112,0,0
TTL Assisted Consumer,INTUIT,Tax Associate,PL1,Phone,New Hire,90-120 days,After Season,1,1,1,1,27.02,34.04,0,0,1452.033332,49,0,0
TTL Assisted Consumer,INTUIT,Tax Associate,PL1,Phone,New Hire,< 30 days,After Season,0,2,1,2,62.01,84.01,0,0,1798.249998,91,0,0
TTL Assisted Consumer,INTUIT,Tax Associate,PL1,Chat,Re-Hire,30-60 days,Before Season,81,145,103,134,0.24,0.49,0,0,57088.06667,3543,0,0
TTL Assisted Consumer,INTUIT,Tax Associate,PL1,Phone,Re-Hire,90-120 days,26-Feb,7,12,5,9,48.17,58.69,0,0,2040.483335,103,0,0
TTL Assisted Consumer,INTUIT,Tax Associate,PL1,Phone,Re-Hire,60-90 days,26-Apr,10,10,9,10,76.24,93.42,0,0,5942.116666,214,0,0
TTL Assisted Consumer,INTUIT,Tax Associate,PL1,Chat,Re-Hire,60-90 days,26-Apr,1,4,4,4,0,0,0,0,1755.466666,71,0,0
TTL Assisted Consumer,INTUIT,Tax Associate,PL1,Phone,New Hire,120+ days,After Season,2,4,2,4,95.91,123.28,0,0,3012.116669,164,0,0
TTL Assisted Consumer,INTUIT,Tax Associate,PL1,Chat,Re-Hire,60-90 days,26-Jan,0,0,0,0,0,0,0,0,145.8,17,0,0
TTL Assisted Consumer,INTUIT,Tax Associate,PL1,Phone,New Hire,60-90 days,26-Mar,5,7,7,7,67.15,81.38,0,0,4614.049998,176,0,0
TTL Assisted Consumer,INTUIT,Tax Associate,PL1,Chat,Re-Hire,< 30 days,26-Mar,2,4,3,4,2.37,3.04,0,0,2342.683334,95,0,0
TTL Assisted Consumer,INTUIT,Tax Associate,PL1,Phone,New Hire,60-90 days,26-Feb,26,69,48,67,632.24,786.79,0,0,22932.15001,1336,0,0
TTL Assisted Consumer,INTUIT,Tax Associate,PL1,Chat,Re-Hire,30-60 days,After Season,2,2,2,2,0,0,0,0,710.183333,33,0,0
TTL Assisted Consumer,INTUIT,Tax Associate,PL1,Chat,Re-Hire,< 30 days,After Season,0,0,0,0,0,0,0,0,319.650001,13,0,0
TTL Assisted Consumer,INTUIT,Tax Associate,PL1,Phone,Re-Hire,120+ days,26-Mar,3,3,3,3,36.85,44.29,0,0,2757.950004,115,0,0
TTL Assisted Consumer,INTUIT,Tax Associate,PL1,Phone,Re-Hire,90-120 days,26-Mar,27,45,35,43,347.92,433.78,0,0,18040.7,959,0,0
TTL Assisted Consumer,INTUIT,Tax Associate,PL1,Phone,New Hire,30-60 days,26-Feb,12,28,21,27,396.55,507.27,0,0,13234.23334,836,0,0
TTL Assisted Consumer,INTUIT,Tax Associate,PL1,Chat,New Hire,90-120 days,26-Feb,1,1,1,1,0,0,0,0,248.716667,21,0,0
TTL Assisted Consumer,INTUIT,Tax Associate,PL1,Chat,New Hire,30-60 days,After Season,1,1,1,1,0.75,0.87,0,0,2656.549999,149,0,0
TTL Assisted Consumer,INTUIT,Tax Associate,PL1,Phone,New Hire,60-90 days,26-Apr,0,0,0,0,10.74,13.87,0,0,1653.949998,57,0,0
TTL Assisted Consumer,INTUIT,Tax Associate,PL1,Chat,Re-Hire,< 30 days,26-Jan,14,34,21,30,0.47,0.71,0,0,20579.68333,1150,0,0
TTL Assisted Consumer,INTUIT,Tax Associate,PL1,Phone,Re-Hire,60-90 days,After Season,2,2,2,2,18.6,25.87,0,0,1074.766668,36,0,0
TTL Assisted Consumer,INTUIT,Tax Associate,PL1,Chat,Re-Hire,90-120 days,26-Feb,2,2,2,2,0,0,0,0,540.333334,24,0,0
TTL Assisted Consumer,INTUIT,Tax Associate,PL1,Chat,New Hire,< 30 days,After Season,0,2,1,1,0.22,0.71,0,0,816.883336,39,0,0
TTL Assisted Consumer,INTUIT,Tax Associate,PL1,Phone,New Hire,< 30 days,26-Apr,81,144,111,137,1383.17,1725.14,0,0,92812.3,3192,0,0
TTL Assisted Consumer,INTUIT,Tax Associate,PL1,Chat,Re-Hire,60-90 days,Before Season,5,10,7,10,0,0,0,0,5047.450003,221,0,0
TTL Assisted Consumer,INTUIT,Tax Associate,PL1,Chat,New Hire,60-90 days,26-Mar,0,0,0,0,0,0,0,0,121.933333,9,0,0
TTL Assisted Consumer,INTUIT,Tax Associate,PL1,Chat,Re-Hire,< 30 days,26-Feb,23,41,29,37,0,0,0,0,17628.65001,833,0,0
TTL Assisted Consumer,INTUIT,Tax Associate,PL1,Chat,Re-Hire,120+ days,After Season,-1,1,0,1,0,0,0,0,1126.850001,49,0,0
TTL Assisted Consumer,INTUIT,Tax Associate,PL1,Phone,Re-Hire,< 30 days,26-Feb,108,181,136,169,1530.5,1894.45,0,0,58533.80002,2780,0,0
TTL Assisted Consumer,INTUIT,Tax Associate,PL1,Chat,Re-Hire,30-60 days,26-Feb,105,189,141,175,4.74,5.68,0,0,73637.28333,3540,0,0
TTL Assisted Consumer,INTUIT,Tax Associate,PL1,Phone,New Hire,< 30 days,26-Mar,40,102,73,94,874.01,1078.27,0,0,67391.23334,2399,0,0
TTL Assisted Consumer,INTUIT,Tax Associate,PL1,Phone,Re-Hire,30-60 days,Before Season,113,142,114,128,965.9,1164.96,0,0,53121.01668,2461,0,0
TTL Assisted Consumer,INTUIT,Tax Associate,PL1,Chat,Re-Hire,< 30 days,Before Season,16,43,28,35,0,0,0,0,26602.30001,1368,0,0
TTL Assisted Consumer,INTUIT,Tax Associate,PL1,Chat,Re-Hire,90-120 days,Before Season,2,2,2,2,0,0,0,0,1075.766671,49,0,0
TTL Assisted Consumer,INTUIT,Tax Associate,PL1,Phone,Re-Hire,60-90 days,Before Season,17,21,17,21,21.9,25.69,0,0,7684.083338,374,0,0
TTL Assisted Consumer,INTUIT,Tax Associate,PL1,Phone,Re-Hire,90-120 days,Before Season,7,10,10,10,0,0,0,0,3572.450004,217,0,0
TTL Assisted Consumer,INTUIT,Tax Associate,PL1,Phone,Re-Hire,30-60 days,26-Mar,37,52,45,49,462.6,559.92,0,0,30320.46667,1191,0,0
TTL Assisted Consumer,INTUIT,Tax Associate,PL1,Phone,Re-Hire,< 30 days,Before Season,29,32,29,30,138.89,166.99,0,0,11440.13333,705,0,0
TTL Assisted Consumer,INTUIT,Tax Associate,PL1,Chat,Re-Hire,60-90 days,26-Feb,49,135,89,126,3.79,4.26,0,0,46827.20001,2568,0,0
TTL Assisted Consumer,INTUIT,Tax Associate,PL1,Chat,Re-Hire,60-90 days,After Season,0,0,0,0,0,0,0,0,324.016667,14,0,0
TTL Assisted Consumer,INTUIT,Tax Associate,PL1,Phone,Re-Hire,120+ days,After Season,4,6,4,5,137.49,176.78,0,0,4927.949997,277,0,0
TTL Assisted Consumer,INTUIT,Tax Associate,PL1,Chat,New Hire,< 30 days,Before Season,4,4,3,3,0,0,0,0,1446.21667,85,0,0
TTL Assisted Consumer,INTUIT,Tax Associate,PL1,Phone,Re-Hire,60-90 days,26-Jan,0,3,2,3,50.93,62.12,0,0,1855.949996,104,0,0
TTL Assisted Consumer,INTUIT,Tax Associate,PL1,Phone,Re-Hire,< 30 days,26-Mar,12,14,13,14,164.81,199.43,0,0,13330.93333,411,0,0
TTL Assisted Consumer,INTUIT,Tax Associate,PL1,Chat,New Hire,30-60 days,26-Feb,-1,3,1,3,0,0,0,0,1201.766666,74,0,0
TTL Assisted Consumer,INTUIT,Tax Associate,PL1,Phone,Re-Hire,30-60 days,After Season,-1,3,1,3,59.46,79.18,0,0,2257.433332,92,0,0
TTL Assisted Consumer,INTUIT,Tax Associate,PL1,Chat,New Hire,< 30 days,26-Mar,8,25,14,24,7.82,10.53,0,0,14948.93333,527,0,0
TTL Assisted Consumer,INTUIT,Tax Associate,PL1,Phone,New Hire,60-90 days,26-Jan,2,2,2,2,23.25,29.25,0,0,680.950001,51,0,0
TTL Assisted Consumer,INTUIT,Tax Associate,PL1,Phone,New Hire,30-60 days,26-Jan,17,25,20,23,211.32,270.74,0,0,9682.033333,534,0,0
TTL Assisted Consumer,INTUIT,Tax Associate,PL1,Phone,Re-Hire,30-60 days,26-Apr,8,16,11,13,223.81,279.68,0,0,11169.66667,475,0,0
TTL Assisted Consumer,INTUIT,Tax Associate,PL1,Phone,New Hire,120+ days,26-Apr,3,7,6,7,54.94,66.52,0,0,3475.100003,160,0,0
TTL Assisted Consumer,INTUIT,Tax Expert,PL1,Phone,Re-Hire,90-120 days,26-Feb,12,16,15,16,174.81,222.12,0,0,4546.783336,356,0,0
TTL Assisted Consumer,INTUIT,Tax Expert,PL1,Chat,New Hire,60-90 days,Before Season,3,3,3,3,0,0,0,0,436.116667,34,0,0
TTL Assisted Consumer,INTUIT,Tax Expert,PL1,Phone,Re-Hire,30-60 days,26-Jan,12,13,12,13,92.38,112.23,0,0,4400.866669,204,0,0
TTL Assisted Consumer,INTUIT,Tax Expert,PL1,Chat,Re-Hire,60-90 days,26-Feb,7,7,7,7,0,0,0,0,2900.066664,151,0,0
TTL Assisted Consumer,INTUIT,Tax Expert,PL1,Phone,New Hire,120+ days,Before Season,10,11,10,11,2.68,3,0,0,5159.833337,196,0,0
TTL Assisted Consumer,INTUIT,Tax Expert,PL1,Phone,New Hire,< 30 days,26-Apr,0,2,1,2,14.38,18.79,0,0,682.099998,30,0,0
TTL Assisted Consumer,INTUIT,Tax Expert,PL1,Phone,Re-Hire,< 30 days,26-Apr,3,3,3,3,14.49,16.97,0,0,906.033332,28,0,0
TTL Assisted Consumer,INTUIT,Tax Expert,PL1,Phone,New Hire,30-60 days,26-Jan,0,2,1,2,34.65,45.82,0,0,1302.933333,85,0,0
TTL Assisted Consumer,INTUIT,Tax Expert,PL1,Phone,Re-Hire,60-90 days,After Season,2,2,2,2,15.4,19.11,0,0,591.516666,26,0,0
TTL Assisted Consumer,INTUIT,Tax Expert,PL1,Chat,New Hire,60-90 days,After Season,0,0,0,0,0,0,0,0,310.916667,8,0,0
TTL Assisted Consumer,INTUIT,Tax Expert,PL1,Chat,New Hire,120+ days,26-Feb,2,2,2,2,0,0,0,0,91.466666,6,0,0
TTL Assisted Consumer,INTUIT,Tax Expert,PL1,Phone,Re-Hire,< 30 days,26-Jan,5,7,6,6,35.08,44.43,0,0,1481.083336,73,0,0
TTL Assisted Consumer,INTUIT,Tax Expert,PL1,Chat,Re-Hire,30-60 days,26-Apr,0,0,0,0,0,0,0,0,120.033333,7,0,0
TTL Assisted Consumer,INTUIT,Tax Expert,PL1,Chat,New Hire,30-60 days,After Season,0,0,0,0,0,0,0,0,28.483333,1,0,0
TTL Assisted Consumer,INTUIT,Tax Expert,PL1,Phone,Re-Hire,< 30 days,Before Season,5,5,5,5,24.15,28.98,0,0,2789.966663,149,0,0
TTL Assisted Consumer,INTUIT,Tax Expert,PL1,Chat,Re-Hire,< 30 days,After Season,1,1,1,1,0,0,0,0,124.366667,9,0,0
TTL Assisted Consumer,INTUIT,Tax Expert,PL1,Phone,Re-Hire,60-90 days,26-Feb,32,38,35,37,285.39,350.51,0,0,10056.73332,544,0,0
TTL Assisted Consumer,INTUIT,Tax Expert,PL1,Phone,Re-Hire,120+ days,26-Apr,0,0,0,0,14.77,18.71,0,0,2353.183333,65,0,0
TTL Assisted Consumer,INTUIT,Tax Expert,PL1,Chat,Re-Hire,90-120 days,26-Apr,0,0,0,0,0,0,0,0,144.783333,10,0,0
TTL Assisted Consumer,INTUIT,Tax Expert,PL1,Phone,New Hire,60-90 days,26-Apr,0,2,1,2,30.99,39.47,0,0,3009.200007,117,0,0
TTL Assisted Consumer,INTUIT,Tax Expert,PL1,Phone,Re-Hire,30-60 days,Before Season,8,10,9,10,134.73,166.3,0,0,8232.866658,471,0,0
TTL Assisted Consumer,INTUIT,Tax Expert,PL1,Chat,New Hire,60-90 days,26-Apr,0,0,0,0,0,0,0,0,822.150003,34,0,0
TTL Assisted Consumer,INTUIT,Tax Expert,PL1,Phone,Re-Hire,< 30 days,26-Mar,1,1,1,1,7.79,10.1,0,0,427.566668,21,0,0
TTL Assisted Consumer,INTUIT,Tax Expert,PL1,Chat,Re-Hire,120+ days,Before Season,16,18,17,18,0,0,0,0,11294.85,472,0,0
TTL Assisted Consumer,INTUIT,Tax Expert,PL1,Chat,New Hire,90-120 days,26-Feb,0,0,0,0,0,0,0,0,343,19,0,0
TTL Assisted Consumer,INTUIT,Tax Expert,PL1,Chat,New Hire,< 30 days,26-Jan,0,0,0,0,0,0,0,0,51.616667,5,0,0
TTL Assisted Consumer,INTUIT,Tax Expert,PL1,Chat,New Hire,30-60 days,26-Apr,0,0,0,0,0,0,0,0,327.683334,12,0,0
TTL Assisted Consumer,INTUIT,Tax Expert,PL1,Phone,Re-Hire,60-90 days,26-Apr,3,3,3,3,22.97,27.62,0,0,1609.116669,55,0,0
TTL Assisted Consumer,INTUIT,Tax Expert,PL1,Phone,New Hire,90-120 days,26-Apr,1,3,1,2,22.04,25.89,0,0,1159.550002,41,0,0
TTL Assisted Consumer,INTUIT,Tax Expert,PL1,Phone,Re-Hire,30-60 days,26-Feb,31,47,37,44,199.85,248.34,0,0,9407.583334,373,0,0
TTL Assisted Consumer,INTUIT,Tax Expert,PL1,Chat,Re-Hire,60-90 days,26-Jan,0,0,0,0,0,0,0,0,471.816668,29,0,0
TTL Assisted Consumer,INTUIT,Tax Expert,PL1,Phone,Re-Hire,60-90 days,Before Season,2,2,2,2,53.08,67.49,0,0,2240.466666,133,0,0
TTL Assisted Consumer,INTUIT,Tax Expert,PL1,Phone,Re-Hire,120+ days,After Season,2,6,4,6,64.64,85.54,0,0,2846.183329,154,0,0
TTL Assisted Consumer,INTUIT,Tax Expert,PL1,Phone,New Hire,30-60 days,Before Season,1,1,1,1,46.51,61.61,0,0,3853.933334,158,0,0
TTL Assisted Consumer,INTUIT,Tax Expert,PL1,Chat,New Hire,60-90 days,26-Feb,1,1,0,1,0,0,0,0,821.550001,40,0,0
TTL Assisted Consumer,INTUIT,Tax Expert,PL1,Chat,New Hire,90-120 days,After Season,0,0,0,0,0,0,0,0,430.600001,13,0,0
TTL Assisted Consumer,INTUIT,Tax Expert,PL1,Phone,New Hire,120+ days,26-Mar,0,0,0,0,1.38,2.11,0,0,231.966667,5,0,0
TTL Assisted Consumer,INTUIT,Tax Expert,PL1,Chat,New Hire,30-60 days,Before Season,4,6,4,5,0,0,0,0,2089.850002,172,0,0
TTL Assisted Consumer,INTUIT,Tax Expert,PL1,Chat,Re-Hire,60-90 days,After Season,0,0,0,0,0,0,0,0,22.066666,2,0,0
TTL Assisted Consumer,INTUIT,Tax Expert,PL1,Chat,Re-Hire,< 30 days,26-Jan,3,3,3,3,0,0,0,0,2044.483331,74,0,0
TTL Assisted Consumer,INTUIT,Tax Expert,PL1,Phone,New Hire,60-90 days,26-Mar,1,1,1,1,17,19.59,0,0,1216.883331,42,0,0
TTL Assisted Consumer,INTUIT,Tax Expert,PL1,Chat,Re-Hire,30-60 days,26-Jan,3,7,4,6,0,0,0,0,2957.750002,101,0,0
TTL Assisted Consumer,INTUIT,Tax Expert,PL1,Chat,Re-Hire,120+ days,After Season,0,0,0,0,0,0,0,0,391.616668,21,0,0
TTL Assisted Consumer,INTUIT,Tax Expert,PL1,Chat,Re-Hire,< 30 days,26-Feb,2,2,2,2,0,0,0,0,1359.166667,42,0,0
TTL Assisted Consumer,INTUIT,Tax Expert,PL1,Chat,Re-Hire,< 30 days,26-Mar,1,2,2,2,0,0,0,0,101.449999,9,0,0
TTL Assisted Consumer,INTUIT,Tax Expert,PL1,Chat,Re-Hire,90-120 days,26-Mar,0,0,0,0,0,0,0,0,41.95,4,0,0
TTL Assisted Consumer,INTUIT,Tax Expert,PL1,Phone,Re-Hire,90-120 days,After Season,0,0,0,0,13.12,16.76,0,0,551.016666,21,0,0
TTL Assisted Consumer,INTUIT,Tax Expert,PL1,Phone,Re-Hire,90-120 days,26-Mar,0,2,1,2,29.15,38.6,0,0,2433.633334,86,0,0
TTL Assisted Consumer,INTUIT,Tax Expert,PL1,Phone,Re-Hire,120+ days,26-Feb,6,8,7,8,75.65,89.45,0,0,2856.75,148,0,0
TTL Assisted Consumer,INTUIT,Tax Expert,PL1,Phone,Re-Hire,< 30 days,After Season,0,0,0,0,4.44,6.36,0,0,174.5,8,0,0
TTL Assisted Consumer,INTUIT,Tax Expert,PL1,Phone,New Hire,60-90 days,Before Season,0,0,0,0,13.88,21.14,0,0,596.983334,43,0,0
TTL Assisted Consumer,INTUIT,Tax Expert,PL1,Phone,Re-Hire,60-90 days,26-Mar,2,4,2,3,25.5,31.84,0,0,1000.366666,54,0,0
TTL Assisted Consumer,INTUIT,Tax Expert,PL1,Phone,New Hire,< 30 days,26-Mar,5,7,6,7,84.17,105.45,0,0,3909.166672,189,0,0
TTL Assisted Consumer,INTUIT,Tax Expert,PL1,Phone,Re-Hire,30-60 days,After Season,0,0,0,0,2.63,2.97,0,0,21.7,1,0,0
TTL Assisted Consumer,INTUIT,Tax Expert,PL1,Chat,Re-Hire,< 30 days,26-Apr,0,0,0,0,0,0,0,0,515.233331,18,0,0
TTL Assisted Consumer,INTUIT,Tax Expert,PL1,Chat,New Hire,60-90 days,26-Jan,0,0,0,0,0,0,0,0,151.133333,8,0,0
TTL Assisted Consumer,INTUIT,Tax Expert,PL1,Phone,Re-Hire,120+ days,26-Jan,0,0,0,0,18.54,21.86,0,0,990.199996,42,0,0
TTL Assisted Consumer,INTUIT,Tax Expert,PL1,Chat,Re-Hire,90-120 days,26-Feb,3,3,3,3,0,0,0,0,959.283335,58,0,0
TTL Assisted Consumer,INTUIT,Tax Expert,PL1,Chat,Re-Hire,90-120 days,After Season,0,0,0,0,0,0,0,0,20.75,1,0,0
TTL Assisted Consumer,INTUIT,Tax Expert,PL1,Phone,Re-Hire,90-120 days,26-Apr,0,1,1,1,6.59,8.04,0,0,196.9,11,0,0
TTL Assisted Consumer,INTUIT,Tax Expert,PL1,Chat,New Hire,120+ days,After Season,0,0,0,0,0,0,0,0,158.1,11,0,0
TTL Assisted Consumer,INTUIT,Tax Expert,PL1,Phone,Re-Hire,120+ days,26-Mar,3,3,3,3,12.25,14.34,0,0,1292.116668,35,0,0
TTL Assisted Consumer,INTUIT,Tax Expert,PL1,Phone,New Hire,90-120 days,26-Feb,-2,8,2,7,41.94,71.48,0,0,1617.783333,149,0,0
TTL Assisted Consumer,INTUIT,Tax Expert,PL1,Chat,Re-Hire,30-60 days,26-Feb,7,10,8,10,0,0,0,0,5330.383331,189,0,0
TTL Assisted Consumer,INTUIT,Tax Expert,PL1,Phone,Re-Hire,60-90 days,26-Jan,2,5,4,5,47.67,59.79,0,0,2863.750001,120,0,0
TTL Assisted Consumer,INTUIT,Tax Expert,PL1,Phone,New Hire,< 30 days,Before Season,0,0,0,0,5.88,8.35,0,0,1004.816667,69,0,0
TTL Assisted Consumer,INTUIT,Tax Expert,PL1,Phone,New Hire,< 30 days,26-Feb,7,10,8,10,78.01,99.2,0,0,3345.566667,163,0,0
TTL Assisted Consumer,INTUIT,Tax Expert,PL1,Chat,Re-Hire,< 30 days,Before Season,1,1,1,1,0,0,0,0,2350.483337,132,0,0
TTL Assisted Consumer,INTUIT,Tax Expert,PL1,Chat,New Hire,60-90 days,26-Mar,0,0,0,0,0,0,0,0,31.483334,4,0,0
TTL Assisted Consumer,INTUIT,Tax Expert,PL1,Chat,New Hire,30-60 days,26-Mar,1,1,1,1,0,0,0,0,228.883334,10,0,0
TTL Assisted Consumer,INTUIT,Tax Expert,PL1,Chat,New Hire,< 30 days,26-Apr,1,1,1,1,0,0,0,0,405.166669,24,0,0
TTL Assisted Consumer,INTUIT,Tax Expert,PL1,Chat,New Hire,30-60 days,26-Jan,0,0,0,0,0,0,0,0,77.950001,11,0,0
TTL Assisted Consumer,INTUIT,Tax Expert,PL1,Phone,New Hire,60-90 days,26-Jan,0,0,0,0,15.79,29.1,0,0,699.049999,61,0,0
TTL Assisted Consumer,INTUIT,Tax Expert,PL1,Chat,New Hire,30-60 days,26-Feb,0,0,0,0,0,0,0,0,58.666666,2,0,0
TTL Assisted Consumer,INTUIT,Tax Expert,PL1,Chat,Re-Hire,60-90 days,26-Apr,1,1,1,1,0,0,0,0,161.233332,12,0,0
TTL Assisted Consumer,INTUIT,Tax Expert,PL1,Phone,New Hire,120+ days,26-Feb,1,1,1,1,3.15,4.02,0,0,342.25,11,0,0
TTL Assisted Consumer,INTUIT,Tax Expert,PL1,Phone,New Hire,60-90 days,26-Feb,4,10,7,9,126.45,158.26,0,0,4472.016668,270,0,0
TTL Assisted Consumer,INTUIT,Tax Expert,PL1,Chat,New Hire,120+ days,26-Jan,0,0,0,0,0,0,0,0,72.133334,3,0,0
TTL Assisted Consumer,INTUIT,Tax Expert,PL1,Chat,New Hire,90-120 days,26-Apr,0,0,0,0,0,0,0,0,116.983332,6,0,0
TTL Assisted Consumer,INTUIT,Tax Expert,PL1,Chat,Re-Hire,30-60 days,26-Mar,2,2,2,2,0,0,0,0,1158.816667,22,0,0
TTL Assisted Consumer,INTUIT,Tax Expert,PL1,Chat,Re-Hire,60-90 days,Before Season,4,4,3,4,0,0,0,0,3175.250002,190,0,0
TTL Assisted Consumer,INTUIT,Tax Expert,PL1,Phone,New Hire,30-60 days,After Season,0,0,0,0,2.14,3.08,0,0,110.499999,4,0,0
TTL Assisted Consumer,INTUIT,Tax Expert,PL1,Chat,New Hire,120+ days,26-Apr,0,0,0,0,0,0,0,0,50.366667,3,0,0
TTL Assisted Consumer,INTUIT,Tax Expert,PL1,Chat,New Hire,120+ days,Before Season,10,10,9,9,0,0,0,0,1987.599995,108,0,0
TTL Assisted Consumer,INTUIT,Tax Expert,PL1,Phone,New Hire,30-60 days,26-Apr,6,7,6,7,26.05,30.97,0,0,2664.183334,91,0,0
TTL Assisted Consumer,INTUIT,Tax Expert,PL1,Chat,New Hire,< 30 days,Before Season,1,1,1,1,0,0,0,0,395.199997,27,0,0
TTL Assisted Consumer,INTUIT,Tax Expert,PL1,Phone,New Hire,< 30 days,26-Jan,1,1,1,1,16.57,20.26,0,0,736.866669,36,0,0
TTL Assisted Consumer,INTUIT,Tax Expert,PL1,Chat,Re-Hire,120+ days,26-Jan,0,0,0,0,0,0,0,0,141.300001,9,0,0
TTL Assisted Consumer,INTUIT,Tax Expert,PL1,Chat,Re-Hire,120+ days,26-Apr,0,2,2,2,0,0,0,0,166.466666,7,0,0
TTL Assisted Consumer,INTUIT,Tax Expert,PL1,Chat,New Hire,< 30 days,26-Mar,0,2,1,2,0,0,0,0,808.500001,27,0,0
TTL Assisted Consumer,INTUIT,Tax Expert,PL1,Phone,New Hire,90-120 days,After Season,0,0,0,0,21.37,27.09,0,0,732.083334,32,0,0
TTL Assisted Consumer,INTUIT,Tax Expert,PL1,Chat,Re-Hire,120+ days,26-Feb,3,3,3,3,0,0,0,0,532.5,30,0,0
TTL Assisted Consumer,INTUIT,Tax Expert,PL1,Phone,New Hire,120+ days,26-Apr,1,1,1,1,5.71,7.37,0,0,294.983335,11,0,0
TTL Assisted Consumer,INTUIT,Tax Expert,PL1,Phone,New Hire,120+ days,After Season,6,6,6,6,15.23,16.37,0,0,1535.133333,30,0,0
TTL Assisted Consumer,INTUIT,Tax Expert,PL1,Chat,New Hire,< 30 days,26-Feb,6,7,5,6,0,0,0,0,1421.349993,71,0,0
TTL Assisted Consumer,INTUIT,Tax Expert,PL1,Phone,New Hire,30-60 days,26-Feb,0,3,1,3,21.84,26.05,0,0,1208.883337,45,0,0
TTL Assisted Consumer,INTUIT,Tax Expert,PL1,Chat,Re-Hire,120+ days,26-Mar,0,0,0,0,0,0,0,0,38.5,1,0,0
TTL Assisted Consumer,INTUIT,Tax Expert,PL1,Chat,Re-Hire,30-60 days,After Season,1,1,1,1,0,0,0,0,66.183333,2,0,0
TTL Assisted Consumer,INTUIT,Tax Expert,PL1,Chat,New Hire,< 30 days,After Season,0,0,0,0,0,0,0,0,121.6,3,0,0
TTL Assisted Consumer,INTUIT,Tax Expert,PL1,Phone,Re-Hire,< 30 days,26-Feb,12,18,14,16,91.93,107.82,0,0,4494.183329,185,0,0
TTL Assisted Consumer,INTUIT,Tax Expert,PL1,Phone,Re-Hire,120+ days,Before Season,16,20,18,20,44.68,52.06,0,0,13509.93334,530,0,0
TTL Assisted Consumer,INTUIT,Tax Expert,PL1,Phone,Re-Hire,30-60 days,26-Apr,2,2,2,2,6.58,7.47,0,0,446.599999,17,0,0
TTL Assisted Consumer,INTUIT,Tax Expert,PL1,Phone,Re-Hire,30-60 days,26-Mar,6,6,6,6,37.7,44.71,0,0,2704.183335,107,0,0
TTL Assisted Consumer,INTUIT,Tax Expert,PL1,Chat,Re-Hire,30-60 days,Before Season,20,24,19,23,0,0,0,0,7592.450013,486,0,0
TTL Assisted Consumer,INTUIT,Tax Expert,PL1,Chat,Re-Hire,60-90 days,26-Mar,0,0,0,0,0,0,0,0,303.233334,13,0,0
TTL Assisted Consumer,INTUIT,Tax Expert,PL1,Phone,New Hire,30-60 days,26-Mar,10,10,8,8,66.66,82.92,0,0,5267.583336,189,0,0
TTL Assisted Consumer,INTUIT,Tax Expert,PL1,Phone,New Hire,60-90 days,After Season,1,3,2,3,39.43,51.98,0,0,827.649996,80,0,0
TTL Assisted Consumer,INTUIT,Tax Expert,PL1,Phone,New Hire,120+ days,26-Jan,0,0,0,0,0.2,0.24,0,0,107.033333,1,0,0
TTL Assisted Consumer,INTUIT,Tax Expert,PL1,Phone,Re-Hire,90-120 days,Before Season,0,0,0,0,0,0,0,0,54.366666,3,0,0
TTL Assisted Consumer,INTUIT,Tax Expert,PL1,Chat,Re-Hire,90-120 days,Before Season,0,0,0,0,0,0,0,0,16.466667,1,0,0
TTL Assisted Consumer,INTUIT,Tax Specialist,PL1,Phone,Re-Hire,120+ days,26-Apr,7,14,11,14,102.29,132.86,0,0,3947.116663,197,0,0
TTL Assisted Consumer,INTUIT,Tax Specialist,PL1,Phone,Re-Hire,< 30 days,26-Apr,14,23,15,20,156.7,201.35,0,0,6642.700005,274,0,0
TTL Assisted Consumer,INTUIT,Tax Specialist,PL1,Phone,New Hire,60-90 days,26-Apr,82,149,110,134,1190.76,1480.59,0,0,59986,2292,0,0
TTL Assisted Consumer,INTUIT,Tax Specialist,PL1,Phone,New Hire,30-60 days,After Season,13,15,13,14,942.17,1176.01,0,0,6161.883331,287,0,0
TTL Assisted Consumer,INTUIT,Tax Specialist,PL1,Phone,Re-Hire,30-60 days,26-Mar,5,10,9,10,83.25,106.76,0,0,2817.249996,148,0,0
TTL Assisted Consumer,INTUIT,Tax Specialist,PL1,Phone,Re-Hire,30-60 days,26-Jan,4,6,5,6,46.09,58.3,0,0,8354.083332,280,0,0
TTL Assisted Consumer,INTUIT,Tax Specialist,PL1,Phone,Re-Hire,< 30 days,After Season,-1,1,0,1,10.44,14.29,0,0,195.216667,10,0,0
TTL Assisted Consumer,INTUIT,Tax Specialist,PL1,Chat,Re-Hire,60-90 days,26-Feb,0,2,1,2,0,0,0,0,4841.400002,338,0,0
TTL Assisted Consumer,INTUIT,Tax Specialist,PL1,Phone,Re-Hire,90-120 days,26-Apr,3,8,7,8,100.46,126.04,0,0,4553.999999,190,0,0
TTL Assisted Consumer,INTUIT,Tax Specialist,PL1,Phone,Re-Hire,90-120 days,26-Mar,76,100,82,95,704.12,835.29,0,0,25207.08333,1166,0,0
TTL Assisted Consumer,INTUIT,Tax Specialist,PL1,Chat,New Hire,< 30 days,26-Feb,1,1,1,1,0,0,0,0,1032.216668,10,0,0
TTL Assisted Consumer,INTUIT,Tax Specialist,PL1,Phone,New Hire,< 30 days,26-Mar,67,114,86,104,741.08,900.93,0,0,29778.64999,1187,0,0
TTL Assisted Consumer,INTUIT,Tax Specialist,PL1,Chat,Re-Hire,30-60 days,26-Feb,-1,1,0,0,0,0,0,0,494.766668,47,0,0
TTL Assisted Consumer,INTUIT,Tax Specialist,PL1,Phone,Re-Hire,30-60 days,Before Season,17,23,20,23,214.31,263.49,0,0,9146.216671,482,0,0
TTL Assisted Consumer,INTUIT,Tax Specialist,PL1,Phone,Re-Hire,< 30 days,26-Feb,3,5,4,5,29.44,38.39,0,0,10001.11666,328,0,0
TTL Assisted Consumer,INTUIT,Tax Specialist,PL1,Phone,New Hire,90-120 days,26-Apr,1,3,2,3,12,14.82,0,0,692.483333,17,0,0
TTL Assisted Consumer,INTUIT,Tax Specialist,PL1,Phone,Re-Hire,60-90 days,26-Apr,1,7,3,6,83.46,103.38,0,0,3450.61666,175,0,0
TTL Assisted Consumer,INTUIT,Tax Specialist,PL1,Phone,Re-Hire,< 30 days,26-Jan,-1,1,0,0,12.19,16.7,0,0,7429.583337,211,0,0
TTL Assisted Consumer,INTUIT,Tax Specialist,PL1,Phone,New Hire,60-90 days,26-Mar,4,4,3,3,6.97,8.28,0,0,767.183333,25,0,0
TTL Assisted Consumer,INTUIT,Tax Specialist,PL1,Phone,New Hire,60-90 days,After Season,9,15,10,15,279.64,353.07,0,0,5070.533332,222,0,0
TTL Assisted Consumer,INTUIT,Tax Specialist,PL1,Phone,Re-Hire,60-90 days,26-Mar,96,147,118,140,1000.06,1188.82,0,0,35989.33335,1615,0,0
TTL Assisted Consumer,INTUIT,Tax Specialist,PL1,Phone,Re-Hire,60-90 days,After Season,-1,2,1,2,13.69,17.42,0,0,73.616666,4,0,0
TTL Assisted Consumer,INTUIT,Tax Specialist,PL1,Phone,Re-Hire,30-60 days,After Season,0,0,0,0,34.31,41.63,0,0,359.316665,27,0,0
TTL Assisted Consumer,INTUIT,Tax Specialist,PL1,Phone,New Hire,30-60 days,26-Mar,75,105,84,98,613.43,758.92,0,0,24805.88331,966,0,0
TTL Assisted Consumer,INTUIT,Tax Specialist,PL1,Phone,New Hire,90-120 days,After Season,2,5,3,5,20.64,26.08,0,0,632.316665,36,0,0
TTL Assisted Consumer,INTUIT,Tax Specialist,PL1,Phone,New Hire,30-60 days,26-Apr,1191,1729,1413,1620,14607.46,17977.57,0,0,648853.7334,25215,0,0
TTL Assisted Consumer,INTUIT,Tax Specialist,PL1,Phone,Re-Hire,30-60 days,26-Apr,26,54,41,52,581.59,743.51,0,0,20959.40001,1012,0,0
TTL Assisted Consumer,INTUIT,Tax Specialist,PL1,Phone,New Hire,< 30 days,26-Apr,323,468,392,436,3164.6,3894.76,0,0,153718.4667,5410,0,0
TTL Assisted Consumer,INTUIT,Tax Specialist,PL1,Phone,New Hire,30-60 days,26-Feb,0,0,0,0,7.75,10.85,0,0,245.433333,13,0,0
TTL Assisted Consumer,INTUIT,Tax Specialist,PL1,Phone,Re-Hire,< 30 days,26-Mar,-1,1,0,1,24.81,31.24,0,0,1071.399997,48,0,0
TTL Assisted Consumer,INTUIT,Tax Specialist,PL1,Chat,Re-Hire,< 30 days,26-Jan,1,1,1,1,0,0,0,0,69.016667,8,0,0
TTL Assisted Consumer,INTUIT,Tax Specialist,PL1,Chat,New Hire,30-60 days,26-Apr,0,0,0,0,0,0,0,0,595.233332,22,0,0
TTL Assisted Consumer,INTUIT,Tax Specialist,PL1,Phone,New Hire,< 30 days,26-Feb,3,10,6,8,29.53,37.53,0,0,1221.883332,57,0,0
TTL Assisted Consumer,INTUIT,Tax Specialist,PL1,Chat,New Hire,30-60 days,26-Feb,0,0,0,0,0,0,0,0,64.75,1,0,0
TTL Assisted Consumer,INTUIT,Tax Specialist,PL1,Chat,Re-Hire,< 30 days,26-Feb,1,3,2,2,0,0,0,0,484.049999,31,0,0
TTL Assisted Consumer,INTUIT,Tax Specialist,PL1,Phone,Re-Hire,30-60 days,26-Feb,4,10,6,8,143.11,185.53,0,0,15243.50001,575,0,0
TTL Assisted Consumer,INTUIT,Tax Specialist,PL1,Phone,Re-Hire,< 30 days,Before Season,0,0,0,0,4.84,5.82,0,0,1995.166664,113,0,0
TTL Assisted Consumer,INTUIT,Tax Specialist,PL1,Chat,New Hire,60-90 days,After Season,0,0,0,0,0,0,0,0,88.799998,12,0,0
TTL Assisted Consumer,INTUIT,Tax Specialist,PL1,Phone,New Hire,< 30 days,After Season,0,0,0,0,43.84,53.14,0,0,456.599999,26,0,0
TTL Assisted Consumer,INTUIT,Tax Specialist,PL1,Phone,Re-Hire,60-90 days,26-Feb,148,195,164,184,1265.89,1545.76,0,0,51872.63333,2446,0,0
TTL Assisted Consumer,INTUIT,Tax Specialist,PL1,Phone,Re-Hire,90-120 days,After Season,0,0,0,0,9.75,12.57,0,0,0,0,0,0
TTL Assisted Consumer,INTUIT,Tax Specialist,PL1,Phone,Re-Hire,120+ days,After Season,0,0,0,0,14.47,19.69,0,0,0,0,0,0
TTL Assisted Consumer,INTUIT,Tax Associate,PL2,Phone,Re-Hire,30-60 days,26-Mar,116,149,129,139,1379.8,1659.06,0,0,75438.14999,3030,0,0
TTL Assisted Consumer,INTUIT,Tax Associate,PL2,Phone,Re-Hire,30-60 days,26-Jan,510,642,558,619,5301.57,6476.4,0,0,195190.5333,9567,0,0
TTL Assisted Consumer,INTUIT,Tax Associate,PL2,Chat,Re-Hire,90-120 days,26-Feb,3,12,7,11,0,0,0,0,4721.716668,281,0,0
TTL Assisted Consumer,INTUIT,Tax Associate,PL2,Chat,Re-Hire,90-120 days,26-Mar,47,112,75,105,14.27,20.04,0,0,54085.06667,2090,0,0
TTL Assisted Consumer,INTUIT,Tax Associate,PL2,Chat,Re-Hire,30-60 days,After Season,2,2,2,2,0,0,0,0,2909.400005,127,0,0
TTL Assisted Consumer,INTUIT,Tax Associate,PL2,Phone,Re-Hire,30-60 days,26-Apr,58,76,66,74,581.84,708.98,0,0,29262.33333,1145,0,0
TTL Assisted Consumer,INTUIT,Tax Associate,PL2,Phone,New Hire,90-120 days,26-Mar,35,44,36,42,308.23,387.76,0,0,15133.20001,645,0,0
TTL Assisted Consumer,INTUIT,Tax Associate,PL2,Phone,Re-Hire,60-90 days,26-Feb,824,1090,942,1056,7337.39,8923.21,0,0,251814.2167,12004,0,0
TTL Assisted Consumer,INTUIT,Tax Associate,PL2,Chat,New Hire,90-120 days,26-Mar,4,4,4,4,0,0,0,0,2646.749998,127,0,0
TTL Assisted Consumer,INTUIT,Tax Associate,PL2,Phone,Re-Hire,90-120 days,26-Apr,313,458,387,439,5408.06,6679.73,0,0,277454.6667,12237,0,0
TTL Assisted Consumer,INTUIT,Tax Associate,PL2,Phone,Re-Hire,60-90 days,26-Jan,8,10,9,10,71.77,87.47,0,0,3206.116669,129,0,0
TTL Assisted Consumer,INTUIT,Tax Associate,PL2,Phone,Re-Hire,30-60 days,Before Season,881,1025,913,969,7913.82,9489.09,0,0,273000.25,14876,0,0
TTL Assisted Consumer,INTUIT,Tax Associate,PL2,Chat,Re-Hire,90-120 days,26-Apr,127,312,214,295,21.46,27.2,0,0,196653.6834,7945,0,0
TTL Assisted Consumer,INTUIT,Tax Associate,PL2,Phone,Re-Hire,60-90 days,26-Mar,292,391,327,365,3098.29,3713.7,0,0,173338.0333,7320,0,0
TTL Assisted Consumer,INTUIT,Tax Associate,PL2,Chat,New Hire,60-90 days,26-Apr,19,43,30,39,4.06,5.64,0,0,26654.95001,1037,0,0
TTL Assisted Consumer,INTUIT,Tax Associate,PL2,Phone,Re-Hire,90-120 days,26-Feb,23,39,30,36,233.95,290.96,0,0,7211.933337,410,0,0
TTL Assisted Consumer,INTUIT,Tax Associate,PL2,Chat,Re-Hire,90-120 days,After Season,5,12,10,12,1.55,1.62,0,0,14814.88332,447,0,0
TTL Assisted Consumer,INTUIT,Tax Associate,PL2,Chat,Re-Hire,30-60 days,26-Mar,33,58,41,50,7.04,9.59,0,0,28043.21666,1065,0,0
TTL Assisted Consumer,INTUIT,Tax Associate,PL2,Phone,New Hire,30-60 days,26-Feb,7,14,10,14,125.07,145.45,0,0,4018.71667,261,0,0
TTL Assisted Consumer,INTUIT,Tax Associate,PL2,Chat,New Hire,< 30 days,Before Season,3,3,2,2,0,0,0,0,586.399999,48,0,0
TTL Assisted Consumer,INTUIT,Tax Associate,PL2,Phone,Re-Hire,30-60 days,26-Feb,1087,1463,1240,1391,11395.47,13857.5,0,0,431320.7833,20051,0,0
TTL Assisted Consumer,INTUIT,Tax Associate,PL2,Chat,Re-Hire,30-60 days,Before Season,541,816,649,763,10.23,11.78,0,0,325113.9834,20181,0,0
TTL Assisted Consumer,INTUIT,Tax Associate,PL2,Phone,Re-Hire,120+ days,26-Apr,155,234,186,216,3575.89,4420.48,0,0,135576.9166,6715,0,0
TTL Assisted Consumer,INTUIT,Tax Associate,PL2,Chat,Re-Hire,< 30 days,26-Apr,3,5,4,5,0.71,0.71,0,0,5313.799995,245,0,0
TTL Assisted Consumer,INTUIT,Tax Associate,PL2,Phone,Re-Hire,< 30 days,26-Feb,373,447,389,426,3512.78,4210.64,0,0,141329.05,6088,0,0
TTL Assisted Consumer,INTUIT,Tax Associate,PL2,Phone,Re-Hire,30-60 days,After Season,1,2,2,2,97.85,126.21,0,0,3355.933333,152,0,0
TTL Assisted Consumer,INTUIT,Tax Associate,PL2,Phone,New Hire,60-90 days,26-Jan,1,1,1,1,1.66,1.66,0,0,216.433333,8,0,0
TTL Assisted Consumer,INTUIT,Tax Associate,PL2,Phone,New Hire,90-120 days,After Season,2,5,4,5,43.91,50.91,0,0,3028.633328,96,0,0
TTL Assisted Consumer,INTUIT,Tax Associate,PL2,Chat,New Hire,60-90 days,26-Jan,0,0,0,0,0,0,0,0,17.466667,3,0,0
TTL Assisted Consumer,INTUIT,Tax Associate,PL2,Phone,New Hire,30-60 days,26-Mar,78,114,96,109,917.35,1110.27,0,0,54123.28333,2076,0,0
TTL Assisted Consumer,INTUIT,Tax Associate,PL2,Phone,New Hire,90-120 days,26-Apr,5,5,3,4,21.54,24.37,0,0,1283.85,39,0,0
TTL Assisted Consumer,INTUIT,Tax Associate,PL2,Phone,New Hire,30-60 days,Before Season,11,15,9,12,69.47,81.66,0,0,3665.050004,248,0,0
TTL Assisted Consumer,INTUIT,Tax Associate,PL2,Chat,Re-Hire,120+ days,26-Feb,0,0,0,0,0,0,0,0,10.15,1,0,0
TTL Assisted Consumer,INTUIT,Tax Associate,PL2,Chat,New Hire,90-120 days,After Season,1,1,1,1,0,0,0,0,1101.83334,50,0,0
TTL Assisted Consumer,INTUIT,Tax Associate,PL2,Phone,New Hire,120+ days,After Season,2,4,4,4,78.11,97.74,0,0,2831.749996,143,0,0
TTL Assisted Consumer,INTUIT,Tax Associate,PL2,Chat,Re-Hire,30-60 days,26-Apr,18,29,21,26,0.57,0.71,0,0,18207.46666,786,0,0
TTL Assisted Consumer,INTUIT,Tax Associate,PL2,Phone,New Hire,30-60 days,26-Jan,1,1,1,1,16.1,20.62,0,0,556.233333,31,0,0
TTL Assisted Consumer,INTUIT,Tax Associate,PL2,Chat,Re-Hire,< 30 days,26-Feb,70,111,86,102,4.3,5.58,0,0,35174.68331,1677,0,0
TTL Assisted Consumer,INTUIT,Tax Associate,PL2,Chat,New Hire,< 30 days,26-Jan,1,1,1,1,0,0,0,0,300.300002,19,0,0
TTL Assisted Consumer,INTUIT,Tax Associate,PL2,Phone,Re-Hire,< 30 days,26-Jan,217,256,222,240,2084.71,2535.68,0,0,84515.73332,3801,0,0
TTL Assisted Consumer,INTUIT,Tax Associate,PL2,Phone,Re-Hire,60-90 days,After Season,2,2,2,2,76.57,98.75,0,0,2225.833331,101,0,0
TTL Assisted Consumer,INTUIT,Tax Associate,PL2,Chat,Re-Hire,60-90 days,26-Jan,-1,3,1,2,0,0,0,0,1552.700001,82,0,0
TTL Assisted Consumer,INTUIT,Tax Associate,PL2,Phone,New Hire,30-60 days,After Season,11,25,17,22,511.34,665.38,0,0,15938.28332,732,0,0
TTL Assisted Consumer,INTUIT,Tax Associate,PL2,Phone,Re-Hire,120+ days,After Season,46,84,62,79,1424.3,1825.27,0,0,42639.06667,2329,0,0
TTL Assisted Consumer,INTUIT,Tax Associate,PL2,Chat,Re-Hire,120+ days,After Season,14,43,26,39,3.7,5.32,0,0,28799.88334,1171,0,0
TTL Assisted Consumer,INTUIT,Tax Associate,PL2,Chat,Re-Hire,< 30 days,26-Jan,56,111,80,101,1.65,2.13,0,0,55019.56665,2833,0,0
TTL Assisted Consumer,INTUIT,Tax Associate,PL2,Chat,Re-Hire,30-60 days,26-Feb,317,585,418,544,23.14,29.57,0,0,201461.9833,10197,0,0
TTL Assisted Consumer,INTUIT,Tax Associate,PL2,Phone,New Hire,< 30 days,After Season,0,1,1,1,33.71,38.63,0,0,854.516666,35,0,0
TTL Assisted Consumer,INTUIT,Tax Associate,PL2,Phone,New Hire,120+ days,26-Apr,7,18,13,17,147.25,191.65,0,0,5978.533344,335,0,0
TTL Assisted Consumer,INTUIT,Tax Associate,PL2,Phone,Re-Hire,90-120 days,26-Mar,273,405,338,390,2971.29,3619.79,0,0,165534.9667,7361,0,0
TTL Assisted Consumer,INTUIT,Tax Associate,PL2,Phone,New Hire,60-90 days,26-Mar,12,18,12,16,197.63,242.56,0,0,8490.250004,355,0,0
TTL Assisted Consumer,INTUIT,Tax Associate,PL2,Chat,Re-Hire,30-60 days,26-Jan,121,245,175,226,7.67,9.43,0,0,102326.0833,6854,0,0
TTL Assisted Consumer,INTUIT,Tax Associate,PL2,Phone,New Hire,< 30 days,26-Feb,37,63,46,58,430.47,520.68,0,0,16754.89999,711,0,0
TTL Assisted Consumer,INTUIT,Tax Associate,PL2,Chat,New Hire,60-90 days,26-Mar,5,11,9,11,0,0,0,0,3267.716669,111,0,0
TTL Assisted Consumer,INTUIT,Tax Associate,PL2,Chat,New Hire,< 30 days,After Season,0,0,0,0,0,0,0,0,834.883334,24,0,0
TTL Assisted Consumer,INTUIT,Tax Associate,PL2,Chat,New Hire,30-60 days,26-Jan,0,0,0,0,0,0,0,0,237.866668,18,0,0
TTL Assisted Consumer,INTUIT,Tax Associate,PL2,Phone,Re-Hire,< 30 days,26-Mar,26,33,30,32,306.61,359.25,0,0,17590.01666,666,0,0
TTL Assisted Consumer,INTUIT,Tax Associate,PL2,Chat,New Hire,30-60 days,Before Season,4,7,6,7,0,0,0,0,2451.55,141,0,0
TTL Assisted Consumer,INTUIT,Tax Associate,PL2,Phone,Re-Hire,120+ days,26-Mar,7,13,9,12,109.86,135.11,0,0,6121.816667,255,0,0
TTL Assisted Consumer,INTUIT,Tax Associate,PL2,Chat,New Hire,60-90 days,26-Feb,13,19,14,17,0,0,0,0,5369.416659,253,0,0
TTL Assisted Consumer,INTUIT,Tax Associate,PL2,Chat,Re-Hire,60-90 days,26-Feb,369,722,524,676,20.7,25.17,0,0,239922.7167,11768,0,0
TTL Assisted Consumer,INTUIT,Tax Associate,PL2,Chat,New Hire,< 30 days,26-Apr,21,39,29,35,3.16,4.5,0,0,28344.78333,1210,0,0
TTL Assisted Consumer,INTUIT,Tax Associate,PL2,Chat,New Hire,30-60 days,After Season,-3,11,5,11,0.22,0.71,0,0,11565.33334,507,0,0
TTL Assisted Consumer,INTUIT,Tax Associate,PL2,Phone,New Hire,< 30 days,26-Jan,1,3,2,3,17.93,24.21,0,0,625.616668,35,0,0
TTL Assisted Consumer,INTUIT,Tax Associate,PL2,Phone,Re-Hire,120+ days,26-Feb,0,0,0,0,2.54,3.32,0,0,28.566667,3,0,0
TTL Assisted Consumer,INTUIT,Tax Associate,PL2,Chat,New Hire,30-60 days,26-Mar,18,30,25,28,6.57,7.75,0,0,16613.31666,610,0,0
TTL Assisted Consumer,INTUIT,Tax Associate,PL2,Phone,New Hire,60-90 days,26-Feb,20,33,25,30,253.78,294.53,0,0,8659.600004,417,0,0
TTL Assisted Consumer,INTUIT,Tax Associate,PL2,Chat,New Hire,60-90 days,After Season,3,6,5,6,0.59,0.61,0,0,4203.033337,211,0,0
TTL Assisted Consumer,INTUIT,Tax Associate,PL2,Phone,Re-Hire,60-90 days,26-Apr,143,212,178,201,1883.28,2326.56,0,0,113136.45,4548,0,0
TTL Assisted Consumer,INTUIT,Tax Associate,PL2,Phone,Re-Hire,< 30 days,Before Season,154,180,157,169,1422.97,1707.23,0,0,65418.66666,3637,0,0
TTL Assisted Consumer,INTUIT,Tax Associate,PL2,Phone,New Hire,< 30 days,26-Apr,57,98,74,87,861.55,1058.48,0,0,49008.34999,1852,0,0
TTL Assisted Consumer,INTUIT,Tax Associate,PL2,Chat,Re-Hire,< 30 days,Before Season,205,290,225,274,1.77,2.76,0,0,111063.6167,6518,0,0
TTL Assisted Consumer,INTUIT,Tax Associate,PL2,Chat,New Hire,30-60 days,26-Feb,0,3,1,1,0,0,0,0,969.549999,57,0,0
TTL Assisted Consumer,INTUIT,Tax Associate,PL2,Chat,Re-Hire,120+ days,26-Apr,41,129,83,122,4.51,6.02,0,0,119879.6,4836,0,0
TTL Assisted Consumer,INTUIT,Tax Associate,PL2,Chat,New Hire,< 30 days,26-Feb,16,41,29,39,0,0,0,0,12331.76668,546,0,0
TTL Assisted Consumer,INTUIT,Tax Associate,PL2,Phone,Re-Hire,60-90 days,Before Season,6,6,6,6,71.4,87.99,0,0,3377.300005,154,0,0
TTL Assisted Consumer,INTUIT,Tax Associate,PL2,Chat,New Hire,120+ days,26-Apr,-3,7,2,6,0,0,0,0,1772.233335,98,0,0
TTL Assisted Consumer,INTUIT,Tax Associate,PL2,Phone,New Hire,< 30 days,Before Season,2,2,2,2,18.83,24.74,0,0,2106.249999,120,0,0
TTL Assisted Consumer,INTUIT,Tax Associate,PL2,Chat,New Hire,< 30 days,26-Mar,17,32,21,28,4.43,6.43,0,0,17125.01666,613,0,0
TTL Assisted Consumer,INTUIT,Tax Associate,PL2,Chat,New Hire,120+ days,After Season,0,0,0,0,0.59,0.71,0,0,815.933331,35,0,0
TTL Assisted Consumer,INTUIT,Tax Associate,PL2,Chat,Re-Hire,60-90 days,26-Apr,26,75,51,70,9.34,13.51,0,0,58688.20001,2257,0,0
TTL Assisted Consumer,INTUIT,Tax Associate,PL2,Phone,New Hire,60-90 days,After Season,16,24,19,22,270.6,351.71,0,0,9728.283328,483,0,0
TTL Assisted Consumer,INTUIT,Tax Associate,PL2,Phone,Re-Hire,< 30 days,26-Apr,12,23,19,22,200.44,241.7,0,0,11608.84999,424,0,0
TTL Assisted Consumer,INTUIT,Tax Associate,PL2,Phone,New Hire,60-90 days,26-Apr,50,71,61,70,833.6,1017.37,0,0,39157.99998,1582,0,0
TTL Assisted Consumer,INTUIT,Tax Associate,PL2,Chat,Re-Hire,60-90 days,After Season,2,6,3,5,0.4,0.91,0,0,2503.266664,73,0,0
TTL Assisted Consumer,INTUIT,Tax Associate,PL2,Phone,Re-Hire,90-120 days,After Season,33,36,32,34,574.41,721.93,0,0,15586.60002,761,0,0
TTL Assisted Consumer,INTUIT,Tax Associate,PL2,Chat,Re-Hire,60-90 days,26-Mar,78,144,105,140,9.98,12.87,0,0,62516.51666,2469,0,0
TTL Assisted Consumer,INTUIT,Tax Associate,PL2,Phone,New Hire,30-60 days,26-Apr,166,237,201,231,2901.87,3605.76,0,0,144293.0167,5894,0,0
TTL Assisted Consumer,INTUIT,Tax Associate,PL2,Chat,Re-Hire,60-90 days,Before Season,2,4,2,3,0.37,0.71,0,0,1739.166665,123,0,0
TTL Assisted Consumer,INTUIT,Tax Associate,PL2,Phone,New Hire,< 30 days,26-Mar,96,140,112,132,1038.63,1262.61,0,0,67720.66667,2496,0,0
TTL Assisted Consumer,INTUIT,Tax Associate,PL2,Chat,New Hire,90-120 days,26-Apr,1,1,1,1,0,0,0,0,257.65,7,0,0
TTL Assisted Consumer,INTUIT,Tax Associate,PL2,Chat,Re-Hire,< 30 days,26-Mar,11,15,13,15,2.24,2.65,0,0,6811.433337,190,0,0
TTL Assisted Consumer,INTUIT,Tax Associate,PL2,Chat,New Hire,30-60 days,26-Apr,67,149,105,141,10.48,14.2,0,0,98915.50001,4164,0,0
TTL Assisted Consumer,INTUIT,Tax Associate,PL2,Chat,Re-Hire,120+ days,26-Mar,4,4,3,3,0,0,0,0,1353.400001,68,0,0
TTL Assisted Consumer,INTUIT,Tax Associate,PL2,Chat,New Hire,120+ days,Before Season,-1,1,0,1,0,0,0,0,841.050001,38,0,0
TTL Assisted Consumer,INTUIT,Tax Associate,PL2,Phone,New Hire,120+ days,26-Mar,0,0,0,0,0,0,0,0,24.816667,1,0,0
TTL Assisted Consumer,INTUIT,Tax Associate,PL2,Phone,New Hire,120+ days,Before Season,1,1,1,1,0,0,0,0,738.716671,71,0,0
TTL Assisted Consumer,INTUIT,Tax Associate,PL2,Chat,Re-Hire,120+ days,Before Season,3,5,4,5,0,0,0,0,2179.783334,97,0,0
TTL Assisted Consumer,INTUIT,Tax Associate,PL2,Phone,Re-Hire,120+ days,Before Season,2,3,1,1,0,0,0,0,1960.250002,158,0,0
TTL Assisted Consumer,INTUIT,Tax Expert,PL2,Chat,Re-Hire,120+ days,Before Season,40,51,45,50,0,0,0,0,18348.68334,823,0,0
TTL Assisted Consumer,INTUIT,Tax Expert,PL2,Phone,New Hire,30-60 days,After Season,2,4,2,4,67.26,88.78,0,0,1893.683335,92,0,0
TTL Assisted Consumer,INTUIT,Tax Expert,PL2,Chat,Re-Hire,120+ days,26-Apr,10,12,11,12,0.72,0.96,0,0,5596.033328,304,0,0
TTL Assisted Consumer,INTUIT,Tax Expert,PL2,Phone,Re-Hire,< 30 days,26-Jan,36,45,38,40,389.78,475.19,0,0,15539.7,763,0,0
TTL Assisted Consumer,INTUIT,Tax Expert,PL2,Phone,Re-Hire,120+ days,After Season,9,9,8,8,125.61,157.78,0,0,5009.01667,237,0,0
TTL Assisted Consumer,INTUIT,Tax Expert,PL2,Phone,Re-Hire,60-90 days,26-Feb,54,66,56,60,515.13,615.35,0,0,16948.36667,839,0,0
TTL Assisted Consumer,INTUIT,Tax Expert,PL2,Chat,Re-Hire,< 30 days,26-Apr,6,7,6,6,0,0,0,0,1521.216667,58,0,0
TTL Assisted Consumer,INTUIT,Tax Expert,PL2,Phone,New Hire,90-120 days,26-Feb,0,2,2,2,11.84,20,0,0,422.866667,31,0,0
TTL Assisted Consumer,INTUIT,Tax Expert,PL2,Phone,Re-Hire,60-90 days,26-Jan,2,3,3,3,35.6,42.89,0,0,1523.7,59,0,0
TTL Assisted Consumer,INTUIT,Tax Expert,PL2,Chat,New Hire,60-90 days,26-Apr,1,1,1,1,0.26,0.71,0,0,1849.450001,68,0,0
TTL Assisted Consumer,INTUIT,Tax Expert,PL2,Chat,Re-Hire,60-90 days,26-Mar,3,6,4,6,0,0,0,0,3048.966671,131,0,0
TTL Assisted Consumer,INTUIT,Tax Expert,PL2,Phone,New Hire,120+ days,After Season,0,0,0,0,3.41,4.26,0,0,180.066667,4,0,0
TTL Assisted Consumer,INTUIT,Tax Expert,PL2,Phone,Re-Hire,30-60 days,Before Season,61,66,62,62,579.37,691.56,0,0,23960.53334,1325,0,0
TTL Assisted Consumer,INTUIT,Tax Expert,PL2,Chat,Re-Hire,90-120 days,26-Mar,4,4,4,4,0.39,0.71,0,0,2307.550003,100,0,0
TTL Assisted Consumer,INTUIT,Tax Expert,PL2,Phone,New Hire,60-90 days,After Season,3,3,3,3,30.71,38.82,0,0,1230.216664,56,0,0
TTL Assisted Consumer,INTUIT,Tax Expert,PL2,Phone,New Hire,30-60 days,26-Mar,9,10,10,10,92.22,114.41,0,0,5669.950003,197,0,0
TTL Assisted Consumer,INTUIT,Tax Expert,PL2,Phone,Re-Hire,120+ days,26-Mar,14,29,21,29,198.11,236.28,0,0,9473.466667,354,0,0
TTL Assisted Consumer,INTUIT,Tax Expert,PL2,Chat,New Hire,90-120 days,26-Mar,1,1,1,2,0,0,0,0,575.850001,29,0,0
TTL Assisted Consumer,INTUIT,Tax Expert,PL2,Phone,Re-Hire,< 30 days,26-Apr,4,5,4,4,35.84,43.96,0,0,2467.783331,79,0,0
TTL Assisted Consumer,INTUIT,Tax Expert,PL2,Phone,New Hire,90-120 days,26-Mar,-1,3,1,3,41.99,57.68,0,0,2078.516665,96,0,0
TTL Assisted Consumer,INTUIT,Tax Expert,PL2,Phone,Re-Hire,30-60 days,26-Feb,89,112,99,108,902.73,1094.3,0,0,38592.08333,1706,0,0
TTL Assisted Consumer,INTUIT,Tax Expert,PL2,Phone,New Hire,< 30 days,26-Jan,0,0,0,0,1.4,2.33,0,0,174.333333,3,0,0
TTL Assisted Consumer,INTUIT,Tax Expert,PL2,Phone,Re-Hire,60-90 days,After Season,2,2,2,2,16.93,25.65,0,0,565.783334,47,0,0
TTL Assisted Consumer,INTUIT,Tax Expert,PL2,Chat,Re-Hire,120+ days,After Season,2,5,3,5,0.46,0.71,0,0,1873.699998,98,0,0
TTL Assisted Consumer,INTUIT,Tax Expert,PL2,Phone,New Hire,60-90 days,26-Feb,1,1,1,1,4.2,4.92,0,0,186.283333,6,0,0
TTL Assisted Consumer,INTUIT,Tax Expert,PL2,Phone,New Hire,60-90 days,26-Apr,0,3,2,3,57.73,70.13,0,0,2828.650006,96,0,0
TTL Assisted Consumer,INTUIT,Tax Expert,PL2,Phone,Re-Hire,30-60 days,26-Apr,8,10,7,9,116.22,140.06,0,0,5398.016662,220,0,0
TTL Assisted Consumer,INTUIT,Tax Expert,PL2,Phone,Re-Hire,120+ days,26-Feb,23,29,27,28,121.79,138.92,0,0,4492.516663,202,0,0
TTL Assisted Consumer,INTUIT,Tax Expert,PL2,Chat,Re-Hire,90-120 days,After Season,1,1,1,1,0.12,0.71,0,0,2229.450003,46,0,0
TTL Assisted Consumer,INTUIT,Tax Expert,PL2,Chat,New Hire,120+ days,26-Mar,0,0,0,0,0,0,0,0,722.316667,30,0,0
TTL Assisted Consumer,INTUIT,Tax Expert,PL2,Phone,Re-Hire,< 30 days,Before Season,16,19,18,19,152.01,182.68,0,0,8526.249997,473,0,0
TTL Assisted Consumer,INTUIT,Tax Expert,PL2,Chat,Re-Hire,120+ days,26-Jan,4,4,4,4,0,0,0,0,786.833332,57,0,0
TTL Assisted Consumer,INTUIT,Tax Expert,PL2,Chat,Re-Hire,30-60 days,26-Mar,0,0,0,0,1,1.42,0,0,420.883332,21,0,0
TTL Assisted Consumer,INTUIT,Tax Expert,PL2,Chat,Re-Hire,30-60 days,26-Jan,12,21,15,20,0.57,0.71,0,0,6619.716658,420,0,0
TTL Assisted Consumer,INTUIT,Tax Expert,PL2,Chat,New Hire,< 30 days,After Season,0,0,0,0,0,0,0,0,202.599999,4,0,0
TTL Assisted Consumer,INTUIT,Tax Expert,PL2,Phone,New Hire,< 30 days,26-Feb,8,14,11,14,143.16,169.61,0,0,7429.533336,222,0,0
TTL Assisted Consumer,INTUIT,Tax Expert,PL2,Chat,New Hire,30-60 days,26-Mar,0,2,1,1,0,0,0,0,1401.783337,45,0,0
TTL Assisted Consumer,INTUIT,Tax Expert,PL2,Chat,New Hire,60-90 days,26-Feb,0,1,1,1,0,0,0,0,266.466667,5,0,0
TTL Assisted Consumer,INTUIT,Tax Expert,PL2,Chat,New Hire,120+ days,26-Apr,0,0,0,0,0,0,0,0,166.266667,10,0,0
TTL Assisted Consumer,INTUIT,Tax Expert,PL2,Chat,Re-Hire,< 30 days,Before Season,21,23,22,22,0,0,0,0,11539.31667,647,0,0
TTL Assisted Consumer,INTUIT,Tax Expert,PL2,Phone,Re-Hire,60-90 days,26-Apr,10,12,10,12,38.22,46.43,0,0,2080.350001,92,0,0
TTL Assisted Consumer,INTUIT,Tax Expert,PL2,Phone,New Hire,< 30 days,26-Apr,3,9,6,9,100.59,127.96,0,0,4311.133325,213,0,0
TTL Assisted Consumer,INTUIT,Tax Expert,PL2,Phone,Re-Hire,120+ days,Before Season,78,84,74,79,53.32,60.1,0,0,25290.16666,1270,0,0
TTL Assisted Consumer,INTUIT,Tax Expert,PL2,Phone,Re-Hire,90-120 days,26-Apr,16,18,16,17,186.34,231.57,0,0,12313.45,536,0,0
TTL Assisted Consumer,INTUIT,Tax Expert,PL2,Phone,New Hire,< 30 days,Before Season,0,0,0,0,0,0,0,0,77.833333,4,0,0
TTL Assisted Consumer,INTUIT,Tax Expert,PL2,Chat,Re-Hire,120+ days,26-Mar,8,8,8,8,0,0,0,0,2174.933332,90,0,0
TTL Assisted Consumer,INTUIT,Tax Expert,PL2,Chat,New Hire,30-60 days,Before Season,1,1,0,0,0,0,0,0,540.949999,22,0,0
TTL Assisted Consumer,INTUIT,Tax Expert,PL2,Chat,New Hire,< 30 days,26-Apr,-1,6,2,5,0,0,0,0,4553.150003,163,0,0
TTL Assisted Consumer,INTUIT,Tax Expert,PL2,Chat,New Hire,60-90 days,26-Mar,0,1,0,1,0,0,0,0,151.916667,8,0,0
TTL Assisted Consumer,INTUIT,Tax Expert,PL2,Chat,Re-Hire,60-90 days,Before Season,3,3,3,3,0,0,0,0,1845.716665,134,0,0
TTL Assisted Consumer,INTUIT,Tax Expert,PL2,Chat,New Hire,90-120 days,26-Feb,-1,1,0,1,0,0,0,0,173.45,9,0,0
TTL Assisted Consumer,INTUIT,Tax Expert,PL2,Chat,Re-Hire,< 30 days,26-Feb,6,15,11,14,1.26,1.42,0,0,3019.749997,187,0,0
TTL Assisted Consumer,INTUIT,Tax Expert,PL2,Chat,Re-Hire,60-90 days,26-Apr,0,0,0,0,0,0,0,0,1236.550001,40,0,0
TTL Assisted Consumer,INTUIT,Tax Expert,PL2,Chat,Re-Hire,< 30 days,26-Jan,7,16,13,15,0,0,0,0,5693.183331,449,0,0
TTL Assisted Consumer,INTUIT,Tax Expert,PL2,Chat,Re-Hire,30-60 days,Before Season,48,77,58,71,0,0,0,0,26216.38332,1460,0,0
TTL Assisted Consumer,INTUIT,Tax Expert,PL2,Phone,Re-Hire,90-120 days,26-Feb,16,18,18,18,136.24,162.98,0,0,5500.966662,237,0,0
TTL Assisted Consumer,INTUIT,Tax Expert,PL2,Chat,Re-Hire,120+ days,26-Feb,8,8,7,7,0.24,0.71,0,0,1598.583337,105,0,0
TTL Assisted Consumer,INTUIT,Tax Expert,PL2,Chat,New Hire,30-60 days,26-Apr,10,19,15,18,0.35,0.71,0,0,14646.78333,648,0,0
TTL Assisted Consumer,INTUIT,Tax Expert,PL2,Phone,New Hire,30-60 days,Before Season,0,1,1,1,9.24,12.28,0,0,620.983335,32,0,0
TTL Assisted Consumer,INTUIT,Tax Expert,PL2,Chat,New Hire,60-90 days,After Season,1,1,1,1,0,0,0,0,555.9,28,0,0
TTL Assisted Consumer,INTUIT,Tax Expert,PL2,Phone,Re-Hire,60-90 days,Before Season,4,6,4,6,56.12,65.94,0,0,1817.849995,104,0,0
TTL Assisted Consumer,INTUIT,Tax Expert,PL2,Chat,Re-Hire,60-90 days,26-Jan,2,2,2,2,0,0,0,0,750.45,32,0,0
TTL Assisted Consumer,INTUIT,Tax Expert,PL2,Phone,Re-Hire,90-120 days,After Season,1,1,1,1,29.58,41.82,0,0,1680.266667,74,0,0
TTL Assisted Consumer,INTUIT,Tax Expert,PL2,Chat,Re-Hire,90-120 days,26-Apr,6,10,7,8,0.57,0.71,0,0,7053.300005,288,0,0
TTL Assisted Consumer,INTUIT,Tax Expert,PL2,Chat,New Hire,30-60 days,26-Feb,0,1,0,1,0,0,0,0,1617.000001,7,0,0
TTL Assisted Consumer,INTUIT,Tax Expert,PL2,Chat,Re-Hire,90-120 days,26-Feb,2,6,5,6,0,0,0,0,3592.033337,162,0,0
TTL Assisted Consumer,INTUIT,Tax Expert,PL2,Chat,New Hire,30-60 days,After Season,2,2,2,2,0.55,0.71,0,0,1139.600002,47,0,0
TTL Assisted Consumer,INTUIT,Tax Expert,PL2,Phone,Re-Hire,< 30 days,26-Feb,45,59,50,55,412.14,496.77,0,0,18001.98333,770,0,0
TTL Assisted Consumer,INTUIT,Tax Expert,PL2,Phone,New Hire,< 30 days,26-Mar,16,20,17,19,159.48,196.81,0,0,6495.399997,305,0,0
TTL Assisted Consumer,INTUIT,Tax Expert,PL2,Phone,New Hire,30-60 days,26-Feb,0,0,0,0,3.99,4.94,0,0,167.666666,9,0,0
TTL Assisted Consumer,INTUIT,Tax Expert,PL2,Chat,Re-Hire,30-60 days,After Season,2,2,2,3,0,0,0,0,1333.633336,74,0,0
TTL Assisted Consumer,INTUIT,Tax Expert,PL2,Phone,Re-Hire,30-60 days,After Season,4,7,6,7,85.33,107.1,0,0,3414.899997,147,0,0
TTL Assisted Consumer,INTUIT,Tax Expert,PL2,Chat,New Hire,< 30 days,26-Mar,1,3,2,3,0.47,0.71,0,0,1283.66667,64,0,0
TTL Assisted Consumer,INTUIT,Tax Expert,PL2,Phone,New Hire,90-120 days,26-Apr,0,0,0,0,5.13,7.11,0,0,202.5,9,0,0
TTL Assisted Consumer,INTUIT,Tax Expert,PL2,Phone,Re-Hire,60-90 days,26-Mar,17,20,19,20,131.22,162.78,0,0,8037.483337,301,0,0
TTL Assisted Consumer,INTUIT,Tax Expert,PL2,Chat,Re-Hire,30-60 days,26-Apr,5,8,6,7,0,0,0,0,3464.21667,131,0,0
TTL Assisted Consumer,INTUIT,Tax Expert,PL2,Phone,Re-Hire,120+ days,26-Jan,8,8,7,8,24.54,29.39,0,0,1233.633332,50,0,0
TTL Assisted Consumer,INTUIT,Tax Expert,PL2,Phone,New Hire,60-90 days,26-Mar,1,3,2,2,10.93,12.99,0,0,525.966667,20,0,0
TTL Assisted Consumer,INTUIT,Tax Expert,PL2,Chat,Re-Hire,60-90 days,26-Feb,20,26,24,24,0.55,0.71,0,0,12410.65,635,0,0
TTL Assisted Consumer,INTUIT,Tax Expert,PL2,Chat,Re-Hire,60-90 days,After Season,-1,1,0,1,0,0,0,0,173.099999,14,0,0
TTL Assisted Consumer,INTUIT,Tax Expert,PL2,Chat,New Hire,< 30 days,26-Feb,8,11,8,11,0,0,0,0,3898.15,173,0,0
TTL Assisted Consumer,INTUIT,Tax Expert,PL2,Chat,Re-Hire,< 30 days,26-Mar,-1,1,1,1,0,0,0,0,272.783332,9,0,0
TTL Assisted Consumer,INTUIT,Tax Expert,PL2,Phone,Re-Hire,90-120 days,26-Mar,18,26,21,24,192.15,236.02,0,0,8283.15,429,0,0
TTL Assisted Consumer,INTUIT,Tax Expert,PL2,Phone,New Hire,120+ days,26-Mar,-7,7,0,7,37.43,69.63,0,0,1946.100001,140,0,0
TTL Assisted Consumer,INTUIT,Tax Expert,PL2,Phone,Re-Hire,30-60 days,26-Jan,32,36,33,34,334.66,403.84,0,0,14259.15003,661,0,0
TTL Assisted Consumer,INTUIT,Tax Expert,PL2,Phone,New Hire,120+ days,26-Apr,1,1,1,1,4.2,5.34,0,0,319.233333,11,0,0
TTL Assisted Consumer,INTUIT,Tax Expert,PL2,Chat,Re-Hire,30-60 days,26-Feb,35,49,39,45,1.69,2.13,0,0,17001.36668,864,0,0
TTL Assisted Consumer,INTUIT,Tax Expert,PL2,Phone,Re-Hire,30-60 days,26-Mar,6,14,11,13,85.41,102,0,0,4074.51667,177,0,0
TTL Assisted Consumer,INTUIT,Tax Expert,PL2,Phone,New Hire,30-60 days,26-Apr,17,34,27,33,414.62,518.65,0,0,16486.41667,818,0,0
TTL Assisted Consumer,INTUIT,Tax Expert,PL2,Phone,Re-Hire,120+ days,26-Apr,22,34,31,34,326.24,404.46,0,0,15746.93332,687,0,0
TTL Assisted Consumer,INTUIT,Tax Expert,PL2,Phone,Re-Hire,< 30 days,26-Mar,2,2,2,2,33.08,39.8,0,0,1819.099998,72,0,0
TTL Assisted Consumer,INTUIT,Tax Expert,PL2,Phone,New Hire,< 30 days,After Season,0,0,0,0,4.35,5.38,0,0,60.383334,2,0,0
TTL Assisted Consumer,INTUIT,Tax Expert,PL2,Chat,New Hire,< 30 days,Before Season,0,0,0,0,0,0,0,0,64.733334,2,0,0
TTL Assisted Consumer,INTUIT,Tax Specialist,PL2,Phone,Re-Hire,30-60 days,26-Apr,18,22,19,20,148.69,178.66,0,0,6158.366674,252,0,0
TTL Assisted Consumer,INTUIT,Tax Specialist,PL2,Phone,Re-Hire,60-90 days,After Season,6,6,4,6,67.81,81.3,0,0,2744.466665,107,0,0
TTL Assisted Consumer,INTUIT,Tax Specialist,PL2,Chat,Re-Hire,60-90 days,26-Feb,2,6,4,6,0,0,0,0,6627.416671,452,0,0
TTL Assisted Consumer,INTUIT,Tax Specialist,PL2,Phone,Re-Hire,60-90 days,26-Apr,97,141,123,136,910.23,1091.53,0,0,37117.68333,1463,0,0
TTL Assisted Consumer,INTUIT,Tax Specialist,PL2,Chat,New Hire,30-60 days,26-Apr,0,0,0,0,0,0,0,0,88.233333,5,0,0
TTL Assisted Consumer,INTUIT,Tax Specialist,PL2,Chat,Re-Hire,90-120 days,26-Apr,1,1,1,1,0,0,0,0,75.299999,3,0,0
TTL Assisted Consumer,INTUIT,Tax Specialist,PL2,Phone,New Hire,30-60 days,26-Apr,1343,1848,1556,1746,17039.44,20892.06,0,0,695877.9667,27779,0,0
TTL Assisted Consumer,INTUIT,Tax Specialist,PL2,Chat,Re-Hire,60-90 days,26-Mar,0,0,0,0,0,0,0,0,1.733333,1,0,0
TTL Assisted Consumer,INTUIT,Tax Specialist,PL2,Chat,Re-Hire,30-60 days,26-Feb,4,4,3,3,0,0,0,0,1132.866667,85,0,0
TTL Assisted Consumer,INTUIT,Tax Specialist,PL2,Phone,Re-Hire,120+ days,After Season,4,12,8,12,322.85,403.35,0,0,4950.533329,252,0,0
TTL Assisted Consumer,INTUIT,Tax Specialist,PL2,Phone,Re-Hire,90-120 days,After Season,17,27,19,25,507.94,636.39,0,0,9858.199994,467,0,0
TTL Assisted Consumer,INTUIT,Tax Specialist,PL2,Phone,New Hire,30-60 days,After Season,11,17,12,16,593.22,751.17,0,0,6345.716661,290,0,0
TTL Assisted Consumer,INTUIT,Tax Specialist,PL2,Phone,Re-Hire,120+ days,26-Mar,3,7,5,7,39.98,51.6,0,0,1228.516667,67,0,0
TTL Assisted Consumer,INTUIT,Tax Specialist,PL2,Phone,Re-Hire,30-60 days,26-Jan,6,8,7,8,67.47,76.81,0,0,21576.39998,790,0,0
TTL Assisted Consumer,INTUIT,Tax Specialist,PL2,Phone,New Hire,30-60 days,26-Mar,552,773,647,732,4940.65,6050.72,0,0,196416.45,8001,0,0
TTL Assisted Consumer,INTUIT,Tax Specialist,PL2,Phone,Re-Hire,60-90 days,26-Mar,213,313,259,296,2181.17,2594.54,0,0,80816.31664,3558,0,0
TTL Assisted Consumer,INTUIT,Tax Specialist,PL2,Phone,New Hire,< 30 days,26-Apr,1,1,1,1,7.87,9.13,0,0,531.149998,13,0,0
TTL Assisted Consumer,INTUIT,Tax Specialist,PL2,Phone,New Hire,60-90 days,26-Mar,0,0,0,0,1.6,1.9,0,0,1743.000002,79,0,0
TTL Assisted Consumer,INTUIT,Tax Specialist,PL2,Phone,Re-Hire,< 30 days,26-Mar,0,0,0,0,1.88,2.16,0,0,25.883333,2,0,0
TTL Assisted Consumer,INTUIT,Tax Specialist,PL2,Phone,New Hire,60-90 days,26-Apr,664,921,772,870,9340.82,11447.33,0,0,411196.1,16099,0,0
TTL Assisted Consumer,INTUIT,Tax Specialist,PL2,Phone,Re-Hire,< 30 days,26-Feb,0,0,0,0,6.41,7.07,0,0,814.266669,37,0,0
TTL Assisted Consumer,INTUIT,Tax Specialist,PL2,Phone,Re-Hire,30-60 days,26-Mar,13,17,13,17,116.89,140.42,0,0,3812.483332,175,0,0
TTL Assisted Consumer,INTUIT,Tax Specialist,PL2,Chat,Re-Hire,< 30 days,26-Feb,0,0,0,0,0,0,0,0,97.35,3,0,0
TTL Assisted Consumer,INTUIT,Tax Specialist,PL2,Phone,Re-Hire,90-120 days,26-Apr,334,453,380,424,4852.81,5884.11,0,0,197118.65,8147,0,0
TTL Assisted Consumer,INTUIT,Tax Specialist,PL2,Chat,New Hire,30-60 days,26-Mar,0,0,0,0,0,0,0,0,237.383333,16,0,0
TTL Assisted Consumer,INTUIT,Tax Specialist,PL2,Phone,Re-Hire,30-60 days,26-Feb,28,32,29,31,234.79,274.52,0,0,31133.21667,1192,0,0
TTL Assisted Consumer,INTUIT,Tax Specialist,PL2,Phone,Re-Hire,30-60 days,After Season,0,0,0,0,9.81,11.59,0,0,0,0,0,0
TTL Assisted Consumer,INTUIT,Tax Specialist,PL2,Phone,New Hire,< 30 days,26-Mar,5,10,7,10,52.94,65.28,0,0,2061.783334,91,0,0
TTL Assisted Consumer,INTUIT,Tax Specialist,PL2,Phone,Re-Hire,90-120 days,26-Mar,226,290,250,279,1496.38,1771.26,0,0,57299.59998,2406,0,0
TTL Assisted Consumer,INTUIT,Tax Specialist,PL2,Phone,Re-Hire,30-60 days,Before Season,62,65,58,61,536.76,631.31,0,0,24672.70001,1085,0,0
TTL Assisted Consumer,INTUIT,Tax Specialist,PL2,Chat,Re-Hire,60-90 days,26-Apr,0,0,0,0,0,0,0,0,70.266667,5,0,0
TTL Assisted Consumer,INTUIT,Tax Specialist,PL2,Phone,Re-Hire,120+ days,26-Apr,278,363,318,354,3430.9,4205,0,0,144493.45,5833,0,0
TTL Assisted Consumer,INTUIT,Tax Specialist,PL2,Chat,New Hire,60-90 days,After Season,-1,1,0,1,0.22,0.71,0,0,59.933333,4,0,0
TTL Assisted Consumer,INTUIT,Tax Specialist,PL2,Phone,Re-Hire,< 30 days,26-Jan,0,0,0,0,0.91,0.91,0,0,681.549998,19,0,0
TTL Assisted Consumer,INTUIT,Tax Specialist,PL2,Chat,Re-Hire,120+ days,26-Apr,1,1,1,1,0,0,0,0,51.983334,3,0,0
TTL Assisted Consumer,INTUIT,Tax Specialist,PL2,Phone,Re-Hire,60-90 days,26-Feb,256,318,263,297,2145.97,2561.98,0,0,89344.59998,4161,0,0
TTL Assisted Consumer,INTUIT,Tax Specialist,PL2,Phone,New Hire,60-90 days,After Season,30,46,36,42,1124.34,1392.05,0,0,19306.7,810,0,0
TTL Assisted Consumer,INTUIT,Tax Specialist,PL2,Phone,Re-Hire,< 30 days,Before Season,-1,1,0,1,0,0,0,0,2264.98333,145,0,0
TTL Assisted Consumer,INTUIT,Tax Specialist,PL2,Phone,New Hire,90-120 days,After Season,2,2,2,2,54.37,64.28,0,0,2211.583332,103,0,0
TTL Assisted Consumer,INTUIT,Tax Associate,PL3,Phone,Re-Hire,120+ days,26-Mar,47,63,56,61,399.68,478.4,0,0,16493.4,754,0,0
TTL Assisted Consumer,INTUIT,Tax Associate,PL3,Chat,New Hire,90-120 days,26-Apr,0,0,0,0,0,0,0,0,182.1,15,0,0
TTL Assisted Consumer,INTUIT,Tax Associate,PL3,Chat,Re-Hire,30-60 days,26-Apr,4,10,8,10,0,0,0,0,5159.599999,149,0,0
TTL Assisted Consumer,INTUIT,Tax Associate,PL3,Chat,Re-Hire,< 30 days,26-Apr,3,3,3,3,0,0,0,0,1182.166666,42,0,0
TTL Assisted Consumer,INTUIT,Tax Associate,PL3,Chat,Re-Hire,120+ days,26-Mar,4,6,5,6,0,0,0,0,2846.616671,155,0,0
TTL Assisted Consumer,INTUIT,Tax Associate,PL3,Chat,New Hire,60-90 days,Before Season,6,9,8,9,0,0,0,0,2453.833333,170,0,0
TTL Assisted Consumer,INTUIT,Tax Associate,PL3,Chat,Re-Hire,60-90 days,26-Apr,23,46,36,42,0,0,0,0,23964.09999,901,0,0
TTL Assisted Consumer,INTUIT,Tax Associate,PL3,Phone,Re-Hire,60-90 days,26-Mar,206,281,245,271,1987.27,2356.99,0,0,91370.98336,3796,0,0
TTL Assisted Consumer,INTUIT,Tax Associate,PL3,Phone,Re-Hire,< 30 days,Before Season,197,246,206,231,1036.54,1231.93,0,0,128140.9667,5867,0,0
TTL Assisted Consumer,INTUIT,Tax Associate,PL3,Phone,New Hire,60-90 days,26-Jan,2,3,3,3,43.63,53.13,0,0,1585.383334,104,0,0
TTL Assisted Consumer,INTUIT,Tax Associate,PL3,Chat,Re-Hire,30-60 days,26-Jan,50,93,72,88,0.71,0.71,0,0,43778.66668,2795,0,0
TTL Assisted Consumer,INTUIT,Tax Associate,PL3,Chat,Re-Hire,30-60 days,Before Season,286,427,336,404,0,0,0,0,160613.4667,9309,0,0
TTL Assisted Consumer,INTUIT,Tax Associate,PL3,Phone,New Hire,60-90 days,After Season,9,14,11,13,222.64,286.07,0,0,6784.783338,311,0,0
TTL Assisted Consumer,INTUIT,Tax Associate,PL3,Chat,New Hire,60-90 days,After Season,0,2,1,2,0,0,0,0,4961.566667,168,0,0
TTL Assisted Consumer,INTUIT,Tax Associate,PL3,Phone,New Hire,30-60 days,26-Jan,2,2,2,2,47.66,61.98,0,0,2307.666672,125,0,0
TTL Assisted Consumer,INTUIT,Tax Associate,PL3,Phone,Re-Hire,30-60 days,26-Feb,680,872,738,828,5174.9,6284.58,0,0,208475.5,9197,0,0
TTL Assisted Consumer,INTUIT,Tax Associate,PL3,Phone,New Hire,120+ days,After Season,10,12,10,11,107.62,134.54,0,0,4854.533333,210,0,0
TTL Assisted Consumer,INTUIT,Tax Associate,PL3,Chat,Re-Hire,30-60 days,After Season,0,0,0,0,0,0,0,0,753.083333,26,0,0
TTL Assisted Consumer,INTUIT,Tax Associate,PL3,Chat,Re-Hire,< 30 days,After Season,0,0,0,0,0,0,0,0,55.649999,4,0,0
TTL Assisted Consumer,INTUIT,Tax Associate,PL3,Phone,Re-Hire,30-60 days,26-Mar,86,100,92,97,716.26,841.7,0,0,32107.33334,1299,0,0
TTL Assisted Consumer,INTUIT,Tax Associate,PL3,Chat,New Hire,90-120 days,After Season,2,2,2,2,0,0,0,0,1974.633331,58,0,0
TTL Assisted Consumer,INTUIT,Tax Associate,PL3,Chat,New Hire,30-60 days,26-Feb,0,0,0,0,0,0,0,0,104.8,9,0,0
TTL Assisted Consumer,INTUIT,Tax Associate,PL3,Chat,New Hire,60-90 days,26-Apr,7,14,11,14,0,0,0,0,10201.81666,348,0,0
TTL Assisted Consumer,INTUIT,Tax Associate,PL3,Chat,New Hire,120+ days,26-Mar,0,0,0,0,0,0,0,0,3.133333,1,0,0
TTL Assisted Consumer,INTUIT,Tax Associate,PL3,Phone,New Hire,< 30 days,26-Feb,59,79,63,75,452.87,552.4,0,0,17685.3,824,0,0
TTL Assisted Consumer,INTUIT,Tax Associate,PL3,Chat,Re-Hire,120+ days,After Season,21,86,52,81,0,0,0,0,43627.35001,1750,0,0
TTL Assisted Consumer,INTUIT,Tax Associate,PL3,Chat,New Hire,30-60 days,Before Season,3,7,5,5,0,0,0,0,4304.350003,283,0,0
TTL Assisted Consumer,INTUIT,Tax Associate,PL3,Phone,Re-Hire,90-120 days,Before Season,15,17,16,16,79.79,97.67,0,0,2785.850003,151,0,0
TTL Assisted Consumer,INTUIT,Tax Associate,PL3,Phone,New Hire,120+ days,26-Mar,5,7,6,7,51,60.94,0,0,1799.750001,92,0,0
TTL Assisted Consumer,INTUIT,Tax Associate,PL3,Phone,Re-Hire,< 30 days,26-Apr,10,16,13,16,98.91,116.74,0,0,5184.883338,176,0,0
TTL Assisted Consumer,INTUIT,Tax Associate,PL3,Chat,Re-Hire,60-90 days,Before Season,9,14,10,14,0,0,0,0,8675.733341,445,0,0
TTL Assisted Consumer,INTUIT,Tax Associate,PL3,Phone,Re-Hire,30-60 days,26-Jan,343,406,355,386,2909.96,3539.48,0,0,113003.2833,5345,0,0
TTL Assisted Consumer,INTUIT,Tax Associate,PL3,Phone,New Hire,30-60 days,26-Apr,158,205,186,197,1948.84,2353.48,0,0,97218.19999,3338,0,0
TTL Assisted Consumer,INTUIT,Tax Associate,PL3,Chat,New Hire,90-120 days,26-Feb,1,1,1,1,0,0,0,0,256.016667,22,0,0
TTL Assisted Consumer,INTUIT,Tax Associate,PL3,Phone,Re-Hire,60-90 days,26-Apr,370,473,411,451,3684.15,4472.58,0,0,177513.0167,6717,0,0
TTL Assisted Consumer,INTUIT,Tax Associate,PL3,Chat,Re-Hire,120+ days,26-Jan,16,23,17,23,0,0,0,0,10745.58334,712,0,0
TTL Assisted Consumer,INTUIT,Tax Associate,PL3,Chat,New Hire,120+ days,After Season,0,0,0,0,0,0,0,0,882.600001,49,0,0
TTL Assisted Consumer,INTUIT,Tax Associate,PL3,Chat,New Hire,60-90 days,26-Feb,2,2,2,2,0,0,0,0,1623.583332,90,0,0
TTL Assisted Consumer,INTUIT,Tax Associate,PL3,Phone,New Hire,60-90 days,26-Mar,3,4,2,4,29.42,33.9,0,0,1407.199998,58,0,0
TTL Assisted Consumer,INTUIT,Tax Associate,PL3,Phone,Re-Hire,30-60 days,Before Season,605,732,612,691,4581.84,5475.49,0,0,184937.3666,9845,0,0
TTL Assisted Consumer,INTUIT,Tax Associate,PL3,Chat,Re-Hire,60-90 days,26-Feb,97,171,133,166,0.42,0.91,0,0,58905.19999,2980,0,0
TTL Assisted Consumer,INTUIT,Tax Associate,PL3,Phone,Re-Hire,120+ days,After Season,120,216,159,200,2882.06,3645.38,0,0,86967.49999,4355,0,0
TTL Assisted Consumer,INTUIT,Tax Associate,PL3,Chat,Re-Hire,120+ days,Before Season,57,65,59,63,0,0,0,0,27563.25,1480,0,0
TTL Assisted Consumer,INTUIT,Tax Associate,PL3,Phone,Re-Hire,< 30 days,26-Jan,120,143,132,138,965.46,1166.82,0,0,39628.31665,1776,0,0
TTL Assisted Consumer,INTUIT,Tax Associate,PL3,Chat,New Hire,< 30 days,26-Apr,2,2,2,2,0,0,0,0,1096.349998,40,0,0
TTL Assisted Consumer,INTUIT,Tax Associate,PL3,Chat,New Hire,60-90 days,26-Mar,0,0,0,0,0,0,0,0,489.516666,9,0,0
TTL Assisted Consumer,INTUIT,Tax Associate,PL3,Phone,New Hire,< 30 days,26-Mar,23,27,24,24,288.38,343.83,0,0,13642.51667,498,0,0
TTL Assisted Consumer,INTUIT,Tax Associate,PL3,Chat,New Hire,60-90 days,26-Jan,0,0,0,0,0,0,0,0,163.683332,17,0,0
TTL Assisted Consumer,INTUIT,Tax Associate,PL3,Phone,New Hire,90-120 days,26-Feb,11,15,15,15,117.08,134.28,0,0,3947.483326,213,0,0
TTL Assisted Consumer,INTUIT,Tax Associate,PL3,Phone,Re-Hire,120+ days,26-Jan,72,78,69,74,625.22,756.58,0,0,21547.36666,1107,0,0
TTL Assisted Consumer,INTUIT,Tax Associate,PL3,Phone,New Hire,< 30 days,26-Jan,0,0,0,0,0.39,0.91,0,0,103.766666,2,0,0
TTL Assisted Consumer,INTUIT,Tax Associate,PL3,Phone,Re-Hire,120+ days,Before Season,91,104,91,98,623.04,751.16,0,0,33615.56667,1885,0,0
TTL Assisted Consumer,INTUIT,Tax Associate,PL3,Phone,Re-Hire,120+ days,26-Apr,587,901,730,845,10188.16,12551.07,0,0,433467.4,18315,0,0
TTL Assisted Consumer,INTUIT,Tax Associate,PL3,Phone,Re-Hire,90-120 days,After Season,31,52,39,48,983.92,1252.43,0,0,27017.1,1323,0,0
TTL Assisted Consumer,INTUIT,Tax Associate,PL3,Chat,Re-Hire,30-60 days,26-Feb,121,175,143,168,1.91,2.13,0,0,66994.18334,3218,0,0
TTL Assisted Consumer,INTUIT,Tax Associate,PL3,Chat,New Hire,< 30 days,Before Season,1,1,1,1,0,0,0,0,409.35,23,0,0
TTL Assisted Consumer,INTUIT,Tax Associate,PL3,Chat,Re-Hire,30-60 days,26-Mar,9,22,16,21,0.22,0.71,0,0,8359.733333,381,0,0
TTL Assisted Consumer,INTUIT,Tax Associate,PL3,Phone,New Hire,30-60 days,26-Feb,0,0,0,0,42.3,51.36,0,0,1524.133332,91,0,0
TTL Assisted Consumer,INTUIT,Tax Associate,PL3,Phone,New Hire,< 30 days,26-Apr,10,16,13,15,149.23,179.8,0,0,8393.033334,267,0,0
TTL Assisted Consumer,INTUIT,Tax Associate,PL3,Chat,Re-Hire,90-120 days,Before Season,5,9,8,9,0,0,0,0,3015.98333,207,0,0
TTL Assisted Consumer,INTUIT,Tax Associate,PL3,Chat,Re-Hire,90-120 days,26-Feb,3,5,4,4,0,0,0,0,1600.983332,59,0,0
TTL Assisted Consumer,INTUIT,Tax Associate,PL3,Chat,New Hire,30-60 days,After Season,3,3,2,2,0,0,0,0,2824.783333,111,0,0
TTL Assisted Consumer,INTUIT,Tax Associate,PL3,Phone,New Hire,30-60 days,26-Mar,56,69,61,65,502.21,594.95,0,0,23865.31667,915,0,0
TTL Assisted Consumer,INTUIT,Tax Associate,PL3,Phone,Re-Hire,< 30 days,After Season,0,0,0,0,6.46,7.81,0,0,59.333333,4,0,0
TTL Assisted Consumer,INTUIT,Tax Associate,PL3,Chat,New Hire,30-60 days,26-Mar,6,9,7,8,0,0,0,0,4764.566668,173,0,0
TTL Assisted Consumer,INTUIT,Tax Associate,PL3,Chat,New Hire,90-120 days,26-Mar,0,0,0,0,0,0,0,0,71,5,0,0
TTL Assisted Consumer,INTUIT,Tax Associate,PL3,Chat,Re-Hire,< 30 days,26-Mar,3,3,3,3,0,0,0,0,1014.300003,35,0,0
TTL Assisted Consumer,INTUIT,Tax Associate,PL3,Phone,New Hire,< 30 days,Before Season,2,2,2,2,7.7,9.11,0,0,791.333332,48,0,0
TTL Assisted Consumer,INTUIT,Tax Associate,PL3,Chat,Re-Hire,60-90 days,26-Jan,1,1,1,1,0,0,0,0,737.083335,53,0,0
TTL Assisted Consumer,INTUIT,Tax Associate,PL3,Chat,Re-Hire,90-120 days,26-Mar,51,84,66,76,2.17,2.84,0,0,29165.58332,1101,0,0
TTL Assisted Consumer,INTUIT,Tax Associate,PL3,Phone,Re-Hire,90-120 days,26-Apr,980,1352,1150,1293,11862.74,14507.02,0,0,527139.9333,21471,0,0
TTL Assisted Consumer,INTUIT,Tax Associate,PL3,Phone,New Hire,90-120 days,26-Apr,2,4,3,4,45.22,58.82,0,0,1959.983332,79,0,0
TTL Assisted Consumer,INTUIT,Tax Associate,PL3,Phone,New Hire,30-60 days,After Season,7,9,9,9,145.54,179.15,0,0,3592.499998,145,0,0
TTL Assisted Consumer,INTUIT,Tax Associate,PL3,Phone,Re-Hire,< 30 days,26-Mar,7,14,13,13,99.16,115.38,0,0,4170.733332,154,0,0
TTL Assisted Consumer,INTUIT,Tax Associate,PL3,Chat,Re-Hire,60-90 days,After Season,2,5,4,5,0,0,0,0,3359.849996,112,0,0
TTL Assisted Consumer,INTUIT,Tax Associate,PL3,Phone,Re-Hire,60-90 days,After Season,6,8,7,8,230.04,287.45,0,0,5008.716667,217,0,0
TTL Assisted Consumer,INTUIT,Tax Associate,PL3,Chat,New Hire,< 30 days,26-Mar,5,8,7,8,0,0,0,0,4634.516667,115,0,0
TTL Assisted Consumer,INTUIT,Tax Associate,PL3,Chat,Re-Hire,120+ days,26-Feb,28,45,36,42,0,0,0,0,17584.43333,988,0,0
TTL Assisted Consumer,INTUIT,Tax Associate,PL3,Phone,New Hire,30-60 days,Before Season,19,22,19,21,170.42,215.12,0,0,7500.749998,485,0,0
TTL Assisted Consumer,INTUIT,Tax Associate,PL3,Chat,New Hire,< 30 days,26-Feb,2,4,3,4,0,0,0,0,3368.716668,134,0,0
TTL Assisted Consumer,INTUIT,Tax Associate,PL3,Chat,Re-Hire,< 30 days,26-Feb,19,32,25,31,0,0,0,0,10503.80001,505,0,0
TTL Assisted Consumer,INTUIT,Tax Associate,PL3,Chat,New Hire,120+ days,26-Apr,2,3,3,3,0,0,0,0,1557.383335,74,0,0
TTL Assisted Consumer,INTUIT,Tax Associate,PL3,Chat,Re-Hire,< 30 days,26-Jan,22,39,29,37,0,0,0,0,16569.46666,981,0,0
TTL Assisted Consumer,INTUIT,Tax Associate,PL3,Phone,New Hire,90-120 days,26-Mar,5,8,7,8,79.46,103.93,0,0,3632.799999,164,0,0
TTL Assisted Consumer,INTUIT,Tax Associate,PL3,Chat,Re-Hire,60-90 days,26-Mar,34,65,49,63,1.26,1.42,0,0,24996.08334,997,0,0
TTL Assisted Consumer,INTUIT,Tax Associate,PL3,Phone,Re-Hire,30-60 days,After Season,3,3,2,2,34.51,41.69,0,0,1073.383334,38,0,0
TTL Assisted Consumer,INTUIT,Tax Associate,PL3,Phone,Re-Hire,60-90 days,26-Feb,540,728,617,693,4127.36,4951.32,0,0,152572.75,6893,0,0
TTL Assisted Consumer,INTUIT,Tax Associate,PL3,Phone,Re-Hire,60-90 days,26-Jan,8,10,9,10,112.42,143.68,0,0,6874.166667,299,0,0
TTL Assisted Consumer,INTUIT,Tax Associate,PL3,Phone,Re-Hire,30-60 days,26-Apr,54,71,60,65,647.4,779.75,0,0,29573.23334,1096,0,0
TTL Assisted Consumer,INTUIT,Tax Associate,PL3,Phone,New Hire,90-120 days,After Season,8,12,7,9,82.22,107.18,0,0,4128.933335,196,0,0
TTL Assisted Consumer,INTUIT,Tax Associate,PL3,Chat,New Hire,30-60 days,26-Jan,-1,1,0,0,0,0,0,0,484.666666,18,0,0
TTL Assisted Consumer,INTUIT,Tax Associate,PL3,Phone,Re-Hire,120+ days,26-Feb,142,201,165,188,1338.33,1619.71,0,0,43141.15,2317,0,0
TTL Assisted Consumer,INTUIT,Tax Associate,PL3,Phone,New Hire,60-90 days,26-Apr,159,232,192,226,1661.11,2016.54,0,0,83515.53334,2905,0,0
TTL Assisted Consumer,INTUIT,Tax Associate,PL3,Phone,Re-Hire,90-120 days,26-Mar,329,429,372,412,2885.78,3430.28,0,0,129064.5667,5445,0,0
TTL Assisted Consumer,INTUIT,Tax Associate,PL3,Phone,New Hire,120+ days,Before Season,0,0,0,0,0,0,0,0,131.866666,12,0,0
TTL Assisted Consumer,INTUIT,Tax Associate,PL3,Chat,Re-Hire,90-120 days,26-Apr,106,177,139,169,1.46,1.62,0,0,84978.16668,3100,0,0
TTL Assisted Consumer,INTUIT,Tax Associate,PL3,Phone,New Hire,60-90 days,Before Season,6,6,6,6,91.71,108.49,0,0,2793.349996,195,0,0
TTL Assisted Consumer,INTUIT,Tax Associate,PL3,Phone,Re-Hire,60-90 days,Before Season,37,40,34,38,201.07,239.66,0,0,10526.68334,581,0,0
TTL Assisted Consumer,INTUIT,Tax Associate,PL3,Chat,Re-Hire,< 30 days,Before Season,94,156,109,143,0,0,0,0,84056.15002,3900,0,0
TTL Assisted Consumer,INTUIT,Tax Associate,PL3,Phone,New Hire,120+ days,26-Apr,3,6,4,6,74.78,93.84,0,0,3959.433332,152,0,0
TTL Assisted Consumer,INTUIT,Tax Associate,PL3,Phone,New Hire,60-90 days,26-Feb,19,30,23,28,187.5,237.32,0,0,7927.100006,356,0,0
TTL Assisted Consumer,INTUIT,Tax Associate,PL3,Phone,Re-Hire,< 30 days,26-Feb,184,237,203,223,1409.52,1678.52,0,0,58957.33334,2471,0,0
TTL Assisted Consumer,INTUIT,Tax Associate,PL3,Chat,Re-Hire,120+ days,26-Apr,50,77,63,74,0,0,0,0,57831.53334,2150,0,0
TTL Assisted Consumer,INTUIT,Tax Associate,PL3,Chat,New Hire,30-60 days,26-Apr,14,19,15,17,0,0,0,0,11398.41666,421,0,0
TTL Assisted Consumer,INTUIT,Tax Associate,PL3,Phone,Re-Hire,90-120 days,26-Feb,48,67,58,65,343.38,405.68,0,0,15334.66667,658,0,0
TTL Assisted Consumer,INTUIT,Tax Associate,PL3,Chat,Re-Hire,90-120 days,After Season,14,22,16,21,0,0,0,0,15238.61667,567,0,0
TTL Assisted Consumer,INTUIT,Tax Associate,PL3,Phone,New Hire,< 30 days,After Season,0,0,0,0,1.8,2.16,0,0,0,0,0,0
TTL Assisted Consumer,INTUIT,Tax Associate,PL3,Chat,New Hire,120+ days,Before Season,0,0,0,0,0,0,0,0,397.783332,13,0,0
TTL Assisted Consumer,INTUIT,Tax Expert,PL3,Chat,New Hire,30-60 days,26-Mar,2,2,2,2,0.37,0.71,0,0,549.350001,33,0,0
TTL Assisted Consumer,INTUIT,Tax Expert,PL3,Chat,New Hire,< 30 days,26-Mar,2,5,3,4,0,0,0,0,396.35,31,0,0
TTL Assisted Consumer,INTUIT,Tax Expert,PL3,Phone,New Hire,30-60 days,After Season,0,0,0,0,13.73,17.9,0,0,326.283334,15,0,0
TTL Assisted Consumer,INTUIT,Tax Expert,PL3,Chat,Re-Hire,120+ days,26-Feb,2,6,4,5,0,0,0,0,1246.016667,91,0,0
TTL Assisted Consumer,INTUIT,Tax Expert,PL3,Phone,New Hire,< 30 days,26-Feb,9,11,9,9,106.74,121.04,0,0,3549.166667,172,0,0
TTL Assisted Consumer,INTUIT,Tax Expert,PL3,Chat,Re-Hire,90-120 days,26-Mar,1,5,5,5,0.44,0.46,0,0,1998.500001,70,0,0
TTL Assisted Consumer,INTUIT,Tax Expert,PL3,Chat,New Hire,60-90 days,26-Apr,2,2,2,2,0.59,0.71,0,0,2320.333335,90,0,0
TTL Assisted Consumer,INTUIT,Tax Expert,PL3,Phone,New Hire,90-120 days,After Season,2,3,3,3,29.89,39.01,0,0,1326.08333,69,0,0
TTL Assisted Consumer,INTUIT,Tax Expert,PL3,Chat,New Hire,90-120 days,After Season,1,1,1,1,0,0,0,0,674.983334,16,0,0
TTL Assisted Consumer,INTUIT,Tax Expert,PL3,Chat,New Hire,90-120 days,26-Feb,3,4,3,3,0,0,0,0,671.916666,47,0,0
TTL Assisted Consumer,INTUIT,Tax Expert,PL3,Chat,New Hire,30-60 days,26-Jan,2,2,2,2,0,0,0,0,330.95,14,0,0
TTL Assisted Consumer,INTUIT,Tax Expert,PL3,Chat,Re-Hire,60-90 days,26-Feb,18,25,20,23,0,0,0,0,6638.150002,312,0,0
TTL Assisted Consumer,INTUIT,Tax Expert,PL3,Phone,Re-Hire,< 30 days,26-Jan,29,30,27,28,151.32,182.71,0,0,8829.016669,335,0,0
TTL Assisted Consumer,INTUIT,Tax Expert,PL3,Phone,New Hire,< 30 days,26-Mar,3,6,5,6,59.12,69.78,0,0,2234.749994,112,0,0
TTL Assisted Consumer,INTUIT,Tax Expert,PL3,Phone,Re-Hire,120+ days,26-Mar,8,18,12,16,138.4,179.46,0,0,6046.550008,290,0,0
TTL Assisted Consumer,INTUIT,Tax Expert,PL3,Chat,Re-Hire,30-60 days,26-Apr,1,1,1,1,0,0,0,0,615.066665,25,0,0
TTL Assisted Consumer,INTUIT,Tax Expert,PL3,Chat,New Hire,120+ days,After Season,1,1,1,1,0,0,0,0,818.100002,40,0,0
TTL Assisted Consumer,INTUIT,Tax Expert,PL3,Phone,Re-Hire,90-120 days,26-Mar,56,65,56,63,358.41,430.07,0,0,15733.15,685,0,0
TTL Assisted Consumer,INTUIT,Tax Expert,PL3,Chat,New Hire,60-90 days,26-Feb,0,2,1,2,0,0,0,0,244.166665,20,0,0
TTL Assisted Consumer,INTUIT,Tax Expert,PL3,Phone,New Hire,< 30 days,Before Season,0,0,0,0,7.32,8.84,0,0,1597.816668,84,0,0
TTL Assisted Consumer,INTUIT,Tax Expert,PL3,Phone,Re-Hire,60-90 days,26-Feb,66,94,77,86,632.79,770.11,0,0,24095.18332,1174,0,0
TTL Assisted Consumer,INTUIT,Tax Expert,PL3,Chat,New Hire,60-90 days,Before Season,6,6,6,6,0,0,0,0,2741.633333,283,0,0
TTL Assisted Consumer,INTUIT,Tax Expert,PL3,Chat,Re-Hire,60-90 days,26-Mar,6,14,10,13,0.85,0.91,0,0,3235.850004,144,0,0
TTL Assisted Consumer,INTUIT,Tax Expert,PL3,Phone,New Hire,< 30 days,26-Jan,0,0,0,0,2.97,3.05,0,0,63.349999,6,0,0
TTL Assisted Consumer,INTUIT,Tax Expert,PL3,Phone,New Hire,30-60 days,26-Jan,2,5,3,5,42.09,51.14,0,0,2258.266666,93,0,0
TTL Assisted Consumer,INTUIT,Tax Expert,PL3,Chat,Re-Hire,< 30 days,26-Feb,3,9,5,7,0,0,0,0,2469.533334,134,0,0
TTL Assisted Consumer,INTUIT,Tax Expert,PL3,Chat,New Hire,30-60 days,26-Feb,1,2,2,2,0,0,0,0,295.283333,11,0,0
TTL Assisted Consumer,INTUIT,Tax Expert,PL3,Phone,Re-Hire,30-60 days,After Season,1,1,0,0,0.79,1.38,0,0,82.366666,3,0,0
TTL Assisted Consumer,INTUIT,Tax Expert,PL3,Chat,Re-Hire,30-60 days,26-Mar,3,3,3,3,0,0,0,0,921.849999,41,0,0
TTL Assisted Consumer,INTUIT,Tax Expert,PL3,Chat,New Hire,120+ days,26-Apr,0,0,0,0,0,0,0,0,310.800002,15,0,0
TTL Assisted Consumer,INTUIT,Tax Expert,PL3,Phone,New Hire,90-120 days,26-Mar,14,17,15,16,69.3,79.8,0,0,2599.266667,116,0,0
TTL Assisted Consumer,INTUIT,Tax Expert,PL3,Phone,New Hire,30-60 days,26-Mar,10,11,11,11,93.97,111.84,0,0,3844.266668,161,0,0
TTL Assisted Consumer,INTUIT,Tax Expert,PL3,Phone,Re-Hire,< 30 days,Before Season,40,53,45,52,156.73,185.77,0,0,20697.55001,954,0,0
TTL Assisted Consumer,INTUIT,Tax Expert,PL3,Phone,Re-Hire,60-90 days,26-Jan,6,8,7,8,61.49,77.71,0,0,3507.316672,170,0,0
TTL Assisted Consumer,INTUIT,Tax Expert,PL3,Phone,Re-Hire,30-60 days,26-Mar,6,10,8,10,90.07,106.96,0,0,4427.483332,149,0,0
TTL Assisted Consumer,INTUIT,Tax Expert,PL3,Chat,Re-Hire,60-90 days,26-Apr,4,8,6,8,1.12,1.42,0,0,3337.566665,129,0,0
TTL Assisted Consumer,INTUIT,Tax Expert,PL3,Phone,Re-Hire,< 30 days,26-Feb,40,52,45,50,303.79,367.82,0,0,14204.13333,563,0,0
TTL Assisted Consumer,INTUIT,Tax Expert,PL3,Chat,Re-Hire,120+ days,26-Mar,0,0,0,0,0,0,0,0,456.083332,21,0,0
TTL Assisted Consumer,INTUIT,Tax Expert,PL3,Chat,Re-Hire,60-90 days,After Season,1,5,3,5,0,0,0,0,850.35,34,0,0
TTL Assisted Consumer,INTUIT,Tax Expert,PL3,Phone,New Hire,120+ days,After Season,11,12,12,12,75.98,96.72,0,0,3418.333336,157,0,0
TTL Assisted Consumer,INTUIT,Tax Expert,PL3,Phone,New Hire,60-90 days,Before Season,6,12,9,12,94.39,116.66,0,0,2593.883334,181,0,0
TTL Assisted Consumer,INTUIT,Tax Expert,PL3,Phone,New Hire,60-90 days,26-Jan,2,2,2,2,25.61,30.55,0,0,838.466669,56,0,0
TTL Assisted Consumer,INTUIT,Tax Expert,PL3,Chat,Re-Hire,90-120 days,Before Season,1,1,1,1,0,0,0,0,168.45,11,0,0
TTL Assisted Consumer,INTUIT,Tax Expert,PL3,Phone,Re-Hire,< 30 days,26-Mar,3,3,2,2,39.54,46.84,0,0,1829.699997,70,0,0
TTL Assisted Consumer,INTUIT,Tax Expert,PL3,Chat,Re-Hire,120+ days,26-Apr,6,11,8,11,0,0,0,0,4972.999996,222,0,0
TTL Assisted Consumer,INTUIT,Tax Expert,PL3,Phone,Re-Hire,120+ days,Before Season,45,55,50,53,130.14,157.04,0,0,17630.08335,962,0,0
TTL Assisted Consumer,INTUIT,Tax Expert,PL3,Phone,New Hire,60-90 days,26-Feb,20,26,24,26,218.22,263.05,0,0,6405.333334,374,0,0
TTL Assisted Consumer,INTUIT,Tax Expert,PL3,Phone,New Hire,120+ days,26-Apr,1,1,1,1,43.04,53.38,0,0,1385.266666,76,0,0
TTL Assisted Consumer,INTUIT,Tax Expert,PL3,Phone,Re-Hire,30-60 days,26-Apr,3,3,3,3,38.82,45.86,0,0,2163.916668,65,0,0
TTL Assisted Consumer,INTUIT,Tax Expert,PL3,Phone,Re-Hire,30-60 days,Before Season,99,125,105,121,681.13,821.2,0,0,33817.3,1794,0,0
TTL Assisted Consumer,INTUIT,Tax Expert,PL3,Phone,New Hire,90-120 days,26-Feb,9,9,9,9,75.84,90.58,0,0,2030.799999,141,0,0
TTL Assisted Consumer,INTUIT,Tax Expert,PL3,Phone,Re-Hire,30-60 days,26-Jan,38,51,42,49,376.76,460.51,0,0,17154.55,822,0,0
TTL Assisted Consumer,INTUIT,Tax Expert,PL3,Phone,Re-Hire,90-120 days,Before Season,1,1,1,1,7.15,8.42,0,0,259.699999,13,0,0
TTL Assisted Consumer,INTUIT,Tax Expert,PL3,Phone,Re-Hire,60-90 days,26-Apr,24,26,22,22,238.32,287.54,0,0,13615.05,496,0,0
TTL Assisted Consumer,INTUIT,Tax Expert,PL3,Phone,New Hire,30-60 days,26-Feb,7,7,6,6,44.83,52.89,0,0,1879.099999,88,0,0
TTL Assisted Consumer,INTUIT,Tax Expert,PL3,Chat,New Hire,30-60 days,After Season,0,0,0,0,0,0,0,0,426.200003,13,0,0
TTL Assisted Consumer,INTUIT,Tax Expert,PL3,Chat,New Hire,< 30 days,26-Feb,2,6,4,5,0,0,0,0,1237.366665,74,0,0
TTL Assisted Consumer,INTUIT,Tax Expert,PL3,Phone,New Hire,30-60 days,26-Apr,10,10,10,10,139.8,173.51,0,0,5329.416666,257,0,0
TTL Assisted Consumer,INTUIT,Tax Expert,PL3,Phone,Re-Hire,30-60 days,26-Feb,80,104,94,100,801.56,984.24,0,0,34101.39998,1640,0,0
TTL Assisted Consumer,INTUIT,Tax Expert,PL3,Chat,Re-Hire,< 30 days,26-Mar,1,1,1,1,0,0,0,0,131.3,8,0,0
TTL Assisted Consumer,INTUIT,Tax Expert,PL3,Chat,New Hire,30-60 days,26-Apr,1,2,2,2,0,0,0,0,2540.299996,96,0,0
TTL Assisted Consumer,INTUIT,Tax Expert,PL3,Phone,Re-Hire,120+ days,26-Apr,33,40,38,40,428.17,517.37,0,0,17171.03334,743,0,0
TTL Assisted Consumer,INTUIT,Tax Expert,PL3,Phone,Re-Hire,120+ days,After Season,23,35,26,31,279.19,358.97,0,0,12067.53333,577,0,0
TTL Assisted Consumer,INTUIT,Tax Expert,PL3,Chat,Re-Hire,90-120 days,26-Apr,7,13,12,13,0.71,0.71,0,0,10830.85,397,0,0
TTL Assisted Consumer,INTUIT,Tax Expert,PL3,Chat,Re-Hire,< 30 days,26-Jan,5,7,6,7,0,0,0,0,2693.166661,182,0,0
TTL Assisted Consumer,INTUIT,Tax Expert,PL3,Chat,Re-Hire,30-60 days,26-Jan,17,27,21,23,0,0,0,0,7280.383339,484,0,0
TTL Assisted Consumer,INTUIT,Tax Expert,PL3,Chat,Re-Hire,30-60 days,26-Feb,15,33,21,29,0,0,0,0,8866.433335,449,0,0
TTL Assisted Consumer,INTUIT,Tax Expert,PL3,Chat,Re-Hire,90-120 days,26-Feb,1,2,1,1,0,0,0,0,497.299999,30,0,0
TTL Assisted Consumer,INTUIT,Tax Expert,PL3,Phone,Re-Hire,60-90 days,26-Mar,30,40,36,38,312.07,378.06,0,0,13357.81666,588,0,0
TTL Assisted Consumer,INTUIT,Tax Expert,PL3,Phone,New Hire,120+ days,26-Mar,0,0,0,0,11.8,14.17,0,0,246.600001,20,0,0
TTL Assisted Consumer,INTUIT,Tax Expert,PL3,Phone,Re-Hire,120+ days,26-Jan,11,14,12,13,93.15,109.74,0,0,3771.166667,178,0,0
TTL Assisted Consumer,INTUIT,Tax Expert,PL3,Chat,New Hire,< 30 days,Before Season,2,2,2,2,0,0,0,0,558.383332,26,0,0
TTL Assisted Consumer,INTUIT,Tax Expert,PL3,Phone,New Hire,60-90 days,26-Mar,2,2,2,2,16.09,18.49,0,0,438.166667,23,0,0
TTL Assisted Consumer,INTUIT,Tax Expert,PL3,Chat,New Hire,30-60 days,Before Season,9,15,11,12,0,0,0,0,4431.63334,292,0,0
TTL Assisted Consumer,INTUIT,Tax Expert,PL3,Phone,Re-Hire,120+ days,26-Feb,34,43,36,38,207.45,249.76,0,0,6308.216661,333,0,0
TTL Assisted Consumer,INTUIT,Tax Expert,PL3,Chat,Re-Hire,30-60 days,Before Season,62,89,72,84,0,0,0,0,32718.28333,1930,0,0
TTL Assisted Consumer,INTUIT,Tax Expert,PL3,Phone,New Hire,90-120 days,26-Apr,0,0,0,0,0.7,1.15,0,0,14.183334,2,0,0
TTL Assisted Consumer,INTUIT,Tax Expert,PL3,Chat,New Hire,120+ days,26-Mar,1,1,1,1,0,0,0,0,48.133333,3,0,0
TTL Assisted Consumer,INTUIT,Tax Expert,PL3,Chat,New Hire,120+ days,Before Season,0,0,0,0,0,0,0,0,501.566666,9,0,0
TTL Assisted Consumer,INTUIT,Tax Expert,PL3,Phone,Re-Hire,60-90 days,After Season,2,2,2,2,29.85,35.95,0,0,1000.999999,42,0,0
TTL Assisted Consumer,INTUIT,Tax Expert,PL3,Chat,Re-Hire,< 30 days,Before Season,30,39,29,36,0,0,0,0,21362.11666,691,0,0
TTL Assisted Consumer,INTUIT,Tax Expert,PL3,Chat,New Hire,60-90 days,26-Jan,0,0,0,0,0,0,0,0,15.8,5,0,0
TTL Assisted Consumer,INTUIT,Tax Expert,PL3,Chat,Re-Hire,90-120 days,After Season,0,0,0,0,0,0,0,0,2502.633337,47,0,0
TTL Assisted Consumer,INTUIT,Tax Expert,PL3,Chat,Re-Hire,60-90 days,Before Season,14,14,12,13,0,0,0,0,6186.483338,467,0,0
TTL Assisted Consumer,INTUIT,Tax Expert,PL3,Phone,New Hire,30-60 days,Before Season,16,23,18,22,117.31,142.08,0,0,6006.166668,393,0,0
TTL Assisted Consumer,INTUIT,Tax Expert,PL3,Chat,Re-Hire,120+ days,Before Season,18,22,19,22,0,0,0,0,8016.483326,433,0,0
TTL Assisted Consumer,INTUIT,Tax Expert,PL3,Chat,Re-Hire,60-90 days,26-Jan,1,1,1,1,0,0,0,0,222.116665,17,0,0
TTL Assisted Consumer,INTUIT,Tax Expert,PL3,Phone,New Hire,60-90 days,26-Apr,15,17,14,16,162.72,192.46,0,0,8728.883343,306,0,0
TTL Assisted Consumer,INTUIT,Tax Expert,PL3,Chat,New Hire,60-90 days,After Season,1,1,1,1,0,0,0,0,2160.366665,58,0,0
TTL Assisted Consumer,INTUIT,Tax Expert,PL3,Chat,New Hire,< 30 days,26-Jan,0,0,0,0,0,0,0,0,14.016667,1,0,0
TTL Assisted Consumer,INTUIT,Tax Expert,PL3,Phone,New Hire,60-90 days,After Season,2,6,2,6,66.38,86.86,0,0,1904.766669,98,0,0
TTL Assisted Consumer,INTUIT,Tax Expert,PL3,Chat,New Hire,< 30 days,26-Apr,0,0,0,0,0,0,0,0,118.633333,4,0,0
TTL Assisted Consumer,INTUIT,Tax Expert,PL3,Phone,Re-Hire,90-120 days,After Season,4,5,5,5,39.54,48.19,0,0,1502.366667,69,0,0
TTL Assisted Consumer,INTUIT,Tax Expert,PL3,Phone,Re-Hire,90-120 days,26-Apr,43,53,50,51,624.31,758.62,0,0,28824.29999,1149,0,0
TTL Assisted Consumer,INTUIT,Tax Expert,PL3,Chat,Re-Hire,120+ days,26-Jan,3,3,3,3,0,0,0,0,1139.433332,106,0,0
TTL Assisted Consumer,INTUIT,Tax Expert,PL3,Chat,Re-Hire,120+ days,After Season,0,8,4,8,0,0,0,0,7078.916667,239,0,0
TTL Assisted Consumer,INTUIT,Tax Expert,PL3,Chat,New Hire,90-120 days,26-Mar,0,0,0,0,0,0,0,0,16.5,2,0,0
TTL Assisted Consumer,INTUIT,Tax Expert,PL3,Phone,New Hire,< 30 days,26-Apr,1,1,1,1,4.52,5.66,0,0,116.550001,7,0,0
TTL Assisted Consumer,INTUIT,Tax Expert,PL3,Phone,Re-Hire,90-120 days,26-Feb,21,24,21,23,181.91,228.87,0,0,7292.566673,366,0,0
TTL Assisted Consumer,INTUIT,Tax Expert,PL3,Phone,Re-Hire,60-90 days,Before Season,13,15,14,15,172.2,215.5,0,0,5789.133327,359,0,0
TTL Assisted Consumer,INTUIT,Tax Expert,PL3,Phone,New Hire,120+ days,Before Season,0,0,0,0,0,0,0,0,254.666666,17,0,0
TTL Assisted Consumer,INTUIT,Tax Specialist,PL3,Phone,Re-Hire,120+ days,After Season,52,72,55,64,659.33,816.58,0,0,26873.95,1185,0,0
TTL Assisted Consumer,INTUIT,Tax Specialist,PL3,Phone,New Hire,30-60 days,26-Apr,1,1,1,1,29.91,37.05,0,0,2000.933335,52,0,0
TTL Assisted Consumer,INTUIT,Tax Specialist,PL3,Phone,Re-Hire,120+ days,26-Apr,172,209,188,202,2105.27,2516.35,0,0,94723.38332,3490,0,0
TTL Assisted Consumer,INTUIT,Tax Specialist,PL3,Chat,Re-Hire,90-120 days,26-Mar,0,0,0,0,0,0,0,0,73.199999,4,0,0
TTL Assisted Consumer,INTUIT,Tax Specialist,PL3,Phone,Re-Hire,60-90 days,26-Apr,5,6,6,6,75.96,88.78,0,0,2860.016664,116,0,0
TTL Assisted Consumer,INTUIT,Tax Specialist,PL3,Phone,Re-Hire,30-60 days,26-Feb,10,18,17,18,159.16,188.93,0,0,7281.666665,315,0,0
TTL Assisted Consumer,INTUIT,Tax Specialist,PL3,Phone,Re-Hire,30-60 days,26-Jan,10,18,13,16,167.17,196.9,0,0,5279.050002,295,0,0
TTL Assisted Consumer,INTUIT,Tax Specialist,PL3,Chat,New Hire,90-120 days,After Season,0,0,0,0,0,0,0,0,40.366666,2,0,0
TTL Assisted Consumer,INTUIT,Tax Specialist,PL3,Phone,New Hire,30-60 days,26-Mar,0,0,0,0,0.35,0.71,0,0,4.033333,1,0,0
TTL Assisted Consumer,INTUIT,Tax Specialist,PL3,Chat,Re-Hire,120+ days,26-Apr,0,0,0,0,0,0,0,0,17.066667,1,0,0
TTL Assisted Consumer,INTUIT,Tax Specialist,PL3,Phone,Re-Hire,90-120 days,26-Apr,147,187,166,180,1501.19,1790.05,0,0,65958.96667,2461,0,0
TTL Assisted Consumer,INTUIT,Tax Specialist,PL3,Phone,New Hire,30-60 days,After Season,0,0,0,0,6.44,8.1,0,0,278.316667,11,0,0
TTL Assisted Consumer,INTUIT,Tax Specialist,PL3,Phone,Re-Hire,90-120 days,26-Mar,133,161,140,151,910.45,1053.18,0,0,38059.59999,1472,0,0
TTL Assisted Consumer,INTUIT,Tax Specialist,PL3,Chat,Re-Hire,60-90 days,26-Feb,2,2,2,2,0,0,0,0,452.333334,35,0,0
TTL Assisted Consumer,INTUIT,Tax Specialist,PL3,Phone,New Hire,90-120 days,After Season,0,0,0,0,3.53,6.67,0,0,183.899999,13,0,0
TTL Assisted Consumer,INTUIT,Tax Specialist,PL3,Phone,Re-Hire,60-90 days,26-Mar,39,48,43,46,274.8,314.36,0,0,8520.766669,370,0,0
TTL Assisted Consumer,INTUIT,Tax Specialist,PL3,Chat,Re-Hire,30-60 days,26-Feb,1,1,1,1,0,0,0,0,293.916666,28,0,0
TTL Assisted Consumer,INTUIT,Tax Specialist,PL3,Phone,Re-Hire,90-120 days,After Season,1,1,1,1,8.44,10.4,0,0,351.533332,16,0,0
TTL Assisted Consumer,INTUIT,Tax Specialist,PL3,Phone,New Hire,60-90 days,After Season,1,1,0,1,3.77,5.21,0,0,144.583334,8,0,0
TTL Assisted Consumer,INTUIT,Tax Specialist,PL3,Phone,Re-Hire,60-90 days,After Season,1,1,1,1,11.77,15.48,0,0,477.950002,26,0,0
TTL Assisted Consumer,INTUIT,Tax Specialist,PL3,Phone,Re-Hire,30-60 days,Before Season,21,25,24,25,162.47,188.08,0,0,6135.566664,285,0,0
TTL Assisted Consumer,INTUIT,Tax Specialist,PL3,Phone,Re-Hire,60-90 days,26-Feb,21,25,22,23,186.47,216.18,0,0,7759.533341,349,0,0
TTL Assisted Consumer,INTUIT,Tax Specialist,PL3,Phone,Re-Hire,30-60 days,26-Mar,0,0,0,0,0,0,0,0,0,0,0,0
TTL Assisted Consumer,INTUIT,Tax Specialist,PL3,Chat,Re-Hire,90-120 days,26-Apr,0,0,0,0,0,0,0,0,82.366667,5,0,0
TTL Assisted Consumer,INTUIT,Tax Associate,PL4,Phone,Re-Hire,30-60 days,26-Feb,1335,1684,1455,1608,8760.6,10490.12,0,0,464316.9333,18323,0,0
TTL Assisted Consumer,INTUIT,Tax Associate,PL4,Chat,New Hire,30-60 days,26-Apr,-2,2,0,2,0.2,0.2,0,0,4553.216664,206,0,0
TTL Assisted Consumer,INTUIT,Tax Associate,PL4,Phone,Re-Hire,30-60 days,26-Jan,464,554,492,533,3961.44,4762.15,0,0,182862.75,7901,0,0
TTL Assisted Consumer,INTUIT,Tax Associate,PL4,Chat,Re-Hire,90-120 days,26-Mar,23,52,40,50,8.67,10.79,0,0,18789.36667,721,0,0
TTL Assisted Consumer,INTUIT,Tax Associate,PL4,Chat,New Hire,< 30 days,26-Mar,1,1,1,1,0,0,0,0,284.416666,15,0,0
TTL Assisted Consumer,INTUIT,Tax Associate,PL4,Phone,Re-Hire,120+ days,Before Season,792,907,827,876,4329.23,5088.57,0,0,342653.7334,16338,0,0
TTL Assisted Consumer,INTUIT,Tax Associate,PL4,Phone,Re-Hire,60-90 days,Before Season,94,112,100,107,690.22,816.82,0,0,56282.43334,2995,0,0
TTL Assisted Consumer,INTUIT,Tax Associate,PL4,Phone,Re-Hire,60-90 days,After Season,8,15,11,15,178.17,224.96,0,0,6279.333334,320,0,0
TTL Assisted Consumer,INTUIT,Tax Associate,PL4,Chat,Re-Hire,30-60 days,26-Apr,2,10,6,10,0,0,0,0,8298.800004,368,0,0
TTL Assisted Consumer,INTUIT,Tax Associate,PL4,Phone,New Hire,30-60 days,26-Mar,26,33,27,31,171.2,204.45,0,0,7894.433337,278,0,0
TTL Assisted Consumer,INTUIT,Tax Associate,PL4,Phone,New Hire,90-120 days,26-Mar,4,4,4,4,26.06,31.07,0,0,2185.450002,68,0,0
TTL Assisted Consumer,INTUIT,Tax Associate,PL4,Chat,Re-Hire,< 30 days,After Season,1,1,1,1,0,0,0,0,78.083333,3,0,0
TTL Assisted Consumer,INTUIT,Tax Associate,PL4,Chat,Re-Hire,30-60 days,26-Jan,95,163,121,153,2.9,3.1,0,0,64921.31668,4655,0,0
TTL Assisted Consumer,INTUIT,Tax Associate,PL4,Phone,Re-Hire,120+ days,26-Apr,1564,1935,1684,1843,16263.18,19600.86,0,0,961476.2999,37695,0,0
TTL Assisted Consumer,INTUIT,Tax Associate,PL4,Phone,New Hire,60-90 days,26-Apr,22,22,22,22,279.95,338.04,0,0,13911.88332,487,0,0
TTL Assisted Consumer,INTUIT,Tax Associate,PL4,Chat,Re-Hire,< 30 days,Before Season,764,1065,868,1002,0.96,1.18,0,0,548939.5666,23086,0,0
TTL Assisted Consumer,INTUIT,Tax Associate,PL4,Chat,Re-Hire,90-120 days,26-Apr,415,578,497,549,19.31,24.35,0,0,299848.6833,12164,0,0
TTL Assisted Consumer,INTUIT,Tax Associate,PL4,Phone,Re-Hire,90-120 days,26-Feb,174,231,193,220,1489.14,1796.86,0,0,57051.61666,2654,0,0
TTL Assisted Consumer,INTUIT,Tax Associate,PL4,Chat,New Hire,< 30 days,26-Feb,2,2,1,1,0,0,0,0,401.949999,19,0,0
TTL Assisted Consumer,INTUIT,Tax Associate,PL4,Chat,New Hire,60-90 days,26-Mar,0,0,0,0,0,0,0,0,126.616667,4,0,0
TTL Assisted Consumer,INTUIT,Tax Associate,PL4,Phone,Re-Hire,30-60 days,26-Mar,109,160,131,153,996.01,1187.09,0,0,43132.03333,1829,0,0
TTL Assisted Consumer,INTUIT,Tax Associate,PL4,Phone,Re-Hire,30-60 days,Before Season,836,986,881,956,5377.18,6362.23,0,0,393127.45,19272,0,0
TTL Assisted Consumer,INTUIT,Tax Associate,PL4,Phone,Re-Hire,60-90 days,26-Mar,449,558,491,531,2955.18,3531.48,0,0,144765.7667,5757,0,0
TTL Assisted Consumer,INTUIT,Tax Associate,PL4,Chat,Re-Hire,60-90 days,After Season,1,5,4,5,0,0,0,0,2469.199998,108,0,0
TTL Assisted Consumer,INTUIT,Tax Associate,PL4,Phone,Re-Hire,60-90 days,26-Feb,962,1224,1044,1154,6414.69,7638.86,0,0,274520.5167,11944,0,0
TTL Assisted Consumer,INTUIT,Tax Associate,PL4,Phone,New Hire,30-60 days,After Season,1,1,1,1,31.48,36.41,0,0,1069.449999,39,0,0
TTL Assisted Consumer,INTUIT,Tax Associate,PL4,Chat,New Hire,120+ days,After Season,0,0,0,0,0,0,0,0,124.450001,10,0,0
TTL Assisted Consumer,INTUIT,Tax Associate,PL4,Chat,Re-Hire,90-120 days,After Season,10,30,21,29,2.95,4.91,0,0,24153.28333,972,0,0
TTL Assisted Consumer,INTUIT,Tax Associate,PL4,Chat,Re-Hire,60-90 days,26-Feb,96,180,132,164,3.89,5.11,0,0,60025.18331,3037,0,0
TTL Assisted Consumer,INTUIT,Tax Associate,PL4,Phone,New Hire,< 30 days,26-Apr,1,1,1,1,7.38,9.14,0,0,910.200002,28,0,0
TTL Assisted Consumer,INTUIT,Tax Associate,PL4,Phone,Re-Hire,< 30 days,After Season,0,0,0,0,2.89,3.6,0,0,112.683333,6,0,0
TTL Assisted Consumer,INTUIT,Tax Associate,PL4,Chat,Re-Hire,60-90 days,26-Jan,20,30,24,28,0.69,0.71,0,0,8125.516662,657,0,0
TTL Assisted Consumer,INTUIT,Tax Associate,PL4,Chat,New Hire,30-60 days,After Season,0,0,0,0,0,0,0,0,353.816668,11,0,0
TTL Assisted Consumer,INTUIT,Tax Associate,PL4,Chat,Re-Hire,60-90 days,26-Apr,103,138,118,132,4.16,5.21,0,0,50235.01664,1994,0,0
TTL Assisted Consumer,INTUIT,Tax Associate,PL4,Chat,Re-Hire,< 30 days,26-Jan,121,169,132,154,1.95,2.13,0,0,59703.58333,3981,0,0
TTL Assisted Consumer,INTUIT,Tax Associate,PL4,Phone,New Hire,< 30 days,26-Feb,11,12,12,12,55.78,67.93,0,0,2445.050001,96,0,0
TTL Assisted Consumer,INTUIT,Tax Associate,PL4,Phone,Re-Hire,< 30 days,26-Jan,433,522,449,492,2977.17,3562.06,0,0,141044.8834,5738,0,0
TTL Assisted Consumer,INTUIT,Tax Associate,PL4,Phone,New Hire,< 30 days,26-Mar,6,7,6,7,49.68,55.61,0,0,2192.066665,78,0,0
TTL Assisted Consumer,INTUIT,Tax Associate,PL4,Phone,Re-Hire,30-60 days,26-Apr,42,51,44,48,451.44,549.89,0,0,19688.99999,803,0,0
TTL Assisted Consumer,INTUIT,Tax Associate,PL4,Chat,New Hire,< 30 days,26-Apr,0,0,0,0,0,0,0,0,37.75,2,0,0
TTL Assisted Consumer,INTUIT,Tax Associate,PL4,Chat,Re-Hire,30-60 days,Before Season,612,868,692,819,4.2,5.34,0,0,346764.75,20185,0,0
TTL Assisted Consumer,INTUIT,Tax Associate,PL4,Chat,Re-Hire,90-120 days,26-Feb,20,31,26,28,1.66,2.84,0,0,8399.349996,538,0,0
TTL Assisted Consumer,INTUIT,Tax Associate,PL4,Chat,Re-Hire,30-60 days,26-Feb,340,550,420,521,6.09,8.94,0,0,175523.65,10514,0,0
TTL Assisted Consumer,INTUIT,Tax Associate,PL4,Chat,New Hire,30-60 days,26-Mar,2,2,2,2,0,0,0,0,1002.933336,42,0,0
TTL Assisted Consumer,INTUIT,Tax Associate,PL4,Phone,Re-Hire,< 30 days,Before Season,1189,1443,1258,1378,1263.86,1504.49,0,0,856628.9001,32409,0,0
TTL Assisted Consumer,INTUIT,Tax Associate,PL4,Chat,New Hire,90-120 days,26-Mar,0,0,0,0,0,0,0,0,15.116667,1,0,0
TTL Assisted Consumer,INTUIT,Tax Associate,PL4,Phone,Re-Hire,120+ days,26-Mar,463,598,520,566,3212.52,3809.38,0,0,169432.5,6758,0,0
TTL Assisted Consumer,INTUIT,Tax Associate,PL4,Chat,Re-Hire,120+ days,26-Jan,124,194,147,181,4.62,5.46,0,0,73291.78337,5562,0,0
TTL Assisted Consumer,INTUIT,Tax Associate,PL4,Chat,Re-Hire,< 30 days,26-Apr,5,5,5,5,0,0,0,0,1653.249998,72,0,0
TTL Assisted Consumer,INTUIT,Tax Associate,PL4,Chat,Re-Hire,120+ days,26-Mar,42,61,51,59,5.59,7.72,0,0,21543.14999,932,0,0
TTL Assisted Consumer,INTUIT,Tax Associate,PL4,Phone,Re-Hire,< 30 days,26-Apr,11,18,14,17,141.57,169.53,0,0,5759.566677,228,0,0
TTL Assisted Consumer,INTUIT,Tax Associate,PL4,Phone,New Hire,60-90 days,After Season,6,7,6,7,88.26,104.8,0,0,3839.899998,139,0,0
TTL Assisted Consumer,INTUIT,Tax Associate,PL4,Chat,New Hire,60-90 days,After Season,0,0,0,0,0,0,0,0,865.783332,37,0,0
TTL Assisted Consumer,INTUIT,Tax Associate,PL4,Chat,Re-Hire,120+ days,26-Apr,536,716,616,679,15.61,18.34,0,0,376210.9833,15389,0,0
TTL Assisted Consumer,INTUIT,Tax Associate,PL4,Phone,Re-Hire,30-60 days,After Season,0,2,1,2,38.38,52.26,0,0,1419.383336,66,0,0
TTL Assisted Consumer,INTUIT,Tax Associate,PL4,Phone,New Hire,120+ days,26-Mar,0,0,0,0,7.31,9.13,0,0,235.066668,14,0,0
TTL Assisted Consumer,INTUIT,Tax Associate,PL4,Phone,Re-Hire,90-120 days,26-Mar,350,469,392,447,2619.15,3136.27,0,0,163996.7667,6490,0,0
TTL Assisted Consumer,INTUIT,Tax Associate,PL4,Chat,Re-Hire,< 30 days,26-Feb,175,302,225,288,3.4,4.17,0,0,105105.7834,7356,0,0
TTL Assisted Consumer,INTUIT,Tax Associate,PL4,Phone,Re-Hire,90-120 days,Before Season,90,99,93,95,691.93,818.92,0,0,38531.3,2131,0,0
TTL Assisted Consumer,INTUIT,Tax Associate,PL4,Phone,New Hire,60-90 days,26-Mar,0,0,0,0,5.2,6.89,0,0,655.150001,23,0,0
TTL Assisted Consumer,INTUIT,Tax Associate,PL4,Phone,Re-Hire,120+ days,26-Jan,555,665,591,631,4325.14,5151.19,0,0,193646.6,8548,0,0
TTL Assisted Consumer,INTUIT,Tax Associate,PL4,Phone,Re-Hire,60-90 days,26-Apr,428,516,454,494,3510.14,4219.14,0,0,179155.0333,6452,0,0
TTL Assisted Consumer,INTUIT,Tax Associate,PL4,Chat,Re-Hire,60-90 days,Before Season,96,140,107,133,1.13,1.88,0,0,62287.53334,3684,0,0
TTL Assisted Consumer,INTUIT,Tax Associate,PL4,Chat,Re-Hire,90-120 days,Before Season,110,152,126,145,3.74,4.18,0,0,60581.26666,3796,0,0
TTL Assisted Consumer,INTUIT,Tax Associate,PL4,Phone,Re-Hire,< 30 days,26-Mar,12,12,12,12,98.37,118.3,0,0,3500.71666,152,0,0
TTL Assisted Consumer,INTUIT,Tax Associate,PL4,Phone,New Hire,30-60 days,26-Apr,22,28,23,26,247.13,297.07,0,0,12228.31667,428,0,0
TTL Assisted Consumer,INTUIT,Tax Associate,PL4,Phone,Re-Hire,120+ days,After Season,410,606,470,572,7856.68,9830.66,0,0,333495.5667,15534,0,0
TTL Assisted Consumer,INTUIT,Tax Associate,PL4,Chat,Re-Hire,60-90 days,26-Mar,50,67,56,64,4.85,5.68,0,0,21125.64999,921,0,0
TTL Assisted Consumer,INTUIT,Tax Associate,PL4,Phone,Re-Hire,90-120 days,26-Apr,1215,1495,1290,1407,11911.34,14428.17,0,0,611056.4833,23901,0,0
TTL Assisted Consumer,INTUIT,Tax Associate,PL4,Chat,Re-Hire,< 30 days,26-Mar,0,2,1,2,0,0,0,0,1319.150001,27,0,0
TTL Assisted Consumer,INTUIT,Tax Associate,PL4,Phone,New Hire,120+ days,After Season,4,4,4,4,41.7,50.97,0,0,1823.733333,81,0,0
TTL Assisted Consumer,INTUIT,Tax Associate,PL4,Phone,Re-Hire,< 30 days,26-Feb,434,548,466,520,3259.67,3899.81,0,0,170219.9333,6413,0,0
TTL Assisted Consumer,INTUIT,Tax Associate,PL4,Chat,Re-Hire,120+ days,26-Feb,289,483,381,454,11.43,14.61,0,0,159713.8833,10808,0,0
TTL Assisted Consumer,INTUIT,Tax Associate,PL4,Chat,Re-Hire,30-60 days,After Season,0,0,0,0,0,0,0,0,365.68333,18,0,0
TTL Assisted Consumer,INTUIT,Tax Associate,PL4,Chat,New Hire,90-120 days,After Season,1,3,0,1,0,0,0,0,504.733333,13,0,0
TTL Assisted Consumer,INTUIT,Tax Associate,PL4,Chat,New Hire,120+ days,26-Apr,0,0,0,0,0,0,0,0,86.1,2,0,0
TTL Assisted Consumer,INTUIT,Tax Associate,PL4,Phone,New Hire,60-90 days,26-Feb,0,0,0,0,0.4,0.48,0,0,0,0,0,0
TTL Assisted Consumer,INTUIT,Tax Associate,PL4,Chat,Re-Hire,120+ days,Before Season,476,615,515,579,3.09,4.46,0,0,235959.7834,13519,0,0
TTL Assisted Consumer,INTUIT,Tax Associate,PL4,Phone,New Hire,120+ days,Before Season,2,2,2,2,0,0,0,0,1597.083333,83,0,0
TTL Assisted Consumer,INTUIT,Tax Associate,PL4,Phone,Re-Hire,60-90 days,26-Jan,50,64,53,60,549.34,660.99,0,0,26908.61666,1224,0,0
TTL Assisted Consumer,INTUIT,Tax Associate,PL4,Chat,New Hire,120+ days,Before Season,0,0,0,0,0,0,0,0,1341.15,64,0,0
TTL Assisted Consumer,INTUIT,Tax Associate,PL4,Chat,New Hire,60-90 days,26-Apr,5,5,5,5,0.77,1.42,0,0,7089.100012,260,0,0
TTL Assisted Consumer,INTUIT,Tax Associate,PL4,Phone,New Hire,90-120 days,After Season,1,1,1,1,26.9,32.91,0,0,2034.049996,59,0,0
TTL Assisted Consumer,INTUIT,Tax Associate,PL4,Chat,Re-Hire,120+ days,After Season,86,149,110,133,15.53,20.32,0,0,84667.11664,3616,0,0
TTL Assisted Consumer,INTUIT,Tax Associate,PL4,Phone,New Hire,90-120 days,26-Apr,0,0,0,0,1.07,1.42,0,0,48.933333,2,0,0
TTL Assisted Consumer,INTUIT,Tax Associate,PL4,Chat,Re-Hire,30-60 days,26-Mar,15,22,20,22,2.7,3.2,0,0,5537.999997,265,0,0
TTL Assisted Consumer,INTUIT,Tax Associate,PL4,Phone,New Hire,120+ days,26-Apr,3,4,4,4,27.33,30.84,0,0,2414.499999,68,0,0
TTL Assisted Consumer,INTUIT,Tax Associate,PL4,Phone,Re-Hire,120+ days,26-Feb,1400,1708,1486,1619,9222.61,11003.42,0,0,444380.4833,18730,0,0
TTL Assisted Consumer,INTUIT,Tax Associate,PL4,Phone,Re-Hire,90-120 days,After Season,108,142,110,132,2180.42,2713.38,0,0,79154.30001,3510,0,0
TTL Assisted Consumer,INTUIT,Tax Associate,PL4,Phone,New Hire,< 30 days,After Season,0,0,0,0,0.22,0.26,0,0,0,0,0,0
TTL Assisted Consumer,INTUIT,Tax Expert,PL4,Chat,Re-Hire,120+ days,26-Apr,140,198,167,185,4.86,5.41,0,0,97865.41669,4340,0,0
TTL Assisted Consumer,INTUIT,Tax Expert,PL4,Phone,Re-Hire,< 30 days,Before Season,536,636,568,616,513,608.59,0,0,374112.8666,15013,0,0
TTL Assisted Consumer,INTUIT,Tax Expert,PL4,Chat,Re-Hire,< 30 days,26-Jan,69,105,81,98,0.86,1.42,0,0,38526.21669,2519,0,0
TTL Assisted Consumer,INTUIT,Tax Expert,PL4,Phone,New Hire,60-90 days,26-Apr,5,9,7,8,82.92,99.88,0,0,4180.18333,168,0,0
TTL Assisted Consumer,INTUIT,Tax Expert,PL4,Chat,New Hire,30-60 days,After Season,0,0,0,0,0,0,0,0,33.683333,1,0,0
TTL Assisted Consumer,INTUIT,Tax Expert,PL4,Phone,New Hire,90-120 days,After Season,1,1,1,1,7.96,10.45,0,0,237.233332,16,0,0
TTL Assisted Consumer,INTUIT,Tax Expert,PL4,Phone,Re-Hire,120+ days,26-Feb,583,691,630,672,3735.91,4443.23,0,0,199529.9833,7775,0,0
TTL Assisted Consumer,INTUIT,Tax Expert,PL4,Chat,New Hire,120+ days,26-Mar,1,1,1,1,0,0,0,0,428.833335,19,0,0
TTL Assisted Consumer,INTUIT,Tax Expert,PL4,Chat,Re-Hire,90-120 days,After Season,1,15,8,14,3.83,4.97,0,0,8100.566663,349,0,0
TTL Assisted Consumer,INTUIT,Tax Expert,PL4,Phone,Re-Hire,90-120 days,26-Feb,114,153,131,148,859.43,1051.36,0,0,32026.71666,1588,0,0
TTL Assisted Consumer,INTUIT,Tax Expert,PL4,Phone,Re-Hire,90-120 days,26-Apr,362,450,403,434,3882.65,4674.55,0,0,200685.7,7997,0,0
TTL Assisted Consumer,INTUIT,Tax Expert,PL4,Phone,Re-Hire,90-120 days,26-Mar,51,64,52,55,469.04,566.52,0,0,38005.93333,1520,0,0
TTL Assisted Consumer,INTUIT,Tax Expert,PL4,Phone,Re-Hire,60-90 days,26-Apr,65,82,72,77,739.11,885.86,0,0,32185.35001,1387,0,0
TTL Assisted Consumer,INTUIT,Tax Expert,PL4,Chat,New Hire,120+ days,Before Season,91,119,101,115,0,0,0,0,49191.03333,2416,0,0
TTL Assisted Consumer,INTUIT,Tax Expert,PL4,Phone,New Hire,60-90 days,After Season,0,0,0,0,21.2,27.44,0,0,523.266667,24,0,0
TTL Assisted Consumer,INTUIT,Tax Expert,PL4,Phone,Re-Hire,120+ days,26-Jan,249,272,243,256,1780.59,2110.31,0,0,107256.9,4330,0,0
TTL Assisted Consumer,INTUIT,Tax Expert,PL4,Phone,Re-Hire,30-60 days,26-Jan,126,153,135,147,1212.86,1480.12,0,0,71407.01669,2913,0,0
TTL Assisted Consumer,INTUIT,Tax Expert,PL4,Phone,New Hire,120+ days,26-Jan,16,19,16,18,115.63,133.99,0,0,7896.116668,245,0,0
TTL Assisted Consumer,INTUIT,Tax Expert,PL4,Chat,Re-Hire,30-60 days,26-Mar,7,11,8,10,0.61,0.71,0,0,2120.283334,86,0,0
TTL Assisted Consumer,INTUIT,Tax Expert,PL4,Phone,Re-Hire,60-90 days,26-Jan,13,20,18,20,232.65,289.46,0,0,15777.00001,676,0,0
TTL Assisted Consumer,INTUIT,Tax Expert,PL4,Chat,Re-Hire,< 30 days,26-Feb,116,187,150,173,6.65,7.77,0,0,68163.35001,4826,0,0
TTL Assisted Consumer,INTUIT,Tax Expert,PL4,Chat,New Hire,60-90 days,26-Apr,3,3,3,3,0.67,0.71,0,0,2156.733335,90,0,0
TTL Assisted Consumer,INTUIT,Tax Expert,PL4,Chat,Re-Hire,< 30 days,Before Season,360,466,382,435,0.59,0.71,0,0,225433.8,8526,0,0
TTL Assisted Consumer,INTUIT,Tax Expert,PL4,Chat,New Hire,120+ days,After Season,3,3,3,3,0,0,0,0,2068.900003,102,0,0
TTL Assisted Consumer,INTUIT,Tax Expert,PL4,Chat,Re-Hire,120+ days,26-Mar,16,22,19,21,1.97,2.13,0,0,4958.55,253,0,0
TTL Assisted Consumer,INTUIT,Tax Expert,PL4,Phone,Re-Hire,90-120 days,After Season,30,34,30,34,707.77,877.18,0,0,22575.20001,985,0,0
TTL Assisted Consumer,INTUIT,Tax Expert,PL4,Phone,Re-Hire,< 30 days,26-Apr,1,3,2,3,3.92,5.41,0,0,321.083332,11,0,0
TTL Assisted Consumer,INTUIT,Tax Expert,PL4,Phone,New Hire,30-60 days,26-Apr,4,7,5,6,42.1,53.19,0,0,2470.566667,101,0,0
TTL Assisted Consumer,INTUIT,Tax Expert,PL4,Phone,Re-Hire,30-60 days,26-Feb,593,717,638,691,3659.18,4361.62,0,0,195684.4,7523,0,0
TTL Assisted Consumer,INTUIT,Tax Expert,PL4,Chat,Re-Hire,< 30 days,26-Apr,1,1,1,1,0,0,0,0,248.799999,10,0,0
TTL Assisted Consumer,INTUIT,Tax Expert,PL4,Chat,New Hire,30-60 days,26-Mar,0,0,0,0,0,0,0,0,81.033333,5,0,0
TTL Assisted Consumer,INTUIT,Tax Expert,PL4,Chat,Re-Hire,60-90 days,26-Jan,2,10,6,10,0,0,0,0,4824.366671,285,0,0
TTL Assisted Consumer,INTUIT,Tax Expert,PL4,Chat,New Hire,120+ days,26-Feb,14,16,16,16,0,0,0,0,3865.88334,272,0,0
TTL Assisted Consumer,INTUIT,Tax Expert,PL4,Phone,New Hire,120+ days,26-Mar,3,6,5,6,113.15,135.18,0,0,8506.033335,271,0,0
TTL Assisted Consumer,INTUIT,Tax Expert,PL4,Chat,Re-Hire,90-120 days,Before Season,24,32,24,31,0.67,0.69,0,0,14311.49999,797,0,0
TTL Assisted Consumer,INTUIT,Tax Expert,PL4,Chat,Re-Hire,60-90 days,26-Apr,27,43,36,41,1.57,2.13,0,0,12405.4,519,0,0
TTL Assisted Consumer,INTUIT,Tax Expert,PL4,Phone,New Hire,< 30 days,26-Mar,-1,2,0,0,3.1,3.68,0,0,181.133333,9,0,0
TTL Assisted Consumer,INTUIT,Tax Expert,PL4,Phone,Re-Hire,60-90 days,Before Season,225,270,230,250,389.49,477.02,0,0,181961.2667,7311,0,0
TTL Assisted Consumer,INTUIT,Tax Expert,PL4,Phone,New Hire,90-120 days,26-Apr,0,0,0,0,1.95,2.37,0,0,386.566667,10,0,0
TTL Assisted Consumer,INTUIT,Tax Expert,PL4,Chat,New Hire,< 30 days,26-Apr,-1,1,0,1,0,0,0,0,192.583334,9,0,0
TTL Assisted Consumer,INTUIT,Tax Expert,PL4,Phone,New Hire,60-90 days,26-Feb,0,0,0,0,5.69,6.73,0,0,186.266667,8,0,0
TTL Assisted Consumer,INTUIT,Tax Expert,PL4,Phone,New Hire,< 30 days,26-Apr,-2,4,1,3,6.95,8.69,0,0,446.916665,18,0,0
TTL Assisted Consumer,INTUIT,Tax Expert,PL4,Chat,New Hire,30-60 days,26-Apr,1,2,2,2,0,0,0,0,468.083334,19,0,0
TTL Assisted Consumer,INTUIT,Tax Expert,PL4,Chat,New Hire,60-90 days,After Season,-1,1,0,1,0,0,0,0,184.149998,10,0,0
TTL Assisted Consumer,INTUIT,Tax Expert,PL4,Phone,Re-Hire,< 30 days,26-Mar,4,5,3,4,29.23,33.13,0,0,992.133332,34,0,0
TTL Assisted Consumer,INTUIT,Tax Expert,PL4,Chat,Re-Hire,30-60 days,Before Season,424,587,489,554,1.93,2.11,0,0,254219.8334,12280,0,0
TTL Assisted Consumer,INTUIT,Tax Expert,PL4,Phone,Re-Hire,< 30 days,26-Jan,232,283,248,270,1649.94,1971,0,0,107346.1833,3876,0,0
TTL Assisted Consumer,INTUIT,Tax Expert,PL4,Chat,Re-Hire,90-120 days,26-Apr,153,212,183,202,4.63,5.62,0,0,106950.15,4678,0,0
TTL Assisted Consumer,INTUIT,Tax Expert,PL4,Phone,New Hire,120+ days,Before Season,145,172,151,164,200.84,231.2,0,0,107331.1833,5017,0,0
TTL Assisted Consumer,INTUIT,Tax Expert,PL4,Chat,Re-Hire,60-90 days,26-Mar,19,26,22,25,0,0,0,0,4955.533342,267,0,0
TTL Assisted Consumer,INTUIT,Tax Expert,PL4,Chat,New Hire,< 30 days,26-Mar,0,0,0,0,0,0,0,0,27.4,2,0,0
TTL Assisted Consumer,INTUIT,Tax Expert,PL4,Phone,Re-Hire,60-90 days,26-Mar,85,107,95,102,685.88,811.66,0,0,32898.26667,1403,0,0
TTL Assisted Consumer,INTUIT,Tax Expert,PL4,Phone,Re-Hire,30-60 days,26-Mar,24,38,29,36,280.92,326.44,0,0,12146.33334,526,0,0
TTL Assisted Consumer,INTUIT,Tax Expert,PL4,Chat,Re-Hire,< 30 days,26-Mar,2,2,2,2,0,0,0,0,199.05,6,0,0
TTL Assisted Consumer,INTUIT,Tax Expert,PL4,Phone,Re-Hire,120+ days,Before Season,989,1121,997,1071,2322.32,2723.94,0,0,675591.2333,32240,0,0
TTL Assisted Consumer,INTUIT,Tax Expert,PL4,Phone,Re-Hire,90-120 days,Before Season,8,10,6,8,88.85,103.6,0,0,13506.6,677,0,0
TTL Assisted Consumer,INTUIT,Tax Expert,PL4,Phone,New Hire,30-60 days,26-Mar,1,1,1,1,14.18,16.47,0,0,688.566668,34,0,0
TTL Assisted Consumer,INTUIT,Tax Expert,PL4,Phone,Re-Hire,120+ days,26-Mar,146,183,161,174,1097.49,1312.4,0,0,66216.65001,2718,0,0
TTL Assisted Consumer,INTUIT,Tax Expert,PL4,Phone,Re-Hire,120+ days,26-Apr,409,491,435,465,4603.51,5578.4,0,0,374538.7333,14412,0,0
TTL Assisted Consumer,INTUIT,Tax Expert,PL4,Chat,Re-Hire,120+ days,26-Feb,232,351,287,328,5.54,6.83,0,0,87919.21667,6283,0,0
TTL Assisted Consumer,INTUIT,Tax Expert,PL4,Phone,Re-Hire,60-90 days,After Season,0,2,1,2,57.72,75.22,0,0,1962.233328,95,0,0
TTL Assisted Consumer,INTUIT,Tax Expert,PL4,Chat,Re-Hire,30-60 days,26-Jan,42,61,48,55,0.57,0.71,0,0,22371.33333,1565,0,0
TTL Assisted Consumer,INTUIT,Tax Expert,PL4,Chat,New Hire,90-120 days,26-Apr,0,0,0,0,0,0,0,0,7.7,1,0,0
TTL Assisted Consumer,INTUIT,Tax Expert,PL4,Chat,Re-Hire,30-60 days,26-Feb,197,302,241,287,4.74,6.11,0,0,79019.90002,5174,0,0
TTL Assisted Consumer,INTUIT,Tax Expert,PL4,Chat,Re-Hire,120+ days,After Season,27,62,39,52,8.07,10.05,0,0,41388.78336,1871,0,0
TTL Assisted Consumer,INTUIT,Tax Expert,PL4,Chat,Re-Hire,30-60 days,After Season,1,1,1,1,0,0,0,0,319.816667,10,0,0
TTL Assisted Consumer,INTUIT,Tax Expert,PL4,Phone,Re-Hire,30-60 days,26-Apr,14,15,14,15,83.71,103.64,0,0,3282.450004,152,0,0
TTL Assisted Consumer,INTUIT,Tax Expert,PL4,Chat,Re-Hire,90-120 days,26-Mar,3,3,3,3,0.71,0.71,0,0,3186.166666,111,0,0
TTL Assisted Consumer,INTUIT,Tax Expert,PL4,Phone,New Hire,60-90 days,26-Mar,1,1,1,1,7.69,9.85,0,0,821.416666,22,0,0
TTL Assisted Consumer,INTUIT,Tax Expert,PL4,Chat,Re-Hire,60-90 days,Before Season,128,178,132,158,1.91,2.27,0,0,89565.23333,4354,0,0
TTL Assisted Consumer,INTUIT,Tax Expert,PL4,Phone,New Hire,120+ days,26-Apr,16,21,20,21,238.41,281.41,0,0,11738.38333,528,0,0
TTL Assisted Consumer,INTUIT,Tax Expert,PL4,Phone,New Hire,90-120 days,26-Mar,0,0,0,0,12.46,15.36,0,0,1048.950001,30,0,0
TTL Assisted Consumer,INTUIT,Tax Expert,PL4,Chat,Re-Hire,120+ days,26-Jan,69,101,80,93,2.11,2.84,0,0,34838.18333,2426,0,0
TTL Assisted Consumer,INTUIT,Tax Expert,PL4,Chat,New Hire,120+ days,26-Jan,7,7,7,7,0,0,0,0,1292.566669,112,0,0
TTL Assisted Consumer,INTUIT,Tax Expert,PL4,Chat,Re-Hire,90-120 days,26-Feb,13,18,15,16,0.14,0.26,0,0,4247.200001,278,0,0
TTL Assisted Consumer,INTUIT,Tax Expert,PL4,Chat,Re-Hire,60-90 days,26-Feb,50,85,64,75,2.88,3.3,0,0,22678.1,1322,0,0
TTL Assisted Consumer,INTUIT,Tax Expert,PL4,Phone,Re-Hire,30-60 days,After Season,0,0,0,0,9.49,12.2,0,0,296.85,10,0,0
TTL Assisted Consumer,INTUIT,Tax Expert,PL4,Chat,Re-Hire,120+ days,Before Season,642,835,694,791,0.97,1.09,0,0,345574.3833,17557,0,0
TTL Assisted Consumer,INTUIT,Tax Expert,PL4,Phone,Re-Hire,60-90 days,26-Feb,301,416,357,401,2228.55,2696.99,0,0,80269.09998,3655,0,0
TTL Assisted Consumer,INTUIT,Tax Expert,PL4,Phone,New Hire,120+ days,26-Feb,38,44,41,43,265.1,302.08,0,0,13137.3,507,0,0
TTL Assisted Consumer,INTUIT,Tax Expert,PL4,Phone,New Hire,120+ days,After Season,15,22,17,20,179.21,214.32,0,0,7766.53333,342,0,0
TTL Assisted Consumer,INTUIT,Tax Expert,PL4,Phone,Re-Hire,30-60 days,Before Season,624,742,649,709,1728.19,2071.87,0,0,421764.8666,18200,0,0
TTL Assisted Consumer,INTUIT,Tax Expert,PL4,Chat,Re-Hire,30-60 days,26-Apr,2,5,4,5,0,0,0,0,2726.06667,120,0,0
TTL Assisted Consumer,INTUIT,Tax Expert,PL4,Phone,New Hire,< 30 days,26-Feb,0,0,0,0,2.32,2.93,0,0,85.516667,5,0,0
TTL Assisted Consumer,INTUIT,Tax Expert,PL4,Phone,Re-Hire,120+ days,After Season,171,258,205,247,3201.28,4022.67,0,0,149371.1333,6882,0,0
TTL Assisted Consumer,INTUIT,Tax Expert,PL4,Chat,New Hire,120+ days,26-Apr,8,12,11,12,0,0,0,0,2671.233335,106,0,0
TTL Assisted Consumer,INTUIT,Tax Expert,PL4,Chat,New Hire,< 30 days,26-Feb,1,2,0,2,0,0,0,0,168.65,9,0,0
TTL Assisted Consumer,INTUIT,Tax Expert,PL4,Chat,Re-Hire,60-90 days,After Season,1,1,1,1,0,0,0,0,530.166669,32,0,0
TTL Assisted Consumer,INTUIT,Tax Expert,PL4,Chat,New Hire,90-120 days,After Season,0,0,0,0,0,0,0,0,100.883333,6,0,0
TTL Assisted Consumer,INTUIT,Tax Expert,PL4,Phone,Re-Hire,< 30 days,26-Feb,219,257,233,249,1412.19,1683.85,0,0,112454.8833,3682,0,0
TTL Assisted Consumer,INTUIT,Tax Expert,PL4,Phone,New Hire,30-60 days,After Season,0,0,0,0,5.57,6.66,0,0,100.883333,4,0,0
TTL Assisted Consumer,INTUIT,Tax Expert,PL4,Phone,New Hire,30-60 days,26-Jan,0,0,0,0,0,0,0,0,85.683333,1,0,0
TTL Assisted Consumer,INTUIT,Tax Specialist,PL4,Phone,Re-Hire,90-120 days,After Season,0,0,0,0,0.69,0.71,0,0,52.15,1,0,0
TTL Assisted Consumer,INTUIT,Tax Specialist,PL4,Phone,Re-Hire,60-90 days,26-Apr,1,1,1,1,1.48,1.62,0,0,192.15,4,0,0
TTL Assisted Consumer,INTUIT,Tax Specialist,PL4,Phone,Re-Hire,60-90 days,26-Mar,4,4,4,4,48.66,55.24,0,0,1597.216662,83,0,0
TTL Assisted Consumer,INTUIT,Tax Specialist,PL4,Phone,Re-Hire,30-60 days,26-Feb,1,3,2,3,23.16,28.22,0,0,795.233334,51,0,0
TTL Assisted Consumer,INTUIT,Tax Specialist,PL4,Phone,Re-Hire,30-60 days,26-Jan,3,5,4,4,40.22,51.13,0,0,1276.199997,88,0,0
TTL Assisted Consumer,INTUIT,Tax Specialist,PL4,Chat,Re-Hire,< 30 days,Before Season,0,0,0,0,0,0,0,0,21.883333,2,0,0
TTL Assisted Consumer,INTUIT,Tax Specialist,PL4,Chat,Re-Hire,60-90 days,26-Feb,0,0,0,0,0,0,0,0,232.833334,15,0,0
TTL Assisted Consumer,INTUIT,Tax Specialist,PL4,Phone,Re-Hire,90-120 days,26-Apr,27,31,28,29,185.59,217.97,0,0,7445.866672,316,0,0
TTL Assisted Consumer,INTUIT,Tax Specialist,PL4,Phone,Re-Hire,30-60 days,26-Apr,2,2,2,2,11.58,12.97,0,0,555.316665,18,0,0
TTL Assisted Consumer,INTUIT,Tax Specialist,PL4,Phone,Re-Hire,120+ days,After Season,5,5,4,5,81.15,103.18,0,0,3643.500004,175,0,0
TTL Assisted Consumer,INTUIT,Tax Specialist,PL4,Phone,Re-Hire,120+ days,26-Apr,22,27,25,26,195.66,230.35,0,0,8693.71667,342,0,0
TTL Assisted Consumer,INTUIT,Tax Specialist,PL4,Phone,New Hire,60-90 days,26-Apr,0,2,1,2,1.52,1.88,0,0,114.8,4,0,0
TTL Assisted Consumer,INTUIT,Tax Specialist,PL4,Phone,Re-Hire,30-60 days,After Season,0,0,0,0,0.67,0.71,0,0,81.866667,1,0,0
TTL Assisted Consumer,INTUIT,Tax Specialist,PL4,Chat,Re-Hire,30-60 days,26-Feb,0,0,0,0,0,0,0,0,137.649999,12,0,0
TTL Assisted Consumer,INTUIT,Tax Specialist,PL4,Phone,Re-Hire,< 30 days,Before Season,2,2,2,2,7.17,8.89,0,0,452.616667,32,0,0
TTL Assisted Consumer,INTUIT,Tax Specialist,PL4,Phone,Re-Hire,90-120 days,26-Mar,9,12,9,11,67.03,76.23,0,0,2981.949998,116,0,0
TTL Assisted Consumer,INTUIT,Tax Specialist,PL4,Phone,Re-Hire,60-90 days,26-Feb,7,8,7,7,41.18,51.36,0,0,2176.900002,89,0,0
TTL Assisted Consumer,INTUIT,Tax Specialist,PL4,Phone,Re-Hire,30-60 days,Before Season,3,4,4,4,37.74,46.84,0,0,1638.816665,101,0,0
TTL Assisted Consumer,INTUIT,Tax Specialist,PL4,Phone,Re-Hire,30-60 days,26-Mar,0,0,0,0,0.69,0.71,0,0,53.016667,1,0,0
TTL Assisted Consumer,INTUIT,Tax Specialist,PL4,Phone,Re-Hire,< 30 days,26-Mar,5,5,5,5,6.93,8.33,0,0,378.349999,11,0,0
TTL Assisted Consumer,INTUIT,Tax Specialist,PL4,Phone,New Hire,60-90 days,After Season,0,0,0,0,0.71,0.91,0,0,0,0,0,0
TTL Assisted Consumer,INTUIT,Tax Associate,TPA,Phone,Re-Hire,120+ days,Before Season,0,0,0,0,0.96,1.42,0,0,520.283335,61,0,0
TTL Assisted Consumer,INTUIT,Tax Associate,TPA,Phone,Re-Hire,30-60 days,Before Season,0,0,0,0,0,0,0,0,1177.533334,126,0,0
TTL Assisted Consumer,INTUIT,Tax Associate,TPA,Phone,Re-Hire,< 30 days,Before Season,0,0,0,0,0,0,0,0,1299.450002,167,0,0
TTL Assisted Consumer,INTUIT,Tax Associate,TPA,Phone,Re-Hire,60-90 days,Before Season,0,0,0,0,0,0,0,0,1015.11666,95,0,0
TTL Assisted Consumer,INTUIT,Tax Specialist,TPA,Phone,Re-Hire,90-120 days,26-Mar,1,1,1,1,0,0,0,0,0,0,0,0
TTL Assisted Consumer,INTUIT,Tax Specialist,TPA,Phone,Re-Hire,60-90 days,26-Mar,0,0,0,0,1.26,1.62,0,0,0,0,0,0
TTL Assisted Consumer,INTUIT,Tax Specialist,TPA,Phone,Re-Hire,60-90 days,Before Season,0,0,0,0,0,0,0,0,3438.849997,306,0,0
TTL Assisted Consumer,INTUIT,Tax Specialist,TPA,Phone,Re-Hire,60-90 days,26-Feb,12,12,12,12,15.85,20.27,0,0,0,0,0,0
TTL Assisted Consumer,INTUIT,Tax Specialist,TPA,Phone,Re-Hire,30-60 days,Before Season,0,0,0,0,0,0,0,0,3786.749992,365,0,0
TTL Assisted Consumer,INTUIT,Tax Specialist,TPA,Phone,Re-Hire,30-60 days,26-Jan,4,6,5,6,12.27,14.19,0,0,0,0,0,0
TTL Assisted Consumer,INTUIT,Tax Specialist,TPA,Phone,Re-Hire,< 30 days,Before Season,0,0,0,0,0,0,0,0,2147.833334,231,0,0
TTL Assisted Consumer,INTUIT,Tax Specialist,TPA,Phone,Re-Hire,30-60 days,26-Feb,5,7,5,7,14.51,17.16,0,0,0,0,0,0
TTL Assisted Consumer,INTUIT,Tax Associate,TTLA,Chat,New Hire,120+ days,26-Apr,67,109,79,92,0,0,0,0,63933.1,2594,0,0
TTL Assisted Consumer,INTUIT,Tax Associate,TTLA,Chat,New Hire,120+ days,26-Feb,5,9,7,8,0,0,0,0,3367.883341,205,0,0
TTL Assisted Consumer,INTUIT,Tax Associate,TTLA,Chat,Re-Hire,120+ days,26-Apr,6,23,16,22,0.1,0.2,0,0,12412.1,638,0,0
TTL Assisted Consumer,INTUIT,Tax Associate,TTLA,Chat,Re-Hire,90-120 days,26-Mar,6,12,10,12,0.45,0.6,0,0,6392.966669,567,0,0
TTL Assisted Consumer,INTUIT,Tax Associate,TTLA,Chat,Re-Hire,30-60 days,26-Mar,0,0,0,0,0,0,0,0,236.099999,13,0,0
TTL Assisted Consumer,INTUIT,Tax Associate,TTLA,Chat,Re-Hire,90-120 days,26-Apr,1,3,2,3,0.2,0.2,0,0,3101.899996,243,0,0
TTL Assisted Consumer,INTUIT,Tax Associate,TTLA,Phone,Re-Hire,60-90 days,26-Apr,3,3,3,3,78.63,92.72,0,0,2509.150003,143,0,0
TTL Assisted Consumer,INTUIT,Tax Associate,TTLA,Phone,New Hire,120+ days,After Season,93,138,114,135,1325.8,1667.47,0,0,52888.05,2463,0,0
TTL Assisted Consumer,INTUIT,Tax Associate,TTLA,Chat,Re-Hire,30-60 days,26-Jan,-2,3,1,3,0,0,0,0,1026.733335,129,0,0
TTL Assisted Consumer,INTUIT,Tax Associate,TTLA,Phone,Re-Hire,90-120 days,26-Mar,11,15,12,14,138.89,163.39,0,0,5041.099994,216,0,0
TTL Assisted Consumer,INTUIT,Tax Associate,TTLA,Chat,New Hire,60-90 days,26-Mar,9,16,11,15,0,0,0,0,5369.650007,204,0,0
TTL Assisted Consumer,INTUIT,Tax Associate,TTLA,Chat,New Hire,90-120 days,26-Apr,3,13,8,12,0,0,0,0,9869.116668,417,0,0
TTL Assisted Consumer,INTUIT,Tax Associate,TTLA,Phone,Re-Hire,< 30 days,26-Feb,4,4,4,4,68.53,82.4,0,0,1563.116664,90,0,0
TTL Assisted Consumer,INTUIT,Tax Associate,TTLA,Phone,New Hire,90-120 days,26-Apr,37,50,42,47,323.12,406.27,0,0,11536.86668,522,0,0
TTL Assisted Consumer,INTUIT,Tax Associate,TTLA,Phone,Re-Hire,120+ days,26-Mar,101,124,113,123,671.11,820.86,0,0,20446.31667,985,0,0
TTL Assisted Consumer,INTUIT,Tax Associate,TTLA,Phone,Re-Hire,< 30 days,Before Season,0,0,0,0,3.63,4.48,0,0,281.433333,10,0,0
TTL Assisted Consumer,INTUIT,Tax Associate,TTLA,Phone,Re-Hire,120+ days,After Season,21,31,21,27,265.09,337.02,0,0,9118.350006,454,0,0
TTL Assisted Consumer,INTUIT,Tax Associate,TTLA,Chat,Re-Hire,120+ days,26-Mar,8,23,14,21,0,0,0,0,8051.966668,383,0,0
TTL Assisted Consumer,INTUIT,Tax Associate,TTLA,Phone,New Hire,120+ days,26-Mar,363,486,416,457,2748.84,3302.66,0,0,107844.7167,4434,0,0
TTL Assisted Consumer,INTUIT,Tax Associate,TTLA,Phone,New Hire,< 30 days,Before Season,0,0,0,0,4.39,5.13,0,0,385.149997,34,0,0
TTL Assisted Consumer,INTUIT,Tax Associate,TTLA,Chat,New Hire,90-120 days,26-Mar,26,48,37,45,0,0,0,0,21103.75,869,0,0
TTL Assisted Consumer,INTUIT,Tax Associate,TTLA,Chat,New Hire,120+ days,After Season,26,73,46,65,0,0,0,0,52206.76668,2039,0,0
TTL Assisted Consumer,INTUIT,Tax Associate,TTLA,Chat,Re-Hire,120+ days,26-Feb,0,1,1,1,0,0,0,0,293.883335,12,0,0
TTL Assisted Consumer,INTUIT,Tax Associate,TTLA,Phone,New Hire,120+ days,26-Feb,39,50,43,49,338.71,417.39,0,0,9854.933341,483,0,0
TTL Assisted Consumer,INTUIT,Tax Associate,TTLA,Phone,Re-Hire,30-60 days,26-Mar,7,9,9,9,75.59,85.9,0,0,3279.466663,157,0,0
TTL Assisted Consumer,INTUIT,Tax Associate,TTLA,Chat,Re-Hire,30-60 days,Before Season,1,3,3,3,0,0,0,0,665.933331,48,0,0
TTL Assisted Consumer,INTUIT,Tax Associate,TTLA,Chat,Re-Hire,30-60 days,26-Feb,1,5,3,5,0.71,0.71,0,0,3815.349999,357,0,0
TTL Assisted Consumer,INTUIT,Tax Associate,TTLA,Phone,New Hire,90-120 days,After Season,0,0,0,0,2.56,3.01,0,0,68.516666,3,0,0
TTL Assisted Consumer,INTUIT,Tax Associate,TTLA,Chat,Re-Hire,60-90 days,26-Feb,3,10,6,10,0.2,0.2,0,0,4620.383334,601,0,0
TTL Assisted Consumer,INTUIT,Tax Associate,TTLA,Chat,Re-Hire,60-90 days,26-Mar,3,7,5,7,0.6,0.6,0,0,2448.866665,308,0,0
TTL Assisted Consumer,INTUIT,Tax Associate,TTLA,Chat,New Hire,60-90 days,26-Feb,1,1,2,2,0,0,0,0,310.133335,18,0,0
TTL Assisted Consumer,INTUIT,Tax Associate,TTLA,Chat,Re-Hire,120+ days,After Season,7,18,12,15,0.2,0.2,0,0,8488.899993,434,0,0
TTL Assisted Consumer,INTUIT,Tax Associate,TTLA,Phone,Re-Hire,90-120 days,26-Apr,2,2,2,2,55.55,66.66,0,0,1888.499997,103,0,0
TTL Assisted Consumer,INTUIT,Tax Associate,TTLA,Phone,New Hire,60-90 days,26-Mar,43,58,52,57,360.53,436.33,0,0,10236.96667,511,0,0
TTL Assisted Consumer,INTUIT,Tax Associate,TTLA,Phone,Re-Hire,< 30 days,26-Jan,3,4,4,4,55.24,62.8,0,0,1235.166666,69,0,0
TTL Assisted Consumer,INTUIT,Tax Associate,TTLA,Phone,Re-Hire,30-60 days,26-Feb,12,15,14,15,236.23,268.65,0,0,7834.783337,402,0,0
TTL Assisted Consumer,INTUIT,Tax Associate,TTLA,Chat,New Hire,90-120 days,After Season,1,1,1,1,0,0,0,0,147.283333,6,0,0
TTL Assisted Consumer,INTUIT,Tax Associate,TTLA,Chat,Re-Hire,120+ days,Before Season,-1,3,1,2,0,0,0,0,1805.966665,103,0,0
TTL Assisted Consumer,INTUIT,Tax Associate,TTLA,Phone,Re-Hire,120+ days,26-Apr,59,69,59,63,541.1,662.22,0,0,17173.01666,848,0,0
TTL Assisted Consumer,INTUIT,Tax Associate,TTLA,Phone,New Hire,90-120 days,26-Mar,161,219,186,206,1257.33,1538.63,0,0,47429.46667,2171,0,0
TTL Assisted Consumer,INTUIT,Tax Associate,TTLA,Chat,New Hire,< 30 days,Before Season,2,2,2,2,0,0,0,0,150.983334,15,0,0
TTL Assisted Consumer,INTUIT,Tax Associate,TTLA,Phone,Re-Hire,60-90 days,26-Mar,13,16,14,16,157.77,182.41,0,0,6970.566668,308,0,0
TTL Assisted Consumer,INTUIT,Tax Associate,TTLA,Chat,New Hire,120+ days,26-Mar,46,107,78,100,0,0,0,0,51780.28333,2006,0,0
TTL Assisted Consumer,INTUIT,Tax Associate,TTLA,Phone,Re-Hire,120+ days,26-Feb,9,9,8,9,38.88,47.45,0,0,1719,61,0,0
TTL Assisted Consumer,INTUIT,Tax Associate,TTLA,Phone,Re-Hire,120+ days,Before Season,2,2,2,2,0.87,0.91,0,0,1850.650004,130,0,0
TTL Assisted Consumer,INTUIT,Tax Associate,TTLA,Phone,Re-Hire,30-60 days,Before Season,-1,1,0,1,53.58,61.25,0,0,1107.433333,63,0,0
TTL Assisted Consumer,INTUIT,Tax Associate,TTLA,Phone,New Hire,60-90 days,26-Feb,6,9,8,8,73.39,84.71,0,0,2214.283334,104,0,0
TTL Assisted Consumer,INTUIT,Tax Associate,TTLA,Phone,New Hire,120+ days,26-Apr,218,299,260,291,2101.83,2550.78,0,0,77258.06668,3306,0,0
TTL Assisted Consumer,INTUIT,Tax Associate,TTLA,Chat,Re-Hire,< 30 days,Before Season,0,0,0,0,0,0,0,0,143.683333,7,0,0
TTL Assisted Consumer,INTUIT,Tax Associate,TTLA,Phone,Re-Hire,60-90 days,26-Feb,0,0,0,0,9.65,12.32,0,0,0,0,0,0
TTL Assisted Consumer,INTUIT,Tax Associate,TTLA,Phone,Re-Hire,30-60 days,26-Jan,0,0,0,0,37.31,45.96,0,0,0,0,0,0
TTL Assisted Consumer,INTUIT,Tax Associate,TTLA,Chat,Re-Hire,< 30 days,26-Jan,0,0,0,0,0,0,0,0,0.483333,1,0,0
TTL Assisted Consumer,INTUIT,Tax Associate,TTLA,Chat,Re-Hire,90-120 days,Before Season,0,0,0,0,0,0,0,0,17.033333,2,0,0
TTL Assisted Consumer,INTUIT,Tax Associate,TTLA,Phone,Re-Hire,90-120 days,Before Season,0,0,0,0,0,0,0,0,36.866667,4,0,0
TTL Assisted Consumer,INTUIT,Tax Expert,TTLA,Chat,Re-Hire,30-60 days,26-Feb,0,0,0,0,0,0,0,0,201.8,15,0,0
TTL Assisted Consumer,INTUIT,Tax Expert,TTLA,Phone,Re-Hire,90-120 days,26-Mar,3,9,5,8,71.39,92.81,0,0,2706.916668,152,0,0
TTL Assisted Consumer,INTUIT,Tax Expert,TTLA,Chat,Re-Hire,60-90 days,26-Mar,1,1,1,1,0,0,0,0,206.016665,11,0,0
TTL Assisted Consumer,INTUIT,Tax Expert,TTLA,Phone,Re-Hire,120+ days,26-Apr,2,2,0,1,35.7,42.85,0,0,777.649998,48,0,0
TTL Assisted Consumer,INTUIT,Tax Expert,TTLA,Chat,Re-Hire,90-120 days,26-Mar,0,0,0,0,0,0,0,0,125.183333,9,0,0
TTL Assisted Consumer,INTUIT,Tax Expert,TTLA,Chat,Re-Hire,30-60 days,Before Season,3,7,3,6,0,0,0,0,2701.466666,117,0,0
TTL Assisted Consumer,INTUIT,Tax Expert,TTLA,Chat,Re-Hire,< 30 days,Before Season,1,1,0,0,0,0,0,0,494.433331,22,0,0
TTL Assisted Consumer,INTUIT,Tax Expert,TTLA,Chat,Re-Hire,120+ days,Before Season,7,13,9,12,0,0,0,0,5340.816673,265,0,0
TTL Assisted Consumer,INTUIT,Tax Expert,TTLA,Phone,Re-Hire,30-60 days,26-Feb,5,9,5,7,83.64,107.84,0,0,1412.1,135,0,0
TTL Assisted Consumer,INTUIT,Tax Expert,TTLA,Chat,Re-Hire,30-60 days,26-Jan,2,5,3,3,0,0,0,0,1171.633332,106,0,0
TTL Assisted Consumer,INTUIT,Tax Expert,TTLA,Phone,Re-Hire,90-120 days,26-Apr,5,5,5,5,35.31,45.41,0,0,1204.233327,72,0,0
TTL Assisted Consumer,INTUIT,Tax Expert,TTLA,Phone,New Hire,120+ days,Before Season,0,0,0,0,0,0,0,0,1211.749997,86,0,0
TTL Assisted Consumer,INTUIT,Tax Expert,TTLA,Phone,Re-Hire,60-90 days,26-Mar,2,6,4,6,47.47,62.68,0,0,1497.449999,109,0,0
TTL Assisted Consumer,INTUIT,Tax Expert,TTLA,Phone,Re-Hire,120+ days,Before Season,13,14,13,14,2.31,2.53,0,0,7612.733339,442,0,0
TTL Assisted Consumer,INTUIT,Tax Expert,TTLA,Phone,Re-Hire,< 30 days,Before Season,2,2,2,2,17.82,20.65,0,0,758.283332,45,0,0
TTL Assisted Consumer,INTUIT,Tax Expert,TTLA,Chat,Re-Hire,60-90 days,26-Feb,-2,2,0,2,0.79,0.91,0,0,1643.999997,106,0,0
TTL Assisted Consumer,INTUIT,Tax Expert,TTLA,Chat,Re-Hire,120+ days,26-Apr,1,1,1,1,0,0,0,0,623.216667,47,0,0
TTL Assisted Consumer,INTUIT,Tax Expert,TTLA,Phone,Re-Hire,30-60 days,Before Season,3,5,4,5,68.6,82.73,0,0,1630.599993,176,0,0
TTL Assisted Consumer,INTUIT,Tax Expert,TTLA,Phone,Re-Hire,60-90 days,26-Feb,3,12,6,11,106.22,138.37,0,0,2437.483336,224,0,0
TTL Assisted Consumer,INTUIT,Tax Expert,TTLA,Chat,New Hire,120+ days,Before Season,2,2,1,1,0,0,0,0,348.216666,30,0,0
TTL Assisted Consumer,INTUIT,Tax Expert,TTLA,Chat,Re-Hire,90-120 days,26-Apr,0,0,0,0,0.83,0.95,0,0,753.349999,42,0,0
TTL Assisted Consumer,INTUIT,Tax Expert,TTLA,Phone,Re-Hire,30-60 days,26-Jan,3,3,3,3,65.22,80.42,0,0,778.916671,82,0,0
TTL Assisted Consumer,INTUIT,Tax Expert,TTLA,Chat,Re-Hire,90-120 days,Before Season,0,0,0,0,0,0,0,0,60.8,4,0,0
TTL Assisted Consumer,INTUIT,Tax Expert,TTLA,Phone,Re-Hire,< 30 days,26-Jan,0,0,0,0,13.47,15.56,0,0,0,0,0,0
TTL Assisted Consumer,INTUIT,Tax Expert,TTLA,Phone,Re-Hire,< 30 days,26-Feb,0,0,0,0,5.93,7.08,0,0,0,0,0,0
TTL Assisted Consumer,INTUIT,Tax Expert,TTLA,Phone,Re-Hire,120+ days,After Season,0,0,0,0,7.16,8.04,0,0,0,0,0,0
TTL Assisted Consumer,INTUIT,Tax Expert,TTLA,Phone,Re-Hire,90-120 days,Before Season,0,0,0,0,0,0,0,0,120.2,5,0,0
TTL Assisted Consumer,INTUIT,Tax Specialist,TTLA,Phone,New Hire,30-60 days,26-Feb,0,0,0,0,2.33,2.79,0,0,0,0,0,0
TTL Assisted Consumer,INTUIT,Tax Specialist,TTLA,Phone,Re-Hire,90-120 days,26-Mar,9,9,9,9,118.91,142.14,0,0,1071.983332,49,0,0
TTL Assisted Consumer,INTUIT,Tax Specialist,TTLA,Phone,New Hire,60-90 days,26-Apr,0,0,0,0,18.55,23.21,0,0,0,0,0,0
TTL Assisted Consumer,INTUIT,Tax Specialist,TTLA,Phone,Re-Hire,60-90 days,26-Mar,0,0,0,0,127.66,156.53,0,0,33.483334,3,0,0
TTL Assisted Consumer,INTUIT,Tax Specialist,TTLA,Phone,Re-Hire,120+ days,After Season,0,0,0,0,16.54,21.42,0,0,0,0,0,0
TTL Assisted Consumer,INTUIT,Tax Specialist,TTLA,Phone,New Hire,< 30 days,26-Jan,0,0,0,0,4.94,6.21,0,0,0,0,0,0
TTL Assisted Consumer,INTUIT,Tax Specialist,TTLA,Phone,New Hire,60-90 days,26-Mar,0,0,0,0,3.85,4.66,0,0,0,0,0,0
TTL Assisted Consumer,INTUIT,Tax Specialist,TTLA,Phone,Re-Hire,30-60 days,26-Mar,0,0,0,0,51.31,64.01,0,0,0,0,0,0
TTL Assisted Consumer,INTUIT,Tax Specialist,TTLA,Phone,Re-Hire,< 30 days,26-Jan,0,0,0,0,6.31,6.73,0,0,0,0,0,0
TTL Assisted Consumer,INTUIT,Tax Specialist,TTLA,Phone,Re-Hire,120+ days,26-Apr,0,0,0,0,11.78,13.56,0,0,0,0,0,0
TTL Assisted Consumer,INTUIT,Tax Specialist,TTLA,Phone,Re-Hire,30-60 days,26-Jan,0,0,0,0,9.36,12.66,0,0,0,0,0,0
TTL Assisted Consumer,INTUIT,Tax Specialist,TTLA,Phone,Re-Hire,30-60 days,Before Season,0,0,0,0,3654.54,4324.85,0,0,0,0,0,0
TTL Assisted Consumer,INTUIT,Tax Specialist,TTLA,Phone,Re-Hire,120+ days,26-Feb,0,0,0,0,0.57,0.71,0,0,0,0,0,0
TTL Assisted Consumer,INTUIT,Tax Specialist,TTLA,Phone,New Hire,30-60 days,26-Apr,0,0,0,0,8.34,9.95,0,0,0,0,0,0
TTL Assisted Consumer,INTUIT,Tax Specialist,TTLA,Phone,Re-Hire,< 30 days,Before Season,0,0,0,0,1088.28,1298.33,0,0,0,0,0,0
TTL Assisted Consumer,INTUIT,Tax Specialist,TTLA,Phone,Re-Hire,60-90 days,26-Feb,0,0,0,0,72.23,86.37,0,0,0,0,0,0
TTL Assisted Consumer,INTUIT,Tax Specialist,TTLA,Phone,Re-Hire,90-120 days,After Season,0,0,0,0,11.38,14.71,0,0,0,0,0,0
TTL Assisted Consumer,INTUIT,Tax Specialist,TTLA,Phone,New Hire,90-120 days,26-Apr,0,0,0,0,4.44,5.45,0,0,0,0,0,0
TTL Assisted Consumer,INTUIT,Tax Specialist,TTLA,Phone,Re-Hire,30-60 days,26-Feb,0,0,0,0,36.15,50.83,0,0,0,0,0,0
TTL Assisted Consumer,INTUIT,Tax Specialist,TTLA,Phone,New Hire,30-60 days,26-Mar,0,0,0,0,1555.87,1878.39,0,0,0,0,0,0
TTL Assisted Consumer,INTUIT,Tax Specialist,TTLA,Phone,Re-Hire,< 30 days,26-Mar,0,0,0,0,11.18,14.18,0,0,0,0,0,0
TTL Assisted Consumer,INTUIT,Tax Specialist,TTLA,Phone,New Hire,60-90 days,After Season,0,0,0,0,3.87,4.43,0,0,0,0,0,0
TTL Assisted Consumer,INTUIT,Tax Specialist,TTLA,Phone,New Hire,90-120 days,After Season,0,0,0,0,29.65,36.81,0,0,0,0,0,0
TTL Assisted Consumer,INTUIT,Tax Specialist,TTLA,Phone,New Hire,< 30 days,26-Feb,0,0,0,0,53.36,70.65,0,0,0,0,0,0
TTL Assisted Consumer,INTUIT,Tax Specialist,TTLA,Phone,New Hire,< 30 days,26-Mar,0,0,0,0,303.98,375.17,0,0,0,0,0,0
TTL Assisted Consumer,INTUIT,Tax Specialist,TTLA,Phone,Re-Hire,30-60 days,26-Apr,0,0,0,0,1.58,1.9,0,0,0,0,0,0
TTL Assisted Consumer,INTUIT,Tax Specialist,TTLA,Phone,Re-Hire,< 30 days,26-Feb,0,0,0,0,22.57,26.94,0,0,0,0,0,0
TTL Assisted Consumer,INTUIT,Tax Specialist,TTLA,Phone,Re-Hire,90-120 days,26-Apr,0,0,0,0,24.51,29.83,0,0,0,0,0,0
TTL Assisted Consumer,INTUIT,Tax Specialist,TTLA,Phone,Re-Hire,60-90 days,26-Apr,0,0,0,0,4.61,5.68,0,0,0,0,0,0
TTL Assisted Consumer,INTUIT,Tax Associate,UNKNOWN,Phone,New Hire,< 30 days,26-Mar,0,0,0,0,10.99,12.02,0,0,0,0,0,0
TTL Assisted Consumer,INTUIT,Tax Associate,UNKNOWN,Phone,Re-Hire,30-60 days,26-Jan,0,0,0,0,0.69,0.71,0,0,0,0,0,0
TTL Assisted Consumer,INTUIT,Tax Associate,UNKNOWN,Phone,New Hire,30-60 days,26-Mar,0,0,0,0,9.19,9.91,0,0,0,0,0,0
TTL Assisted Consumer,INTUIT,Tax Associate,UNKNOWN,Phone,New Hire,30-60 days,26-Apr,0,0,0,0,19.53,21.84,0,0,0,0,0,0
TTL Assisted Consumer,INTUIT,Tax Associate,UNKNOWN,Chat,New Hire,< 30 days,26-Mar,0,0,0,0,1.1,1.42,0,0,0,0,0,0
TTL Assisted Consumer,INTUIT,Tax Expert,UNKNOWN,Phone,Re-Hire,30-60 days,Before Season,0,0,0,0,0.4,0.48,0,0,0,0,0,0
TTL Assisted Consumer,INTUIT,Tax Expert,UNKNOWN,Phone,New Hire,120+ days,26-Feb,0,0,0,0,3.2,3.28,0,0,0,0,0,0
TTL Assisted Consumer,INTUIT,Tax Expert,UNKNOWN,Phone,New Hire,120+ days,After Season,0,0,0,0,0.2,0.2,0,0,0,0,0,0
TTL Assisted Consumer,INTUIT,Tax Expert,UNKNOWN,Phone,New Hire,120+ days,26-Mar,0,0,0,0,1.62,1.89,0,0,0,0,0,0
TTL Assisted Consumer,INTUIT,Tax Expert,UNKNOWN,Phone,Re-Hire,120+ days,After Season,0,0,0,0,0.2,0.24,0,0,0,0,0,0
TTL Assisted Consumer,INTUIT,Tax Expert,UNKNOWN,Phone,Re-Hire,120+ days,26-Apr,0,0,0,0,0.98,1.2,0,0,0,0,0,0
TTL Assisted Consumer,JDA,Tax Associate,OTHER,Chat,New Hire,60-90 days,26-Mar,179,313,236,291,0,0,0,0,140563.9167,5368,0,0
TTL Assisted Consumer,JDA,Tax Associate,OTHER,Chat,New Hire,< 30 days,26-Apr,1,10,6,10,0,0,0,0,4921.000001,222,0,0
TTL Assisted Consumer,JDA,Tax Associate,OTHER,Phone,New Hire,< 30 days,26-Jan,43,60,43,52,659.11,868.39,0,0,22646.23335,1198,0,0
TTL Assisted Consumer,JDA,Tax Associate,OTHER,Phone,Re-Hire,60-90 days,26-Apr,4,7,7,7,58.79,77.58,0,0,2847.11667,107,0,0
TTL Assisted Consumer,JDA,Tax Associate,OTHER,Chat,Re-Hire,< 30 days,Before Season,3,6,4,6,0,0,0,0,6408.666663,161,0,0
TTL Assisted Consumer,JDA,Tax Associate,OTHER,Chat,New Hire,< 30 days,26-Jan,24,39,28,36,0,0,0,0,17988.35,488,0,0
TTL Assisted Consumer,JDA,Tax Associate,OTHER,Chat,New Hire,30-60 days,26-Mar,138,287,203,270,0,0,0,0,118946.15,4831,0,0
TTL Assisted Consumer,JDA,Tax Associate,OTHER,Phone,Re-Hire,< 30 days,26-Feb,11,15,13,15,137.3,195.08,0,0,4113.91666,310,0,0
TTL Assisted Consumer,JDA,Tax Associate,OTHER,Chat,Re-Hire,< 30 days,26-Apr,0,2,1,2,0,0,0,0,1192.183335,49,0,0
TTL Assisted Consumer,JDA,Tax Associate,OTHER,Chat,Re-Hire,90-120 days,26-Mar,33,62,46,58,0,0,0,0,17894.88335,945,0,0
TTL Assisted Consumer,JDA,Tax Associate,OTHER,Phone,Re-Hire,90-120 days,26-Mar,91,119,105,116,749.97,918.57,0,0,28994.05001,1389,0,0
TTL Assisted Consumer,JDA,Tax Associate,OTHER,Phone,New Hire,60-90 days,26-Mar,334,508,408,482,3717.82,4738.27,0,0,166096.9,7418,0,0
TTL Assisted Consumer,JDA,Tax Associate,OTHER,Phone,Re-Hire,90-120 days,26-Apr,30,46,38,43,386.22,482.21,0,0,14211.46667,699,0,0
TTL Assisted Consumer,JDA,Tax Associate,OTHER,Phone,New Hire,< 30 days,26-Apr,7,21,15,21,136.88,192.29,0,0,6422.816667,279,0,0
TTL Assisted Consumer,JDA,Tax Associate,OTHER,Chat,New Hire,< 30 days,26-Feb,34,59,48,58,0,0,0,0,19942.86667,764,0,0
TTL Assisted Consumer,JDA,Tax Associate,OTHER,Chat,Re-Hire,30-60 days,Before Season,24,37,31,36,0,0,0,0,28024.23333,472,0,0
TTL Assisted Consumer,JDA,Tax Associate,OTHER,Phone,Re-Hire,60-90 days,26-Mar,89,117,99,110,910.42,1108.13,0,0,38163.76667,1695,0,0
TTL Assisted Consumer,JDA,Tax Associate,OTHER,Chat,Re-Hire,30-60 days,26-Jan,14,18,16,18,0,0,0,0,5218.366666,172,0,0
TTL Assisted Consumer,JDA,Tax Associate,OTHER,Chat,Re-Hire,60-90 days,26-Apr,4,5,3,4,0,0,0,0,1874.166664,76,0,0
TTL Assisted Consumer,JDA,Tax Associate,OTHER,Phone,Re-Hire,< 30 days,26-Jan,4,15,11,15,114.36,137.92,0,0,3726.583333,184,0,0
TTL Assisted Consumer,JDA,Tax Associate,OTHER,Chat,Re-Hire,30-60 days,26-Apr,0,5,2,4,0,0,0,0,2185.666665,101,0,0
TTL Assisted Consumer,JDA,Tax Associate,OTHER,Phone,Re-Hire,30-60 days,Before Season,29,35,32,34,296.92,346.95,0,0,8410.650003,541,0,0
TTL Assisted Consumer,JDA,Tax Associate,OTHER,Phone,Re-Hire,< 30 days,26-Apr,0,3,2,3,19.57,27.69,0,0,751.966666,47,0,0
TTL Assisted Consumer,JDA,Tax Associate,OTHER,Phone,New Hire,30-60 days,26-Apr,35,55,47,53,427.54,550.58,0,0,21094.1,817,0,0
TTL Assisted Consumer,JDA,Tax Associate,OTHER,Phone,Re-Hire,30-60 days,26-Mar,34,54,44,54,379.8,499.99,0,0,16124.50001,719,0,0
TTL Assisted Consumer,JDA,Tax Associate,OTHER,Chat,New Hire,30-60 days,26-Apr,19,41,28,38,0,0,0,0,13957,539,0,0
TTL Assisted Consumer,JDA,Tax Associate,OTHER,Phone,New Hire,60-90 days,26-Apr,51,67,56,62,502.47,647.46,0,0,23784.64999,1026,0,0
TTL Assisted Consumer,JDA,Tax Associate,OTHER,Chat,Re-Hire,< 30 days,26-Jan,3,5,3,4,0,0,0,0,2563.433331,80,0,0
TTL Assisted Consumer,JDA,Tax Associate,OTHER,Chat,Re-Hire,60-90 days,26-Feb,32,43,34,41,0,0,0,0,15202.11668,672,0,0
TTL Assisted Consumer,JDA,Tax Associate,OTHER,Phone,New Hire,< 30 days,26-Feb,91,159,118,149,890.22,1099.8,0,0,44098.03334,1813,0,0
TTL Assisted Consumer,JDA,Tax Associate,OTHER,Chat,New Hire,< 30 days,26-Mar,36,64,44,59,0,0,0,0,22911.93333,915,0,0
TTL Assisted Consumer,JDA,Tax Associate,OTHER,Chat,Re-Hire,< 30 days,26-Feb,4,12,8,12,0,0,0,0,2242.36667,132,0,0
TTL Assisted Consumer,JDA,Tax Associate,OTHER,Chat,New Hire,< 30 days,Before Season,29,47,37,47,0,0,0,0,19025.96667,618,0,0
TTL Assisted Consumer,JDA,Tax Associate,OTHER,Phone,Re-Hire,30-60 days,26-Feb,165,218,183,206,1448.91,1754.76,0,0,47785.03331,2543,0,0
TTL Assisted Consumer,JDA,Tax Associate,OTHER,Chat,New Hire,30-60 days,26-Feb,183,315,239,299,0,0,0,0,120389.2333,4451,0,0
TTL Assisted Consumer,JDA,Tax Associate,OTHER,Chat,Re-Hire,< 30 days,26-Mar,7,9,8,9,0,0,0,0,3932.983329,216,0,0
TTL Assisted Consumer,JDA,Tax Associate,OTHER,Phone,Re-Hire,30-60 days,26-Jan,26,30,29,30,235.17,277.65,0,0,7689.93333,417,0,0
TTL Assisted Consumer,JDA,Tax Associate,OTHER,Chat,Re-Hire,90-120 days,26-Apr,17,24,21,24,0,0,0,0,15667.15,568,0,0
TTL Assisted Consumer,JDA,Tax Associate,OTHER,Chat,New Hire,90-120 days,26-Apr,26,53,35,48,0,0,0,0,30584.4,1104,0,0
TTL Assisted Consumer,JDA,Tax Associate,OTHER,Phone,Re-Hire,< 30 days,26-Mar,18,27,20,24,159.3,201.57,0,0,7100.749993,299,0,0
TTL Assisted Consumer,JDA,Tax Associate,OTHER,Phone,New Hire,< 30 days,26-Mar,81,120,92,113,720.54,916.59,0,0,35835.23334,1419,0,0
TTL Assisted Consumer,JDA,Tax Associate,OTHER,Phone,New Hire,90-120 days,26-Apr,58,84,68,77,667.47,872.06,0,0,27682.88332,1312,0,0
TTL Assisted Consumer,JDA,Tax Associate,OTHER,Chat,New Hire,60-90 days,26-Apr,10,33,21,31,0,0,0,0,21045.71666,782,0,0
TTL Assisted Consumer,JDA,Tax Associate,OTHER,Chat,Re-Hire,60-90 days,26-Mar,68,94,82,90,0,0,0,0,31037.48333,1316,0,0
TTL Assisted Consumer,JDA,Tax Associate,OTHER,Phone,Re-Hire,< 30 days,Before Season,6,10,7,8,70.09,85.03,0,0,4188.299996,141,0,0
TTL Assisted Consumer,JDA,Tax Associate,OTHER,Phone,New Hire,< 30 days,Before Season,13,24,18,24,208.33,259.52,0,0,10222.2,459,0,0
TTL Assisted Consumer,JDA,Tax Associate,OTHER,Chat,Re-Hire,30-60 days,26-Mar,15,41,27,37,0,0,0,0,12392.56667,481,0,0
TTL Assisted Consumer,JDA,Tax Associate,OTHER,Phone,New Hire,30-60 days,26-Mar,330,509,399,473,3444.28,4387.47,0,0,148749.9834,6861,0,0
TTL Assisted Consumer,JDA,Tax Associate,OTHER,Chat,New Hire,30-60 days,26-Jan,0,0,0,0,0,0,0,0,939.75,35,0,0
TTL Assisted Consumer,JDA,Tax Associate,OTHER,Phone,Re-Hire,60-90 days,26-Feb,104,131,116,126,697.54,817.58,0,0,25179.03334,1240,0,0
TTL Assisted Consumer,JDA,Tax Associate,OTHER,Chat,Re-Hire,30-60 days,26-Feb,53,81,62,78,0,0,0,0,22456.15001,924,0,0
TTL Assisted Consumer,JDA,Tax Associate,OTHER,Phone,Re-Hire,30-60 days,26-Apr,10,16,14,16,79.75,105,0,0,3451.149996,149,0,0
TTL Assisted Consumer,JDA,Tax Associate,OTHER,Phone,New Hire,30-60 days,26-Feb,508,773,623,735,4960.95,6277.81,0,0,196542.1166,9561,0,0
TTL Assisted Consumer,JDA,Tax Associate,OTHER,Phone,New Hire,30-60 days,26-Jan,0,0,0,0,0,0,0,0,2687.533336,123,0,0
TTL Assisted Consumer,JDA,Tax Associate,OTHER,Chat,New Hire,90-120 days,26-Feb,0,0,0,0,0,0,0,0,1.5,1,0,0
TTL Assisted Consumer,JDA,Tax Expert,OTHER,Chat,Re-Hire,60-90 days,26-Mar,44,71,56,67,0,0,0,0,18280.51666,915,0,0
TTL Assisted Consumer,JDA,Tax Expert,OTHER,Phone,Re-Hire,< 30 days,26-Feb,-1,1,0,1,8.99,14.88,0,0,457.883333,27,0,0
TTL Assisted Consumer,JDA,Tax Expert,OTHER,Chat,New Hire,< 30 days,Before Season,6,16,10,13,0,0,0,0,7116.016671,259,0,0
TTL Assisted Consumer,JDA,Tax Expert,OTHER,Chat,New Hire,60-90 days,26-Apr,2,3,2,3,0,0,0,0,1581.849997,89,0,0
TTL Assisted Consumer,JDA,Tax Expert,OTHER,Chat,Re-Hire,90-120 days,26-Mar,9,14,9,14,0,0,0,0,7531.516668,251,0,0
TTL Assisted Consumer,JDA,Tax Expert,OTHER,Chat,Re-Hire,< 30 days,26-Feb,0,0,0,0,0,0,0,0,677.100001,23,0,0
TTL Assisted Consumer,JDA,Tax Expert,OTHER,Phone,Re-Hire,60-90 days,26-Apr,-1,1,0,1,5.6,7.43,0,0,440.433332,15,0,0
TTL Assisted Consumer,JDA,Tax Expert,OTHER,Chat,Re-Hire,< 30 days,26-Mar,-1,1,0,1,0,0,0,0,981.61667,46,0,0
TTL Assisted Consumer,JDA,Tax Expert,OTHER,Phone,New Hire,30-60 days,26-Apr,7,13,7,12,140.18,177.77,0,0,6287.883337,271,0,0
TTL Assisted Consumer,JDA,Tax Expert,OTHER,Phone,Re-Hire,< 30 days,26-Jan,10,13,12,13,139.92,175.45,0,0,3354.4,232,0,0
TTL Assisted Consumer,JDA,Tax Expert,OTHER,Chat,Re-Hire,30-60 days,26-Jan,6,7,7,7,0,0,0,0,2284.983332,103,0,0
TTL Assisted Consumer,JDA,Tax Expert,OTHER,Chat,New Hire,30-60 days,26-Apr,0,8,4,7,0,0,0,0,6662.983329,203,0,0
TTL Assisted Consumer,JDA,Tax Expert,OTHER,Phone,New Hire,60-90 days,26-Mar,108,156,134,148,943.59,1191.76,0,0,39660.71666,1822,0,0
TTL Assisted Consumer,JDA,Tax Expert,OTHER,Phone,New Hire,< 30 days,26-Feb,21,36,29,34,264.54,322.29,0,0,10736.58332,501,0,0
TTL Assisted Consumer,JDA,Tax Expert,OTHER,Chat,New Hire,90-120 days,26-Apr,10,14,13,13,0,0,0,0,10356.43334,277,0,0
TTL Assisted Consumer,JDA,Tax Expert,OTHER,Phone,New Hire,< 30 days,26-Apr,6,13,9,13,102.38,130.23,0,0,5746.883337,181,0,0
TTL Assisted Consumer,JDA,Tax Expert,OTHER,Phone,Re-Hire,60-90 days,26-Feb,45,60,50,56,290.98,346.36,0,0,10460.98333,514,0,0
TTL Assisted Consumer,JDA,Tax Expert,OTHER,Phone,New Hire,90-120 days,26-Apr,25,32,29,31,189.52,243.51,0,0,8248.133333,355,0,0
TTL Assisted Consumer,JDA,Tax Expert,OTHER,Chat,Re-Hire,30-60 days,26-Apr,1,3,2,3,0,0,0,0,1441.666661,66,0,0
TTL Assisted Consumer,JDA,Tax Expert,OTHER,Phone,New Hire,< 30 days,26-Mar,29,37,32,36,290.7,362.21,0,0,16685.98334,569,0,0
TTL Assisted Consumer,JDA,Tax Expert,OTHER,Phone,Re-Hire,30-60 days,Before Season,12,15,11,12,151.09,175.82,0,0,4324.549996,256,0,0
TTL Assisted Consumer,JDA,Tax Expert,OTHER,Phone,Re-Hire,30-60 days,26-Feb,121,154,130,148,1086.81,1323.21,0,0,33577.56667,1932,0,0
TTL Assisted Consumer,JDA,Tax Expert,OTHER,Phone,New Hire,30-60 days,26-Mar,88,130,103,125,905.23,1186.2,0,0,34083.30002,1749,0,0
TTL Assisted Consumer,JDA,Tax Expert,OTHER,Phone,Re-Hire,< 30 days,Before Season,6,8,7,8,54.48,64.4,0,0,1809.25,103,0,0
TTL Assisted Consumer,JDA,Tax Expert,OTHER,Chat,Re-Hire,90-120 days,26-Apr,3,13,9,11,0,0,0,0,5371.883334,252,0,0
TTL Assisted Consumer,JDA,Tax Expert,OTHER,Chat,New Hire,< 30 days,26-Feb,11,16,11,15,0,0,0,0,6008.183334,215,0,0
TTL Assisted Consumer,JDA,Tax Expert,OTHER,Phone,New Hire,< 30 days,Before Season,2,2,1,2,51.69,63.65,0,0,3001.73333,115,0,0
TTL Assisted Consumer,JDA,Tax Expert,OTHER,Chat,New Hire,30-60 days,26-Mar,29,70,47,63,0,0,0,0,29229.81666,1084,0,0
TTL Assisted Consumer,JDA,Tax Expert,OTHER,Chat,New Hire,30-60 days,26-Feb,59,75,67,72,0,0,0,0,27454.88333,1031,0,0
TTL Assisted Consumer,JDA,Tax Expert,OTHER,Chat,Re-Hire,30-60 days,Before Season,12,14,13,14,0,0,0,0,5270.383329,246,0,0
TTL Assisted Consumer,JDA,Tax Expert,OTHER,Chat,Re-Hire,60-90 days,26-Feb,14,20,19,20,0,0,0,0,5427.13333,239,0,0
TTL Assisted Consumer,JDA,Tax Expert,OTHER,Phone,New Hire,30-60 days,26-Feb,142,195,162,186,1324.94,1679.87,0,0,47137.11668,2484,0,0
TTL Assisted Consumer,JDA,Tax Expert,OTHER,Phone,Re-Hire,30-60 days,26-Apr,0,4,1,2,39.36,63.79,0,0,1828.266668,88,0,0
TTL Assisted Consumer,JDA,Tax Expert,OTHER,Phone,Re-Hire,30-60 days,26-Jan,7,11,9,11,112.63,140.13,0,0,4261.933338,211,0,0
TTL Assisted Consumer,JDA,Tax Expert,OTHER,Phone,New Hire,60-90 days,26-Apr,4,7,5,7,61.81,82.62,0,0,4916.250001,137,0,0
TTL Assisted Consumer,JDA,Tax Expert,OTHER,Chat,Re-Hire,60-90 days,26-Apr,1,1,1,1,0,0,0,0,716.95,37,0,0
TTL Assisted Consumer,JDA,Tax Expert,OTHER,Phone,Re-Hire,30-60 days,26-Mar,9,31,21,30,241.23,349.41,0,0,8674.000004,475,0,0
TTL Assisted Consumer,JDA,Tax Expert,OTHER,Chat,Re-Hire,< 30 days,Before Season,6,6,6,6,0,0,0,0,2484.766671,102,0,0
TTL Assisted Consumer,JDA,Tax Expert,OTHER,Phone,Re-Hire,60-90 days,26-Mar,83,106,90,99,730.83,877.45,0,0,29447.10001,1319,0,0
TTL Assisted Consumer,JDA,Tax Expert,OTHER,Phone,New Hire,< 30 days,26-Jan,18,22,20,22,165.48,215.19,0,0,6364.400001,304,0,0
TTL Assisted Consumer,JDA,Tax Expert,OTHER,Chat,Re-Hire,30-60 days,26-Feb,53,75,63,71,0,0,0,0,16230.08332,758,0,0
TTL Assisted Consumer,JDA,Tax Expert,OTHER,Chat,New Hire,60-90 days,26-Mar,35,70,55,68,0,0,0,0,27936.41666,1204,0,0
TTL Assisted Consumer,JDA,Tax Expert,OTHER,Phone,Re-Hire,90-120 days,26-Apr,18,23,22,23,168.32,208.18,0,0,6803.783338,303,0,0
TTL Assisted Consumer,JDA,Tax Expert,OTHER,Phone,Re-Hire,90-120 days,26-Mar,35,51,44,48,276.5,341.59,0,0,12328.88334,496,0,0
TTL Assisted Consumer,JDA,Tax Expert,OTHER,Phone,Re-Hire,< 30 days,26-Mar,0,4,3,4,34.3,53.24,0,0,1201.083332,80,0,0
TTL Assisted Consumer,JDA,Tax Expert,OTHER,Chat,Re-Hire,< 30 days,26-Jan,1,4,2,4,0,0,0,0,1338.099999,51,0,0
TTL Assisted Consumer,JDA,Tax Expert,OTHER,Chat,New Hire,< 30 days,26-Apr,3,6,5,6,0,0,0,0,3212.349997,115,0,0
TTL Assisted Consumer,JDA,Tax Expert,OTHER,Chat,New Hire,< 30 days,26-Mar,17,26,19,24,0,0,0,0,10138.05,324,0,0
TTL Assisted Consumer,JDA,Tax Expert,OTHER,Chat,Re-Hire,30-60 days,26-Mar,6,15,10,14,0,0,0,0,6738.416655,361,0,0
TTL Assisted Consumer,JDA,Tax Expert,OTHER,Chat,New Hire,< 30 days,26-Jan,10,11,11,11,0,0,0,0,3063.216666,114,0,0
TTL Assisted Consumer,JDA,Tax Expert,OTHER,Phone,New Hire,30-60 days,26-Jan,0,0,0,0,0,0,0,0,885.6,61,0,0
TTL Assisted Consumer,JDA,Tax Expert,OTHER,Chat,New Hire,30-60 days,26-Jan,0,0,0,0,0,0,0,0,202.733333,9,0,0
TTL Assisted Consumer,JDA,Tax Associate,PL1,Chat,Re-Hire,< 30 days,26-Mar,24,52,34,49,0,0,0,0,21377.06668,1008,0,0
TTL Assisted Consumer,JDA,Tax Associate,PL1,Chat,New Hire,60-90 days,26-Apr,60,202,131,192,0,0,0,0,138393.65,5019,0,0
TTL Assisted Consumer,JDA,Tax Associate,PL1,Phone,Re-Hire,30-60 days,26-Apr,50,91,68,85,906.93,1163.28,0,0,34156.71666,1618,0,0
TTL Assisted Consumer,JDA,Tax Associate,PL1,Phone,New Hire,30-60 days,26-Apr,184,401,288,382,4839.42,6395.25,0,0,198328.8333,9111,0,0
TTL Assisted Consumer,JDA,Tax Associate,PL1,Chat,New Hire,< 30 days,26-Jan,114,194,145,181,0,0,0,0,99285.45002,3423,0,0
TTL Assisted Consumer,JDA,Tax Associate,PL1,Chat,Re-Hire,30-60 days,26-Apr,20,43,31,41,0,0,0,0,19712.51666,882,0,0
TTL Assisted Consumer,JDA,Tax Associate,PL1,Chat,New Hire,30-60 days,26-Feb,579,1140,835,1076,0,0,0,0,409800.1834,16569,0,0
TTL Assisted Consumer,JDA,Tax Associate,PL1,Phone,New Hire,60-90 days,26-Apr,187,391,282,364,4440.84,5773.86,0,0,181113.1167,8691,0,0
TTL Assisted Consumer,JDA,Tax Associate,PL1,Chat,New Hire,< 30 days,26-Mar,189,531,339,498,0,0,0,0,204523.3333,8578,0,0
TTL Assisted Consumer,JDA,Tax Associate,PL1,Chat,Re-Hire,90-120 days,26-Mar,33,55,38,50,0,0,0,0,31226.46666,814,0,0
TTL Assisted Consumer,JDA,Tax Associate,PL1,Phone,Re-Hire,90-120 days,26-Mar,69,92,83,90,592.55,717.33,0,0,28397.89999,1253,0,0
TTL Assisted Consumer,JDA,Tax Associate,PL1,Chat,Re-Hire,< 30 days,26-Apr,8,16,11,16,0,0,0,0,10919.58333,424,0,0
TTL Assisted Consumer,JDA,Tax Associate,PL1,Phone,Re-Hire,30-60 days,26-Feb,477,665,556,634,5508.88,6729.6,0,0,202743.7167,10838,0,0
TTL Assisted Consumer,JDA,Tax Associate,PL1,Phone,Re-Hire,60-90 days,26-Apr,10,35,23,34,380.1,494.24,0,0,13691.28333,657,0,0
TTL Assisted Consumer,JDA,Tax Associate,PL1,Phone,New Hire,< 30 days,Before Season,24,33,28,31,923.83,1120.97,0,0,38258.88333,2187,0,0
TTL Assisted Consumer,JDA,Tax Associate,PL1,Phone,Re-Hire,60-90 days,26-Mar,307,423,362,404,3485.47,4383.61,0,0,138081.8,7021,0,0
TTL Assisted Consumer,JDA,Tax Associate,PL1,Phone,New Hire,< 30 days,26-Apr,304,534,408,501,6010.02,7775.5,0,0,271771.1333,11426,0,0
TTL Assisted Consumer,JDA,Tax Associate,PL1,Phone,Re-Hire,30-60 days,Before Season,23,32,28,29,539.22,658.54,0,0,19664.66667,1265,0,0
TTL Assisted Consumer,JDA,Tax Associate,PL1,Phone,Re-Hire,< 30 days,26-Apr,16,32,23,31,342.02,447.32,0,0,14848.33332,634,0,0
TTL Assisted Consumer,JDA,Tax Associate,PL1,Phone,New Hire,30-60 days,26-Feb,3404,4713,3935,4521,34182.04,41798.87,0,0,1273470.85,69012,0,0
TTL Assisted Consumer,JDA,Tax Associate,PL1,Chat,Re-Hire,< 30 days,26-Jan,18,26,22,26,0,0,0,0,15982.11667,462,0,0
TTL Assisted Consumer,JDA,Tax Associate,PL1,Phone,Re-Hire,< 30 days,26-Mar,114,180,133,165,1103.29,1412.12,0,0,52168.75001,2100,0,0
TTL Assisted Consumer,JDA,Tax Associate,PL1,Chat,Re-Hire,30-60 days,Before Season,36,52,42,51,0,0,0,0,27647.06667,1033,0,0
TTL Assisted Consumer,JDA,Tax Associate,PL1,Chat,Re-Hire,< 30 days,Before Season,34,49,33,43,0,0,0,0,26859.48333,1002,0,0
TTL Assisted Consumer,JDA,Tax Associate,PL1,Phone,New Hire,30-60 days,26-Mar,1700,2704,2157,2575,22027.34,27982.69,0,0,947829.1999,44887,0,0
TTL Assisted Consumer,JDA,Tax Associate,PL1,Chat,Re-Hire,30-60 days,26-Jan,24,40,32,37,0,0,0,0,14203.41666,530,0,0
TTL Assisted Consumer,JDA,Tax Associate,PL1,Chat,Re-Hire,120+ days,26-Apr,5,8,7,8,0,0,0,0,7304.433334,150,0,0
TTL Assisted Consumer,JDA,Tax Associate,PL1,Chat,Re-Hire,30-60 days,26-Feb,117,209,158,193,0.94,1.58,0,0,77072.49999,2940,0,0
TTL Assisted Consumer,JDA,Tax Associate,PL1,Chat,New Hire,90-120 days,26-Apr,44,101,70,95,0,0,0,0,90062.43332,2939,0,0
TTL Assisted Consumer,JDA,Tax Associate,PL1,Phone,New Hire,< 30 days,26-Mar,494,984,714,924,7990.1,10270.41,0,0,379216.5334,16656,0,0
TTL Assisted Consumer,JDA,Tax Associate,PL1,Phone,Re-Hire,90-120 days,26-Apr,41,70,51,67,733.89,926.96,0,0,27554.03334,1325,0,0
TTL Assisted Consumer,JDA,Tax Associate,PL1,Phone,Re-Hire,< 30 days,26-Feb,54,101,75,98,767.58,947.21,0,0,30936.61665,1476,0,0
TTL Assisted Consumer,JDA,Tax Associate,PL1,Chat,New Hire,30-60 days,26-Mar,684,1578,1092,1489,0,0,0,0,650806.4666,26764,0,0
TTL Assisted Consumer,JDA,Tax Associate,PL1,Chat,New Hire,30-60 days,26-Apr,54,226,142,213,0,0,0,0,138824.7,5365,0,0
TTL Assisted Consumer,JDA,Tax Associate,PL1,Phone,New Hire,< 30 days,26-Feb,1054,1697,1329,1608,12846.7,15956.87,0,0,535154.8,25749,0,0
TTL Assisted Consumer,JDA,Tax Associate,PL1,Chat,Re-Hire,60-90 days,26-Feb,74,121,84,109,0,0,0,0,40222.48332,1559,0,0
TTL Assisted Consumer,JDA,Tax Associate,PL1,Chat,New Hire,< 30 days,26-Feb,191,420,297,392,0,0,0,0,168892.0333,6415,0,0
TTL Assisted Consumer,JDA,Tax Associate,PL1,Phone,New Hire,60-90 days,26-Mar,1063,1619,1322,1541,12704.24,16045.47,0,0,565305.1667,27061,0,0
TTL Assisted Consumer,JDA,Tax Associate,PL1,Chat,New Hire,60-90 days,26-Mar,426,893,632,839,0,0,0,0,401351.3,15245,0,0
TTL Assisted Consumer,JDA,Tax Associate,PL1,Phone,Re-Hire,30-60 days,26-Jan,58,70,63,68,722.04,877.6,0,0,25804.06667,1505,0,0
TTL Assisted Consumer,JDA,Tax Associate,PL1,Chat,New Hire,< 30 days,26-Apr,111,263,187,245,0,0,0,0,180060.5833,6163,0,0
TTL Assisted Consumer,JDA,Tax Associate,PL1,Phone,Re-Hire,60-90 days,26-Feb,428,522,470,510,3179.62,3822.31,0,0,115057.05,6258,0,0
TTL Assisted Consumer,JDA,Tax Associate,PL1,Phone,New Hire,< 30 days,26-Jan,274,383,298,359,4801.81,5958.55,0,0,179326.9667,9732,0,0
TTL Assisted Consumer,JDA,Tax Associate,PL1,Phone,Re-Hire,30-60 days,26-Mar,122,181,146,170,1560.61,1962.32,0,0,59753.03333,3017,0,0
TTL Assisted Consumer,JDA,Tax Associate,PL1,Phone,Re-Hire,< 30 days,26-Jan,44,62,47,54,632.18,784.76,0,0,22593.31667,1259,0,0
TTL Assisted Consumer,JDA,Tax Associate,PL1,Chat,Re-Hire,60-90 days,26-Mar,130,264,189,243,1.2,1.2,0,0,134396.7,4620,0,0
TTL Assisted Consumer,JDA,Tax Associate,PL1,Chat,Re-Hire,90-120 days,26-Apr,12,40,26,39,0,0,0,0,27204.05,746,0,0
TTL Assisted Consumer,JDA,Tax Associate,PL1,Chat,New Hire,< 30 days,Before Season,64,102,78,98,0,0,0,0,60537.25001,2248,0,0
TTL Assisted Consumer,JDA,Tax Associate,PL1,Chat,Re-Hire,60-90 days,26-Apr,4,14,7,12,0,0,0,0,8409.933333,369,0,0
TTL Assisted Consumer,JDA,Tax Associate,PL1,Phone,Re-Hire,120+ days,26-Apr,2,2,2,2,76.46,94.83,0,0,2688.366667,161,0,0
TTL Assisted Consumer,JDA,Tax Associate,PL1,Phone,New Hire,60-90 days,After Season,0,0,0,0,119.94,155.52,0,0,0,0,0,0
TTL Assisted Consumer,JDA,Tax Associate,PL1,Chat,Re-Hire,< 30 days,26-Feb,14,28,18,27,0,0,0,0,11957.28333,441,0,0
TTL Assisted Consumer,JDA,Tax Associate,PL1,Phone,Re-Hire,90-120 days,After Season,0,0,0,0,37.58,46.91,0,0,0,0,0,0
TTL Assisted Consumer,JDA,Tax Associate,PL1,Chat,Re-Hire,30-60 days,26-Mar,38,103,66,93,0,0,0,0,40165.68333,1788,0,0
TTL Assisted Consumer,JDA,Tax Associate,PL1,Chat,New Hire,30-60 days,26-Jan,0,0,0,0,0,0,0,0,4942.616667,108,0,0
TTL Assisted Consumer,JDA,Tax Associate,PL1,Phone,Re-Hire,< 30 days,Before Season,43,50,47,49,191.75,237.54,0,0,62366.16668,2397,0,0
TTL Assisted Consumer,JDA,Tax Associate,PL1,Phone,New Hire,30-60 days,After Season,0,0,0,0,127.66,167.38,0,0,0,0,0,0
TTL Assisted Consumer,JDA,Tax Associate,PL1,Phone,New Hire,90-120 days,26-Apr,94,162,125,153,2545.21,3279.61,0,0,89516.91665,5089,0,0
TTL Assisted Consumer,JDA,Tax Associate,PL1,Phone,Re-Hire,120+ days,Before Season,14,15,12,13,0,0,0,0,4341.66666,176,0,0
TTL Assisted Consumer,JDA,Tax Associate,PL1,Phone,Re-Hire,60-90 days,After Season,0,0,0,0,25.12,31.53,0,0,0,0,0,0
TTL Assisted Consumer,JDA,Tax Associate,PL1,Phone,Re-Hire,120+ days,After Season,0,0,0,0,9.07,10.6,0,0,0,0,0,0
TTL Assisted Consumer,JDA,Tax Associate,PL1,Phone,Re-Hire,< 30 days,After Season,0,0,0,0,14.63,22.29,0,0,0,0,0,0
TTL Assisted Consumer,JDA,Tax Associate,PL1,Phone,New Hire,30-60 days,26-Jan,0,0,0,0,0,0,0,0,3310.533337,172,0,0
TTL Assisted Consumer,JDA,Tax Associate,PL1,Phone,New Hire,90-120 days,After Season,0,0,0,0,146.22,185.77,0,0,0,0,0,0
TTL Assisted Consumer,JDA,Tax Associate,PL1,Phone,New Hire,< 30 days,After Season,0,0,0,0,186.59,248.68,0,0,0,0,0,0
TTL Assisted Consumer,JDA,Tax Associate,PL1,Phone,Re-Hire,30-60 days,After Season,0,0,0,0,30.27,38.36,0,0,0,0,0,0
TTL Assisted Consumer,JDA,Tax Associate,PL1,Phone,New Hire,120+ days,Before Season,40,56,45,54,0,0,0,0,11476.16666,625,0,0
TTL Assisted Consumer,JDA,Tax Associate,PL1,Chat,Re-Hire,120+ days,Before Season,0,0,0,0,0,0,0,0,68.283334,5,0,0
TTL Assisted Consumer,JDA,Tax Associate,PL1,Chat,New Hire,120+ days,Before Season,1,1,1,1,0,0,0,0,1239.766666,61,0,0
TTL Assisted Consumer,JDA,Tax Expert,PL1,Phone,New Hire,30-60 days,26-Mar,243,392,316,376,2742.92,3556.92,0,0,123391.3333,5802,0,0
TTL Assisted Consumer,JDA,Tax Expert,PL1,Phone,New Hire,60-90 days,26-Apr,32,50,39,43,601.97,784.63,0,0,22547.94999,1260,0,0
TTL Assisted Consumer,JDA,Tax Expert,PL1,Chat,Re-Hire,< 30 days,26-Jan,0,0,0,0,0,0,0,0,1317.166668,46,0,0
TTL Assisted Consumer,JDA,Tax Expert,PL1,Chat,Re-Hire,30-60 days,26-Mar,11,15,12,14,0,0,0,0,7423.549994,295,0,0
TTL Assisted Consumer,JDA,Tax Expert,PL1,Phone,Re-Hire,120+ days,26-Apr,3,3,2,2,22.64,28.08,0,0,1010.850004,52,0,0
TTL Assisted Consumer,JDA,Tax Expert,PL1,Phone,Re-Hire,60-90 days,26-Apr,14,16,15,15,89.9,113.55,0,0,4227.983335,171,0,0
TTL Assisted Consumer,JDA,Tax Expert,PL1,Phone,New Hire,60-90 days,26-Mar,178,272,210,254,2123.73,2815.56,0,0,90060.68334,4744,0,0
TTL Assisted Consumer,JDA,Tax Expert,PL1,Phone,Re-Hire,< 30 days,Before Season,-2,4,1,2,12.82,15.34,0,0,3716.899997,233,0,0
TTL Assisted Consumer,JDA,Tax Expert,PL1,Phone,New Hire,< 30 days,Before Season,2,2,2,2,195.32,236.21,0,0,8318.299998,464,0,0
TTL Assisted Consumer,JDA,Tax Expert,PL1,Phone,New Hire,< 30 days,26-Feb,144,212,169,200,1515.31,1915.05,0,0,59118.58332,3128,0,0
TTL Assisted Consumer,JDA,Tax Expert,PL1,Phone,Re-Hire,< 30 days,26-Jan,5,10,6,7,50.66,63.88,0,0,1387.249999,98,0,0
TTL Assisted Consumer,JDA,Tax Expert,PL1,Phone,Re-Hire,30-60 days,26-Mar,28,51,40,50,255.93,323.57,0,0,12881.2,504,0,0
TTL Assisted Consumer,JDA,Tax Expert,PL1,Chat,New Hire,30-60 days,26-Apr,4,12,10,11,0,0,0,0,9521.249996,424,0,0
TTL Assisted Consumer,JDA,Tax Expert,PL1,Chat,Re-Hire,30-60 days,26-Jan,3,6,5,6,0,0,0,0,1968.266664,82,0,0
TTL Assisted Consumer,JDA,Tax Expert,PL1,Phone,New Hire,< 30 days,26-Mar,47,102,70,95,833.99,1089.01,0,0,39372.96668,1775,0,0
TTL Assisted Consumer,JDA,Tax Expert,PL1,Phone,Re-Hire,90-120 days,26-Mar,9,14,12,14,96.02,114.77,0,0,3268.48334,203,0,0
TTL Assisted Consumer,JDA,Tax Expert,PL1,Chat,New Hire,< 30 days,26-Feb,36,52,42,50,0,0,0,0,19935.66667,643,0,0
TTL Assisted Consumer,JDA,Tax Expert,PL1,Chat,New Hire,< 30 days,26-Jan,4,17,10,16,0,0,0,0,12298.73333,436,0,0
TTL Assisted Consumer,JDA,Tax Expert,PL1,Chat,New Hire,< 30 days,Before Season,9,11,9,11,0,0,0,0,8401.400004,260,0,0
TTL Assisted Consumer,JDA,Tax Expert,PL1,Chat,Re-Hire,60-90 days,26-Mar,27,59,42,54,0,0,0,0,21999.78334,768,0,0
TTL Assisted Consumer,JDA,Tax Expert,PL1,Phone,Re-Hire,30-60 days,26-Feb,82,111,94,106,804.06,990.5,0,0,32325.51666,1589,0,0
TTL Assisted Consumer,JDA,Tax Expert,PL1,Phone,Re-Hire,60-90 days,26-Feb,44,53,50,52,496.67,596.22,0,0,14073.85001,1007,0,0
TTL Assisted Consumer,JDA,Tax Expert,PL1,Chat,New Hire,30-60 days,26-Mar,112,181,139,167,0,0,0,0,76698.93332,2812,0,0
TTL Assisted Consumer,JDA,Tax Expert,PL1,Phone,New Hire,< 30 days,26-Apr,33,40,37,38,465.62,598.86,0,0,17215.36667,816,0,0
TTL Assisted Consumer,JDA,Tax Expert,PL1,Chat,Re-Hire,90-120 days,26-Apr,0,0,0,0,0,0,0,0,2218.416667,76,0,0
TTL Assisted Consumer,JDA,Tax Expert,PL1,Chat,Re-Hire,30-60 days,26-Feb,10,18,12,17,0,0,0,0,13944.76667,445,0,0
TTL Assisted Consumer,JDA,Tax Expert,PL1,Phone,Re-Hire,< 30 days,26-Mar,7,10,8,9,74.77,100.45,0,0,5338.083338,171,0,0
TTL Assisted Consumer,JDA,Tax Expert,PL1,Phone,Re-Hire,90-120 days,26-Apr,7,7,7,7,69.1,86.52,0,0,3206.550002,151,0,0
TTL Assisted Consumer,JDA,Tax Expert,PL1,Chat,New Hire,90-120 days,26-Apr,7,13,7,11,0,0,0,0,8646.566675,428,0,0
TTL Assisted Consumer,JDA,Tax Expert,PL1,Chat,Re-Hire,120+ days,26-Apr,0,0,0,0,0,0,0,0,976.399999,15,0,0
TTL Assisted Consumer,JDA,Tax Expert,PL1,Chat,New Hire,60-90 days,26-Mar,59,130,93,116,0,0,0,0,48989.26667,2110,0,0
TTL Assisted Consumer,JDA,Tax Expert,PL1,Phone,New Hire,30-60 days,26-Feb,456,644,548,618,5001.31,6203,0,0,196260.3,10298,0,0
TTL Assisted Consumer,JDA,Tax Expert,PL1,Phone,New Hire,< 30 days,26-Jan,26,39,33,37,678.05,863.84,0,0,29497.98334,1491,0,0
TTL Assisted Consumer,JDA,Tax Expert,PL1,Phone,Re-Hire,60-90 days,26-Mar,51,74,61,67,569.19,712.21,0,0,24207.35001,1132,0,0
TTL Assisted Consumer,JDA,Tax Expert,PL1,Phone,Re-Hire,30-60 days,26-Jan,9,11,9,11,163.95,197.16,0,0,4241.233324,311,0,0
TTL Assisted Consumer,JDA,Tax Expert,PL1,Chat,Re-Hire,30-60 days,26-Apr,0,0,0,0,0,0,0,0,0,0,0,0
TTL Assisted Consumer,JDA,Tax Expert,PL1,Chat,New Hire,< 30 days,26-Apr,11,25,17,24,0,0,0,0,8956.449994,443,0,0
TTL Assisted Consumer,JDA,Tax Expert,PL1,Chat,Re-Hire,< 30 days,Before Season,0,1,1,1,0,0,0,0,2515.349995,81,0,0
TTL Assisted Consumer,JDA,Tax Expert,PL1,Phone,Re-Hire,< 30 days,26-Feb,19,22,18,19,103.66,126.5,0,0,5900.716666,203,0,0
TTL Assisted Consumer,JDA,Tax Expert,PL1,Chat,New Hire,60-90 days,26-Apr,8,23,16,22,0,0,0,0,14295.71667,609,0,0
TTL Assisted Consumer,JDA,Tax Expert,PL1,Chat,Re-Hire,60-90 days,26-Apr,4,4,4,4,0,0,0,0,3693.850002,129,0,0
TTL Assisted Consumer,JDA,Tax Expert,PL1,Chat,Re-Hire,60-90 days,26-Feb,13,18,15,17,0,0,0,0,5348.283326,294,0,0
TTL Assisted Consumer,JDA,Tax Expert,PL1,Chat,New Hire,< 30 days,26-Mar,25,45,34,42,0,0,0,0,19727.98332,815,0,0
TTL Assisted Consumer,JDA,Tax Expert,PL1,Chat,Re-Hire,90-120 days,26-Mar,5,7,6,7,0,0,0,0,2441.166666,110,0,0
TTL Assisted Consumer,JDA,Tax Expert,PL1,Phone,Re-Hire,90-120 days,After Season,0,0,0,0,5.15,5.75,0,0,0,0,0,0
TTL Assisted Consumer,JDA,Tax Expert,PL1,Chat,Re-Hire,< 30 days,26-Mar,-3,8,3,8,0,0,0,0,4719.933334,115,0,0
TTL Assisted Consumer,JDA,Tax Expert,PL1,Chat,New Hire,30-60 days,26-Jan,0,0,0,0,0,0,0,0,213.149999,12,0,0
TTL Assisted Consumer,JDA,Tax Expert,PL1,Phone,New Hire,30-60 days,26-Apr,28,40,32,38,389.47,516.68,0,0,16055.76667,743,0,0
TTL Assisted Consumer,JDA,Tax Expert,PL1,Phone,Re-Hire,60-90 days,After Season,0,0,0,0,2.39,2.73,0,0,0,0,0,0
TTL Assisted Consumer,JDA,Tax Expert,PL1,Phone,New Hire,90-120 days,26-Apr,21,30,25,28,355.28,510.74,0,0,13696.35001,778,0,0
TTL Assisted Consumer,JDA,Tax Expert,PL1,Phone,New Hire,< 30 days,After Season,0,0,0,0,7.05,8.65,0,0,0,0,0,0
TTL Assisted Consumer,JDA,Tax Expert,PL1,Chat,New Hire,30-60 days,26-Feb,81,152,109,139,0,0,0,0,57220.50001,2372,0,0
TTL Assisted Consumer,JDA,Tax Expert,PL1,Phone,New Hire,60-90 days,After Season,0,0,0,0,23.81,29.74,0,0,0,0,0,0
TTL Assisted Consumer,JDA,Tax Expert,PL1,Chat,Re-Hire,30-60 days,Before Season,4,5,4,5,0,0,0,0,2716.116673,150,0,0
TTL Assisted Consumer,JDA,Tax Expert,PL1,Phone,Re-Hire,30-60 days,Before Season,0,4,2,4,80.03,98.08,0,0,2343.450003,194,0,0
TTL Assisted Consumer,JDA,Tax Expert,PL1,Chat,Re-Hire,< 30 days,26-Feb,2,2,2,2,0,0,0,0,838.400002,34,0,0
TTL Assisted Consumer,JDA,Tax Expert,PL1,Phone,New Hire,30-60 days,After Season,0,0,0,0,1.87,2.84,0,0,0,0,0,0
TTL Assisted Consumer,JDA,Tax Expert,PL1,Phone,New Hire,90-120 days,After Season,0,0,0,0,14.54,17.96,0,0,0,0,0,0
TTL Assisted Consumer,JDA,Tax Expert,PL1,Phone,Re-Hire,120+ days,After Season,0,0,0,0,0.2,0.24,0,0,0,0,0,0
TTL Assisted Consumer,JDA,Tax Expert,PL1,Phone,New Hire,30-60 days,26-Jan,0,0,0,0,0,0,0,0,392.766669,24,0,0
TTL Assisted Consumer,JDA,Tax Associate,PL2,Chat,New Hire,< 30 days,Before Season,63,106,83,102,0,0,0,0,58185.93334,1825,0,0
TTL Assisted Consumer,JDA,Tax Associate,PL2,Phone,New Hire,30-60 days,26-Apr,385,583,474,553,7414.4,9332.59,0,0,287737.5167,13923,0,0
TTL Assisted Consumer,JDA,Tax Associate,PL2,Phone,New Hire,60-90 days,26-Mar,2275,3101,2622,2961,26827.1,33280.61,0,0,1065432.7,54686,0,0
TTL Assisted Consumer,JDA,Tax Associate,PL2,Phone,New Hire,< 30 days,26-Mar,299,499,366,460,4223.06,5363.46,0,0,190963,8776,0,0
TTL Assisted Consumer,JDA,Tax Associate,PL2,Phone,Re-Hire,30-60 days,26-Feb,632,820,695,781,6922.75,8339.9,0,0,233953.4667,13374,0,0
TTL Assisted Consumer,JDA,Tax Associate,PL2,Phone,Re-Hire,< 30 days,Before Season,103,127,106,120,168.87,198.8,0,0,109897.15,4034,0,0
TTL Assisted Consumer,JDA,Tax Associate,PL2,Phone,New Hire,< 30 days,26-Feb,537,761,625,723,6503.14,8008.44,0,0,241709.0334,12651,0,0
TTL Assisted Consumer,JDA,Tax Associate,PL2,Phone,Re-Hire,60-90 days,26-Mar,522,727,614,692,6511.25,8013.96,0,0,240182.7333,12866,0,0
TTL Assisted Consumer,JDA,Tax Associate,PL2,Phone,Re-Hire,30-60 days,26-Jan,78,93,79,88,1441,1734.39,0,0,47579.11668,2907,0,0
TTL Assisted Consumer,JDA,Tax Associate,PL2,Chat,New Hire,30-60 days,26-Feb,446,729,577,690,0,0,0,0,260883.5001,10003,0,0
TTL Assisted Consumer,JDA,Tax Associate,PL2,Chat,New Hire,90-120 days,26-Apr,236,470,358,440,0,0,0,0,271602.7667,11271,0,0
TTL Assisted Consumer,JDA,Tax Associate,PL2,Chat,New Hire,< 30 days,26-Jan,119,216,156,194,0,0,0,0,120192.7,3733,0,0
TTL Assisted Consumer,JDA,Tax Associate,PL2,Chat,Re-Hire,60-90 days,26-Feb,154,225,183,213,0,0,0,0,71977.19998,2739,0,0
TTL Assisted Consumer,JDA,Tax Associate,PL2,Chat,New Hire,30-60 days,26-Apr,107,239,172,230,0,0,0,0,150614.4167,5447,0,0
TTL Assisted Consumer,JDA,Tax Associate,PL2,Chat,Re-Hire,30-60 days,26-Feb,183,278,221,265,0,0,0,0,115341.15,3831,0,0
TTL Assisted Consumer,JDA,Tax Associate,PL2,Chat,Re-Hire,30-60 days,26-Apr,14,20,16,20,0,0,0,0,9354.85,387,0,0
TTL Assisted Consumer,JDA,Tax Associate,PL2,Phone,Re-Hire,30-60 days,26-Mar,74,120,96,115,1057.66,1334.77,0,0,48222.08333,2065,0,0
TTL Assisted Consumer,JDA,Tax Associate,PL2,Chat,Re-Hire,60-90 days,26-Apr,12,20,12,17,0,0,0,0,18112.5,590,0,0
TTL Assisted Consumer,JDA,Tax Associate,PL2,Chat,Re-Hire,90-120 days,26-Mar,67,145,98,131,0,0,0,0,56549.30001,2212,0,0
TTL Assisted Consumer,JDA,Tax Associate,PL2,Phone,Re-Hire,30-60 days,26-Apr,30,47,33,42,530.2,696.73,0,0,19280.28333,1050,0,0
TTL Assisted Consumer,JDA,Tax Associate,PL2,Phone,New Hire,90-120 days,After Season,1,1,1,1,866.38,1090.73,0,0,163.616666,13,0,0
TTL Assisted Consumer,JDA,Tax Associate,PL2,Phone,New Hire,< 30 days,Before Season,21,25,23,24,685.78,853.08,0,0,29762.93333,1570,0,0
TTL Assisted Consumer,JDA,Tax Associate,PL2,Chat,Re-Hire,< 30 days,Before Season,54,76,59,70,0,0,0,0,46061.31668,1622,0,0
TTL Assisted Consumer,JDA,Tax Associate,PL2,Phone,Re-Hire,60-90 days,26-Feb,624,735,653,700,5476.71,6500.45,0,0,186777.3333,10602,0,0
TTL Assisted Consumer,JDA,Tax Associate,PL2,Chat,Re-Hire,60-90 days,26-Mar,107,207,154,191,0.65,1,0,0,81554.85,3159,0,0
TTL Assisted Consumer,JDA,Tax Associate,PL2,Chat,New Hire,< 30 days,26-Mar,45,104,73,100,0,0,0,0,50944.51667,1910,0,0
TTL Assisted Consumer,JDA,Tax Associate,PL2,Phone,Re-Hire,< 30 days,26-Apr,7,15,10,15,167.36,217.15,0,0,5464.483336,324,0,0
TTL Assisted Consumer,JDA,Tax Associate,PL2,Chat,New Hire,90-120 days,After Season,0,0,0,0,0,0,0,0,41.983333,3,0,0
TTL Assisted Consumer,JDA,Tax Associate,PL2,Chat,New Hire,< 30 days,26-Feb,122,217,165,211,0,0,0,0,96358.03334,3457,0,0
TTL Assisted Consumer,JDA,Tax Associate,PL2,Phone,Re-Hire,90-120 days,26-Apr,245,389,315,369,4340.26,5446.37,0,0,155260.2667,8097,0,0
TTL Assisted Consumer,JDA,Tax Associate,PL2,Phone,New Hire,30-60 days,26-Mar,1247,1886,1547,1805,17997.21,22419.97,0,0,734783.8334,35738,0,0
TTL Assisted Consumer,JDA,Tax Associate,PL2,Chat,Re-Hire,< 30 days,26-Mar,11,14,13,14,0,0,0,0,6684.000001,273,0,0
TTL Assisted Consumer,JDA,Tax Associate,PL2,Chat,New Hire,< 30 days,26-Apr,23,71,48,67,0,0,0,0,44743.28334,1772,0,0
TTL Assisted Consumer,JDA,Tax Associate,PL2,Chat,New Hire,60-90 days,26-Apr,211,459,335,436,0,0,0,0,254507.8834,9771,0,0
TTL Assisted Consumer,JDA,Tax Associate,PL2,Chat,New Hire,60-90 days,26-Mar,488,802,633,743,0,0,0,0,308887.2166,13197,0,0
TTL Assisted Consumer,JDA,Tax Associate,PL2,Chat,New Hire,30-60 days,26-Mar,195,446,318,407,0,0,0,0,210893.2167,8193,0,0
TTL Assisted Consumer,JDA,Tax Associate,PL2,Chat,Re-Hire,< 30 days,26-Apr,2,4,4,4,0,0,0,0,3734.500001,118,0,0
TTL Assisted Consumer,JDA,Tax Associate,PL2,Chat,Re-Hire,120+ days,26-Apr,28,61,45,57,0,0,0,0,30757.91666,1255,0,0
TTL Assisted Consumer,JDA,Tax Associate,PL2,Chat,Re-Hire,30-60 days,Before Season,127,160,139,153,0,0,0,0,71021.8167,2536,0,0
TTL Assisted Consumer,JDA,Tax Associate,PL2,Phone,New Hire,90-120 days,26-Apr,717,1032,862,979,15531.64,19363.92,0,0,521861.3666,29745,0,0
TTL Assisted Consumer,JDA,Tax Associate,PL2,Chat,Re-Hire,90-120 days,After Season,1,1,1,1,0,0,0,0,70.333333,2,0,0
TTL Assisted Consumer,JDA,Tax Associate,PL2,Phone,Re-Hire,< 30 days,26-Mar,17,50,29,45,417.11,570.1,0,0,17096.38333,931,0,0
TTL Assisted Consumer,JDA,Tax Associate,PL2,Phone,Re-Hire,90-120 days,After Season,0,0,0,0,134.2,167.56,0,0,16.783333,1,0,0
TTL Assisted Consumer,JDA,Tax Associate,PL2,Chat,Re-Hire,30-60 days,26-Jan,76,116,95,111,0,0,0,0,47217.11667,1799,0,0
TTL Assisted Consumer,JDA,Tax Associate,PL2,Chat,Re-Hire,30-60 days,26-Mar,19,32,25,31,0,0,0,0,14931.48332,542,0,0
TTL Assisted Consumer,JDA,Tax Associate,PL2,Phone,Re-Hire,30-60 days,Before Season,77,91,86,89,1382.69,1664.21,0,0,47208.33333,3061,0,0
TTL Assisted Consumer,JDA,Tax Associate,PL2,Phone,Re-Hire,< 30 days,26-Feb,65,82,69,78,616.33,771.32,0,0,19556.61668,1240,0,0
TTL Assisted Consumer,JDA,Tax Associate,PL2,Phone,New Hire,60-90 days,26-Apr,846,1211,1004,1158,15040.63,18838.96,0,0,543477.7167,27565,0,0
TTL Assisted Consumer,JDA,Tax Associate,PL2,Phone,New Hire,< 30 days,26-Apr,96,165,130,157,2112.4,2701.29,0,0,87202.53334,4086,0,0
TTL Assisted Consumer,JDA,Tax Associate,PL2,Phone,Re-Hire,60-90 days,26-Apr,52,87,71,85,837.76,1059.93,0,0,29222.65,1551,0,0
TTL Assisted Consumer,JDA,Tax Associate,PL2,Chat,Re-Hire,< 30 days,26-Feb,17,28,19,25,0,0,0,0,9652.266665,359,0,0
TTL Assisted Consumer,JDA,Tax Associate,PL2,Phone,Re-Hire,< 30 days,26-Jan,36,46,41,46,584.41,713.51,0,0,21863.53334,1125,0,0
TTL Assisted Consumer,JDA,Tax Associate,PL2,Chat,Re-Hire,90-120 days,26-Apr,83,155,119,144,0,0,0,0,92552.03334,3443,0,0
TTL Assisted Consumer,JDA,Tax Associate,PL2,Chat,Re-Hire,< 30 days,26-Jan,43,61,51,57,0,0,0,0,33273.76668,818,0,0
TTL Assisted Consumer,JDA,Tax Associate,PL2,Chat,Re-Hire,120+ days,After Season,0,0,0,0,0,0,0,0,50.766667,1,0,0
TTL Assisted Consumer,JDA,Tax Associate,PL2,Phone,New Hire,< 30 days,26-Jan,117,148,127,144,2550.21,3134.86,0,0,94367.33335,5014,0,0
TTL Assisted Consumer,JDA,Tax Associate,PL2,Phone,Re-Hire,90-120 days,26-Mar,466,606,525,576,4366.4,5333.1,0,0,172490.45,8672,0,0
TTL Assisted Consumer,JDA,Tax Associate,PL2,Phone,New Hire,30-60 days,26-Feb,1634,2116,1811,2028,18434.41,22348.35,0,0,649568.6167,36050,0,0
TTL Assisted Consumer,JDA,Tax Associate,PL2,Phone,Re-Hire,120+ days,26-Apr,75,107,90,102,1785.65,2207.23,0,0,60482.36669,3323,0,0
TTL Assisted Consumer,JDA,Tax Associate,PL2,Phone,New Hire,< 30 days,After Season,0,0,0,0,84.25,111.61,0,0,0,0,0,0
TTL Assisted Consumer,JDA,Tax Associate,PL2,Chat,New Hire,30-60 days,26-Jan,0,0,0,0,0,0,0,0,1645.849998,78,0,0
TTL Assisted Consumer,JDA,Tax Associate,PL2,Phone,Re-Hire,60-90 days,After Season,0,0,0,0,14.45,17.8,0,0,0,0,0,0
TTL Assisted Consumer,JDA,Tax Associate,PL2,Phone,New Hire,30-60 days,26-Jan,0,0,0,0,0,0,0,0,695.883331,48,0,0
TTL Assisted Consumer,JDA,Tax Associate,PL2,Phone,Re-Hire,< 30 days,After Season,0,0,0,0,7.14,9.18,0,0,0,0,0,0
TTL Assisted Consumer,JDA,Tax Associate,PL2,Phone,New Hire,30-60 days,After Season,0,0,0,0,183.98,233.24,0,0,0,0,0,0
TTL Assisted Consumer,JDA,Tax Associate,PL2,Phone,Re-Hire,120+ days,After Season,0,0,0,0,166.02,207.31,0,0,2.216667,1,0,0
TTL Assisted Consumer,JDA,Tax Associate,PL2,Phone,New Hire,60-90 days,After Season,0,0,0,0,491.11,632.99,0,0,0,0,0,0
TTL Assisted Consumer,JDA,Tax Associate,PL2,Phone,Re-Hire,30-60 days,After Season,0,0,0,0,23.4,31.4,0,0,0,0,0,0
TTL Assisted Consumer,JDA,Tax Associate,PL2,Chat,New Hire,120+ days,Before Season,4,4,2,2,0,0,0,0,3381.033334,130,0,0
TTL Assisted Consumer,JDA,Tax Associate,PL2,Phone,New Hire,120+ days,Before Season,63,75,66,73,0,0,0,0,27479.68335,1350,0,0
TTL Assisted Consumer,JDA,Tax Associate,PL2,Phone,Re-Hire,120+ days,Before Season,53,65,59,65,0,0,0,0,19250.11666,941,0,0
TTL Assisted Consumer,JDA,Tax Associate,PL2,Chat,Re-Hire,120+ days,Before Season,1,1,1,1,0,0,0,0,1727.750001,61,0,0
TTL Assisted Consumer,JDA,Tax Expert,PL2,Phone,New Hire,< 30 days,26-Apr,35,44,39,43,672.15,861.58,0,0,26363.20002,1258,0,0
TTL Assisted Consumer,JDA,Tax Expert,PL2,Chat,Re-Hire,30-60 days,26-Feb,32,47,35,42,0,0,0,0,16852.86668,674,0,0
TTL Assisted Consumer,JDA,Tax Expert,PL2,Chat,New Hire,60-90 days,26-Mar,81,128,104,123,0,0,0,0,45680.3,2118,0,0
TTL Assisted Consumer,JDA,Tax Expert,PL2,Phone,Re-Hire,60-90 days,26-Feb,99,107,99,103,715.68,873.56,0,0,20903.03333,1383,0,0
TTL Assisted Consumer,JDA,Tax Expert,PL2,Phone,New Hire,< 30 days,Before Season,5,6,6,6,123.6,149.25,0,0,5969.516661,277,0,0
TTL Assisted Consumer,JDA,Tax Expert,PL2,Phone,Re-Hire,30-60 days,26-Feb,135,165,141,153,1405.22,1721.57,0,0,49846.51667,2794,0,0
TTL Assisted Consumer,JDA,Tax Expert,PL2,Chat,Re-Hire,30-60 days,Before Season,20,23,21,21,0,0,0,0,10467.08332,356,0,0
TTL Assisted Consumer,JDA,Tax Expert,PL2,Phone,Re-Hire,30-60 days,26-Apr,-1,7,4,7,88.31,134.03,0,0,3399.533331,196,0,0
TTL Assisted Consumer,JDA,Tax Expert,PL2,Chat,Re-Hire,< 30 days,26-Apr,0,0,0,0,0,0,0,0,146.033334,10,0,0
TTL Assisted Consumer,JDA,Tax Expert,PL2,Phone,Re-Hire,60-90 days,26-Mar,102,137,114,130,1128.63,1401.94,0,0,39157.26669,2313,0,0
TTL Assisted Consumer,JDA,Tax Expert,PL2,Chat,Re-Hire,< 30 days,26-Mar,0,0,0,0,0,0,0,0,173.149999,12,0,0
TTL Assisted Consumer,JDA,Tax Expert,PL2,Phone,Re-Hire,30-60 days,26-Mar,19,21,21,21,175.45,213.77,0,0,5767.383342,338,0,0
TTL Assisted Consumer,JDA,Tax Expert,PL2,Phone,New Hire,< 30 days,26-Feb,170,227,192,216,2076.24,2555.03,0,0,76686.98333,4031,0,0
TTL Assisted Consumer,JDA,Tax Expert,PL2,Phone,New Hire,60-90 days,26-Mar,335,508,413,477,4541.73,5769.28,0,0,178053.2833,9396,0,0
TTL Assisted Consumer,JDA,Tax Expert,PL2,Chat,Re-Hire,60-90 days,26-Apr,2,4,4,4,0,0,0,0,1937.466668,60,0,0
TTL Assisted Consumer,JDA,Tax Expert,PL2,Chat,Re-Hire,30-60 days,26-Apr,2,7,6,7,0,0,0,0,1379.199996,76,0,0
TTL Assisted Consumer,JDA,Tax Expert,PL2,Phone,Re-Hire,30-60 days,26-Jan,11,18,13,17,213.33,260.28,0,0,6236,421,0,0
TTL Assisted Consumer,JDA,Tax Expert,PL2,Phone,Re-Hire,60-90 days,26-Apr,4,4,4,4,93.87,119.67,0,0,2839.333333,184,0,0
TTL Assisted Consumer,JDA,Tax Expert,PL2,Phone,Re-Hire,90-120 days,26-Mar,43,51,45,48,557.06,682.18,0,0,16750.66666,1073,0,0
TTL Assisted Consumer,JDA,Tax Expert,PL2,Chat,Re-Hire,< 30 days,26-Feb,5,5,5,5,0,0,0,0,1773.666666,77,0,0
TTL Assisted Consumer,JDA,Tax Expert,PL2,Chat,New Hire,30-60 days,26-Mar,56,112,82,106,0,0,0,0,43262.18334,1683,0,0
TTL Assisted Consumer,JDA,Tax Expert,PL2,Chat,Re-Hire,60-90 days,26-Feb,22,33,29,31,0,0,0,0,11530.25,329,0,0
TTL Assisted Consumer,JDA,Tax Expert,PL2,Chat,Re-Hire,30-60 days,26-Mar,3,3,3,3,0,0,0,0,1875.366669,93,0,0
TTL Assisted Consumer,JDA,Tax Expert,PL2,Phone,Re-Hire,< 30 days,26-Feb,3,10,7,10,101.21,127.18,0,0,3632.800003,204,0,0
TTL Assisted Consumer,JDA,Tax Expert,PL2,Phone,New Hire,60-90 days,26-Apr,132,186,155,176,2153.11,2756.06,0,0,77721.78336,4117,0,0
TTL Assisted Consumer,JDA,Tax Expert,PL2,Phone,Re-Hire,< 30 days,Before Season,15,18,17,18,47.86,57.89,0,0,16196.94999,661,0,0
TTL Assisted Consumer,JDA,Tax Expert,PL2,Chat,Re-Hire,120+ days,26-Apr,5,6,5,6,0,0,0,0,3104.816664,184,0,0
TTL Assisted Consumer,JDA,Tax Expert,PL2,Chat,New Hire,90-120 days,26-Apr,34,66,48,61,0,0,0,0,36205.09999,1454,0,0
TTL Assisted Consumer,JDA,Tax Expert,PL2,Chat,Re-Hire,90-120 days,26-Apr,14,33,22,30,0,0,0,0,16341.79999,752,0,0
TTL Assisted Consumer,JDA,Tax Expert,PL2,Phone,New Hire,< 30 days,26-Mar,65,102,83,101,917.3,1179.68,0,0,41049.51667,1945,0,0
TTL Assisted Consumer,JDA,Tax Expert,PL2,Phone,New Hire,30-60 days,26-Apr,74,104,86,98,1158.25,1489.3,0,0,46349.81667,2246,0,0
TTL Assisted Consumer,JDA,Tax Expert,PL2,Phone,New Hire,90-120 days,26-Apr,92,127,106,116,2238.93,2852.62,0,0,75079.13332,4412,0,0
TTL Assisted Consumer,JDA,Tax Expert,PL2,Chat,Re-Hire,< 30 days,Before Season,4,10,6,10,0,0,0,0,6487.833331,285,0,0
TTL Assisted Consumer,JDA,Tax Expert,PL2,Chat,New Hire,< 30 days,26-Mar,2,27,18,23,0,0,0,0,11724.65,379,0,0
TTL Assisted Consumer,JDA,Tax Expert,PL2,Chat,New Hire,30-60 days,26-Apr,21,38,28,35,0,0,0,0,21971.23333,781,0,0
TTL Assisted Consumer,JDA,Tax Expert,PL2,Chat,New Hire,< 30 days,26-Apr,10,18,14,17,0,0,0,0,11096.26666,407,0,0
TTL Assisted Consumer,JDA,Tax Expert,PL2,Phone,New Hire,30-60 days,26-Mar,280,400,328,386,3862.61,4824.29,0,0,145934.75,7661,0,0
TTL Assisted Consumer,JDA,Tax Expert,PL2,Chat,Re-Hire,< 30 days,26-Jan,1,9,6,8,0,0,0,0,5671.066669,213,0,0
TTL Assisted Consumer,JDA,Tax Expert,PL2,Chat,New Hire,60-90 days,26-Apr,34,73,55,69,0,0,0,0,28696.78335,1328,0,0
TTL Assisted Consumer,JDA,Tax Expert,PL2,Chat,Re-Hire,90-120 days,26-Mar,11,16,14,16,0,0,0,0,5411.933327,314,0,0
TTL Assisted Consumer,JDA,Tax Expert,PL2,Chat,Re-Hire,60-90 days,26-Mar,12,23,18,20,0,0,0,0,10958.31667,522,0,0
TTL Assisted Consumer,JDA,Tax Expert,PL2,Phone,Re-Hire,< 30 days,26-Jan,8,13,10,12,140.46,176.57,0,0,5582.66666,290,0,0
TTL Assisted Consumer,JDA,Tax Expert,PL2,Chat,Re-Hire,30-60 days,26-Jan,14,18,15,17,0,0,0,0,5565.449996,312,0,0
TTL Assisted Consumer,JDA,Tax Expert,PL2,Phone,Re-Hire,90-120 days,26-Apr,42,55,45,53,882.1,1099.32,0,0,26092.11667,1683,0,0
TTL Assisted Consumer,JDA,Tax Expert,PL2,Chat,New Hire,30-60 days,26-Feb,120,179,149,172,0,0,0,0,67117.56665,2580,0,0
TTL Assisted Consumer,JDA,Tax Expert,PL2,Phone,New Hire,< 30 days,26-Jan,31,48,36,43,799.95,984.32,0,0,32229.09999,1638,0,0
TTL Assisted Consumer,JDA,Tax Expert,PL2,Chat,New Hire,< 30 days,26-Jan,33,51,41,49,0,0,0,0,29536.78334,994,0,0
TTL Assisted Consumer,JDA,Tax Expert,PL2,Phone,Re-Hire,120+ days,26-Apr,8,10,9,9,210.96,262.02,0,0,5909.300001,407,0,0
TTL Assisted Consumer,JDA,Tax Expert,PL2,Chat,New Hire,< 30 days,Before Season,12,17,14,17,0,0,0,0,10337.15,359,0,0
TTL Assisted Consumer,JDA,Tax Expert,PL2,Phone,Re-Hire,< 30 days,26-Apr,0,0,0,0,10.54,20.04,0,0,344.366666,28,0,0
TTL Assisted Consumer,JDA,Tax Expert,PL2,Chat,New Hire,< 30 days,26-Feb,43,68,56,66,0,0,0,0,29262.45,1014,0,0
TTL Assisted Consumer,JDA,Tax Expert,PL2,Phone,New Hire,30-60 days,26-Feb,383,530,448,503,5082.48,6233.15,0,0,178683.7167,10346,0,0
TTL Assisted Consumer,JDA,Tax Expert,PL2,Phone,New Hire,30-60 days,26-Jan,0,0,0,0,0,0,0,0,354.599999,22,0,0
TTL Assisted Consumer,JDA,Tax Expert,PL2,Phone,Re-Hire,30-60 days,Before Season,12,13,11,12,208.65,255.48,0,0,6268.566668,456,0,0
TTL Assisted Consumer,JDA,Tax Expert,PL2,Phone,New Hire,90-120 days,After Season,0,0,0,0,126.11,162.72,0,0,0,0,0,0
TTL Assisted Consumer,JDA,Tax Expert,PL2,Phone,Re-Hire,< 30 days,26-Mar,5,6,6,6,84.17,117.13,0,0,3354.083331,188,0,0
TTL Assisted Consumer,JDA,Tax Expert,PL2,Phone,Re-Hire,90-120 days,After Season,0,0,0,0,16.4,20.83,0,0,0,0,0,0
TTL Assisted Consumer,JDA,Tax Expert,PL2,Chat,New Hire,30-60 days,26-Jan,0,0,0,0,0,0,0,0,509.416667,21,0,0
TTL Assisted Consumer,JDA,Tax Expert,PL2,Phone,New Hire,60-90 days,After Season,0,0,0,0,27.56,34.97,0,0,0,0,0,0
TTL Assisted Consumer,JDA,Tax Expert,PL2,Phone,New Hire,< 30 days,After Season,0,0,0,0,9.89,12.41,0,0,0,0,0,0
TTL Assisted Consumer,JDA,Tax Expert,PL2,Phone,Re-Hire,30-60 days,After Season,0,0,0,0,5.53,7.88,0,0,0,0,0,0
TTL Assisted Consumer,JDA,Tax Expert,PL2,Phone,Re-Hire,120+ days,After Season,0,0,0,0,11.8,15.37,0,0,0,0,0,0
TTL Assisted Consumer,JDA,Tax Expert,PL2,Phone,New Hire,30-60 days,After Season,0,0,0,0,24.52,29.95,0,0,0,0,0,0
TTL Assisted Consumer,JDA,Tax Associate,PL3,Chat,Re-Hire,60-90 days,26-Mar,22,24,22,23,0,0,0,0,11402.25,377,0,0
TTL Assisted Consumer,JDA,Tax Associate,PL3,Phone,Re-Hire,60-90 days,26-Feb,120,155,136,151,1675.51,1991.1,0,0,57115.56666,3324,0,0
TTL Assisted Consumer,JDA,Tax Associate,PL3,Phone,New Hire,30-60 days,26-Mar,188,278,230,265,3729.85,4708.79,0,0,160201.5167,7941,0,0
TTL Assisted Consumer,JDA,Tax Associate,PL3,Phone,Re-Hire,90-120 days,26-Apr,90,126,110,123,2191,2679.32,0,0,84490.98333,4102,0,0
TTL Assisted Consumer,JDA,Tax Associate,PL3,Phone,New Hire,< 30 days,26-Jan,26,40,32,39,526.11,651.06,0,0,21863.2,1061,0,0
TTL Assisted Consumer,JDA,Tax Associate,PL3,Chat,New Hire,30-60 days,26-Feb,72,106,87,100,0,0,0,0,30784.36666,1124,0,0
TTL Assisted Consumer,JDA,Tax Associate,PL3,Chat,New Hire,60-90 days,26-Mar,22,43,32,41,0,0,0,0,17685.90001,596,0,0
TTL Assisted Consumer,JDA,Tax Associate,PL3,Phone,Re-Hire,120+ days,26-Apr,11,13,12,13,638.81,785.05,0,0,24519.20001,1363,0,0
TTL Assisted Consumer,JDA,Tax Associate,PL3,Phone,Re-Hire,30-60 days,26-Mar,7,11,9,9,121.65,145.25,0,0,5175.000001,233,0,0
TTL Assisted Consumer,JDA,Tax Associate,PL3,Chat,New Hire,90-120 days,26-Apr,21,36,28,34,0,0,0,0,15817.48333,570,0,0
TTL Assisted Consumer,JDA,Tax Associate,PL3,Chat,Re-Hire,30-60 days,26-Apr,0,0,0,0,0,0,0,0,280.683335,8,0,0
TTL Assisted Consumer,JDA,Tax Associate,PL3,Chat,New Hire,60-90 days,26-Apr,18,30,26,30,0,0,0,0,18353.41667,729,0,0
TTL Assisted Consumer,JDA,Tax Associate,PL3,Phone,Re-Hire,60-90 days,26-Apr,15,21,16,19,292.89,365.3,0,0,8910.333322,565,0,0
TTL Assisted Consumer,JDA,Tax Associate,PL3,Phone,New Hire,90-120 days,26-Apr,105,136,119,130,2988.73,3686.45,0,0,108200.0333,6146,0,0
TTL Assisted Consumer,JDA,Tax Associate,PL3,Chat,Re-Hire,30-60 days,26-Jan,51,61,51,57,0,0,0,0,21201.68333,711,0,0
TTL Assisted Consumer,JDA,Tax Associate,PL3,Chat,Re-Hire,90-120 days,26-Apr,15,24,18,22,0,0,0,0,15756.31666,455,0,0
TTL Assisted Consumer,JDA,Tax Associate,PL3,Phone,Re-Hire,< 30 days,26-Apr,0,0,0,0,11.78,13.97,0,0,707.299999,24,0,0
TTL Assisted Consumer,JDA,Tax Associate,PL3,Phone,Re-Hire,90-120 days,26-Mar,188,245,218,236,2289.2,2776.99,0,0,97133.06666,4806,0,0
TTL Assisted Consumer,JDA,Tax Associate,PL3,Chat,Re-Hire,30-60 days,26-Mar,1,1,1,1,0,0,0,0,804.350002,32,0,0
TTL Assisted Consumer,JDA,Tax Associate,PL3,Phone,New Hire,30-60 days,26-Apr,27,61,39,58,1203.89,1544.84,0,0,48039.04999,2420,0,0
TTL Assisted Consumer,JDA,Tax Associate,PL3,Chat,Re-Hire,< 30 days,26-Jan,8,13,10,12,0,0,0,0,4705.266666,153,0,0
TTL Assisted Consumer,JDA,Tax Associate,PL3,Phone,New Hire,< 30 days,26-Apr,17,24,21,24,494.48,637.52,0,0,20497.75,974,0,0
TTL Assisted Consumer,JDA,Tax Associate,PL3,Phone,Re-Hire,30-60 days,26-Apr,0,4,4,4,47.29,57.96,0,0,1624.93333,97,0,0
TTL Assisted Consumer,JDA,Tax Associate,PL3,Phone,New Hire,30-60 days,26-Feb,153,251,198,242,2576.65,3225.86,0,0,94906.60001,5471,0,0
TTL Assisted Consumer,JDA,Tax Associate,PL3,Chat,New Hire,90-120 days,After Season,0,0,0,0,0,0,0,0,148.25,9,0,0
TTL Assisted Consumer,JDA,Tax Associate,PL3,Phone,Re-Hire,< 30 days,Before Season,180,208,190,202,82.97,101.87,0,0,106504,3700,0,0
TTL Assisted Consumer,JDA,Tax Associate,PL3,Phone,Re-Hire,< 30 days,26-Mar,4,6,5,6,99.49,125.42,0,0,4230.116664,207,0,0
TTL Assisted Consumer,JDA,Tax Associate,PL3,Chat,Re-Hire,30-60 days,Before Season,45,64,49,62,0,0,0,0,26462,1030,0,0
TTL Assisted Consumer,JDA,Tax Associate,PL3,Chat,Re-Hire,30-60 days,26-Feb,39,71,54,71,0,0,0,0,23747.38335,773,0,0
TTL Assisted Consumer,JDA,Tax Associate,PL3,Chat,Re-Hire,60-90 days,26-Feb,48,65,57,61,0,0,0,0,18534.51667,597,0,0
TTL Assisted Consumer,JDA,Tax Associate,PL3,Chat,Re-Hire,< 30 days,26-Feb,2,5,3,5,0,0,0,0,1295.250004,50,0,0
TTL Assisted Consumer,JDA,Tax Associate,PL3,Chat,New Hire,< 30 days,26-Mar,1,7,5,7,0,0,0,0,3940.5,146,0,0
TTL Assisted Consumer,JDA,Tax Associate,PL3,Phone,New Hire,< 30 days,Before Season,4,4,3,4,109.99,135.73,0,0,4320.383329,239,0,0
TTL Assisted Consumer,JDA,Tax Associate,PL3,Phone,New Hire,< 30 days,26-Mar,38,92,60,86,926.68,1232.69,0,0,45550.86667,1999,0,0
TTL Assisted Consumer,JDA,Tax Associate,PL3,Chat,Re-Hire,90-120 days,After Season,0,0,0,0,0,0,0,0,97.516667,3,0,0
TTL Assisted Consumer,JDA,Tax Associate,PL3,Chat,New Hire,30-60 days,26-Mar,15,23,20,22,0,0,0,0,18268.18333,524,0,0
TTL Assisted Consumer,JDA,Tax Associate,PL3,Phone,Re-Hire,30-60 days,After Season,0,0,0,0,1.35,1.82,0,0,0,0,0,0
TTL Assisted Consumer,JDA,Tax Associate,PL3,Chat,Re-Hire,< 30 days,26-Mar,2,2,2,2,0,0,0,0,329.283334,17,0,0
TTL Assisted Consumer,JDA,Tax Associate,PL3,Phone,New Hire,30-60 days,After Season,0,0,0,0,24.17,29.83,0,0,0,0,0,0
TTL Assisted Consumer,JDA,Tax Associate,PL3,Phone,Re-Hire,< 30 days,26-Jan,7,8,8,8,155.62,185.56,0,0,5497.183331,290,0,0
TTL Assisted Consumer,JDA,Tax Associate,PL3,Phone,Re-Hire,60-90 days,After Season,0,0,0,0,1.91,2.33,0,0,0,0,0,0
TTL Assisted Consumer,JDA,Tax Associate,PL3,Phone,Re-Hire,30-60 days,26-Jan,56,63,57,60,724.38,864.57,0,0,22830.76667,1423,0,0
TTL Assisted Consumer,JDA,Tax Associate,PL3,Chat,New Hire,30-60 days,26-Jan,0,0,0,0,0,0,0,0,464.1,17,0,0
TTL Assisted Consumer,JDA,Tax Associate,PL3,Chat,New Hire,< 30 days,Before Season,17,22,18,22,0,0,0,0,17129.86666,289,0,0
TTL Assisted Consumer,JDA,Tax Associate,PL3,Phone,New Hire,60-90 days,After Season,0,0,0,0,43.69,54.97,0,0,0,0,0,0
TTL Assisted Consumer,JDA,Tax Associate,PL3,Chat,New Hire,< 30 days,26-Jan,15,43,28,42,0,0,0,0,18491.98333,620,0,0
TTL Assisted Consumer,JDA,Tax Associate,PL3,Phone,Re-Hire,120+ days,Before Season,26,31,28,30,0,0,0,0,12247.96667,511,0,0
TTL Assisted Consumer,JDA,Tax Associate,PL3,Phone,Re-Hire,< 30 days,26-Feb,8,12,10,11,98.25,119.05,0,0,3318.666665,185,0,0
TTL Assisted Consumer,JDA,Tax Associate,PL3,Chat,New Hire,120+ days,Before Season,1,1,1,1,0,0,0,0,1203.183334,37,0,0
TTL Assisted Consumer,JDA,Tax Associate,PL3,Chat,New Hire,< 30 days,26-Feb,23,42,30,39,0,0,0,0,17480.45,526,0,0
TTL Assisted Consumer,JDA,Tax Associate,PL3,Chat,Re-Hire,< 30 days,Before Season,29,44,31,37,0,0,0,0,24909.8,835,0,0
TTL Assisted Consumer,JDA,Tax Associate,PL3,Phone,Re-Hire,30-60 days,Before Season,47,50,47,47,711.08,844.12,0,0,23305.48334,1550,0,0
TTL Assisted Consumer,JDA,Tax Associate,PL3,Chat,Re-Hire,60-90 days,26-Apr,1,1,1,1,0,0,0,0,1894.133335,63,0,0
TTL Assisted Consumer,JDA,Tax Associate,PL3,Chat,New Hire,30-60 days,26-Apr,5,9,7,9,0,0,0,0,9502.916663,298,0,0
TTL Assisted Consumer,JDA,Tax Associate,PL3,Phone,New Hire,60-90 days,26-Mar,344,445,378,417,5695.17,7005.54,0,0,233086.5833,11795,0,0
TTL Assisted Consumer,JDA,Tax Associate,PL3,Phone,New Hire,90-120 days,After Season,0,0,0,0,125.54,157.03,0,0,161.2,5,0,0
TTL Assisted Consumer,JDA,Tax Associate,PL3,Chat,New Hire,< 30 days,26-Apr,0,3,2,3,0,0,0,0,2684.383332,98,0,0
TTL Assisted Consumer,JDA,Tax Associate,PL3,Phone,New Hire,60-90 days,26-Apr,114,178,145,168,3087.25,3835.44,0,0,119651.35,5857,0,0
TTL Assisted Consumer,JDA,Tax Associate,PL3,Phone,Re-Hire,60-90 days,26-Mar,148,205,174,193,2529.38,3069.51,0,0,92686.68332,5087,0,0
TTL Assisted Consumer,JDA,Tax Associate,PL3,Chat,Re-Hire,90-120 days,26-Mar,23,24,21,21,0,0,0,0,8578.25,280,0,0
TTL Assisted Consumer,JDA,Tax Associate,PL3,Phone,New Hire,< 30 days,26-Feb,67,124,97,119,1387.42,1725.57,0,0,58667.05,2821,0,0
TTL Assisted Consumer,JDA,Tax Associate,PL3,Chat,Re-Hire,120+ days,26-Apr,4,4,4,4,0,0,0,0,3850.550004,87,0,0
TTL Assisted Consumer,JDA,Tax Associate,PL3,Phone,Re-Hire,30-60 days,26-Feb,165,199,174,187,1789.67,2140.66,0,0,63395.18336,3552,0,0
TTL Assisted Consumer,JDA,Tax Associate,PL3,Chat,Re-Hire,< 30 days,26-Apr,0,0,0,0,0,0,0,0,182.083333,4,0,0
TTL Assisted Consumer,JDA,Tax Associate,PL3,Phone,Re-Hire,< 30 days,After Season,0,0,0,0,1.47,1.64,0,0,0,0,0,0
TTL Assisted Consumer,JDA,Tax Associate,PL3,Phone,New Hire,< 30 days,After Season,0,0,0,0,20.55,27.36,0,0,0,0,0,0
TTL Assisted Consumer,JDA,Tax Associate,PL3,Phone,Re-Hire,120+ days,After Season,0,0,0,0,73.85,91.23,0,0,28.466667,2,0,0
TTL Assisted Consumer,JDA,Tax Associate,PL3,Phone,New Hire,30-60 days,26-Jan,0,0,0,0,0,0,0,0,380.366667,23,0,0
TTL Assisted Consumer,JDA,Tax Associate,PL3,Phone,Re-Hire,90-120 days,After Season,0,0,0,0,22.31,26.4,0,0,0,0,0,0
TTL Assisted Consumer,JDA,Tax Associate,PL3,Phone,New Hire,120+ days,Before Season,40,46,39,45,0,0,0,0,14761.31667,528,0,0
TTL Assisted Consumer,JDA,Tax Associate,PL3,Chat,Re-Hire,120+ days,Before Season,2,2,2,2,0,0,0,0,727.366666,32,0,0
TTL Assisted Consumer,JDA,Tax Expert,PL3,Chat,New Hire,30-60 days,26-Feb,44,66,55,62,0,0,0,0,19799.95,724,0,0
TTL Assisted Consumer,JDA,Tax Expert,PL3,Phone,New Hire,< 30 days,Before Season,1,1,1,1,100.43,126.27,0,0,3875.449994,245,0,0
TTL Assisted Consumer,JDA,Tax Expert,PL3,Phone,New Hire,< 30 days,26-Apr,11,12,9,10,261.18,320.91,0,0,12675.73333,512,0,0
TTL Assisted Consumer,JDA,Tax Expert,PL3,Phone,Re-Hire,< 30 days,26-Jan,0,0,0,0,7.37,9.39,0,0,179.483334,13,0,0
TTL Assisted Consumer,JDA,Tax Expert,PL3,Chat,Re-Hire,< 30 days,Before Season,10,10,9,9,0,0,0,0,4439.033334,155,0,0
TTL Assisted Consumer,JDA,Tax Expert,PL3,Chat,Re-Hire,< 30 days,26-Mar,0,0,0,0,0,0,0,0,247.433334,6,0,0
TTL Assisted Consumer,JDA,Tax Expert,PL3,Phone,New Hire,60-90 days,26-Apr,48,72,58,68,1117.18,1391.91,0,0,41767.75003,2080,0,0
TTL Assisted Consumer,JDA,Tax Expert,PL3,Phone,New Hire,< 30 days,26-Mar,25,32,29,32,438.91,527.42,0,0,20807.98333,851,0,0
TTL Assisted Consumer,JDA,Tax Expert,PL3,Chat,Re-Hire,< 30 days,26-Jan,0,0,0,0,0,0,0,0,243.116667,14,0,0
TTL Assisted Consumer,JDA,Tax Expert,PL3,Phone,Re-Hire,30-60 days,26-Mar,1,7,4,7,127.88,159.71,0,0,5494.233336,288,0,0
TTL Assisted Consumer,JDA,Tax Expert,PL3,Phone,Re-Hire,< 30 days,26-Mar,2,7,4,5,65.57,76.69,0,0,2934.400002,128,0,0
TTL Assisted Consumer,JDA,Tax Expert,PL3,Phone,Re-Hire,90-120 days,26-Mar,23,32,28,31,307.16,386.69,0,0,12076.26665,661,0,0
TTL Assisted Consumer,JDA,Tax Expert,PL3,Chat,New Hire,< 30 days,26-Mar,-1,1,0,1,0,0,0,0,555.083333,42,0,0
TTL Assisted Consumer,JDA,Tax Expert,PL3,Chat,New Hire,< 30 days,26-Apr,3,6,5,6,0,0,0,0,3476.183333,76,0,0
TTL Assisted Consumer,JDA,Tax Expert,PL3,Chat,Re-Hire,120+ days,26-Apr,0,1,0,1,0,0,0,0,218.216667,10,0,0
TTL Assisted Consumer,JDA,Tax Expert,PL3,Phone,Re-Hire,90-120 days,26-Apr,16,24,19,23,442.91,553.14,0,0,17460.28334,883,0,0
TTL Assisted Consumer,JDA,Tax Expert,PL3,Phone,New Hire,< 30 days,26-Feb,51,60,56,57,550.28,655.17,0,0,25602.85001,1071,0,0
TTL Assisted Consumer,JDA,Tax Expert,PL3,Chat,New Hire,90-120 days,26-Apr,6,8,6,7,0,0,0,0,6176.899999,190,0,0
TTL Assisted Consumer,JDA,Tax Expert,PL3,Phone,Re-Hire,30-60 days,Before Season,15,17,14,16,255.79,304.31,0,0,8980.266675,558,0,0
TTL Assisted Consumer,JDA,Tax Expert,PL3,Phone,Re-Hire,< 30 days,26-Feb,1,1,1,1,17.03,19.28,0,0,869.866666,31,0,0
TTL Assisted Consumer,JDA,Tax Expert,PL3,Phone,New Hire,30-60 days,26-Feb,165,230,198,222,2018.26,2445.28,0,0,71727.96666,4058,0,0
TTL Assisted Consumer,JDA,Tax Expert,PL3,Phone,New Hire,90-120 days,26-Apr,31,37,35,36,920.15,1146.03,0,0,33929.16667,1932,0,0
TTL Assisted Consumer,JDA,Tax Expert,PL3,Chat,New Hire,60-90 days,26-Apr,5,13,9,11,0,0,0,0,5486.56666,214,0,0
TTL Assisted Consumer,JDA,Tax Expert,PL3,Chat,Re-Hire,30-60 days,26-Jan,11,17,15,17,0,0,0,0,5800.283331,174,0,0
TTL Assisted Consumer,JDA,Tax Expert,PL3,Phone,Re-Hire,60-90 days,26-Mar,55,60,55,59,636.98,783.29,0,0,26595.76667,1333,0,0
TTL Assisted Consumer,JDA,Tax Expert,PL3,Phone,Re-Hire,30-60 days,26-Apr,6,6,5,5,81.01,101.84,0,0,3277.633336,144,0,0
TTL Assisted Consumer,JDA,Tax Expert,PL3,Phone,New Hire,< 30 days,26-Jan,21,33,27,31,427.01,531.6,0,0,15458.86667,885,0,0
TTL Assisted Consumer,JDA,Tax Expert,PL3,Phone,Re-Hire,60-90 days,26-Feb,40,48,43,47,492.66,576.38,0,0,18582.86666,962,0,0
TTL Assisted Consumer,JDA,Tax Expert,PL3,Phone,Re-Hire,60-90 days,26-Apr,6,9,6,7,126.13,158.6,0,0,3842.866669,236,0,0
TTL Assisted Consumer,JDA,Tax Expert,PL3,Chat,Re-Hire,30-60 days,26-Mar,0,0,0,0,0,0,0,0,330.516666,16,0,0
TTL Assisted Consumer,JDA,Tax Expert,PL3,Chat,Re-Hire,30-60 days,26-Feb,29,32,26,28,0,0,0,0,5268.216664,233,0,0
TTL Assisted Consumer,JDA,Tax Expert,PL3,Chat,New Hire,< 30 days,26-Feb,19,22,17,20,0,0,0,0,6526.033332,192,0,0
TTL Assisted Consumer,JDA,Tax Expert,PL3,Phone,Re-Hire,30-60 days,26-Jan,14,18,15,17,226.35,272.58,0,0,7378.666661,469,0,0
TTL Assisted Consumer,JDA,Tax Expert,PL3,Phone,New Hire,60-90 days,26-Mar,125,176,146,167,2369.02,2937.58,0,0,93053.65004,4977,0,0
TTL Assisted Consumer,JDA,Tax Expert,PL3,Chat,New Hire,< 30 days,Before Season,10,20,16,19,0,0,0,0,6835.200003,343,0,0
TTL Assisted Consumer,JDA,Tax Expert,PL3,Phone,New Hire,30-60 days,26-Apr,16,22,17,20,453.51,565.59,0,0,18156.75,891,0,0
TTL Assisted Consumer,JDA,Tax Expert,PL3,Chat,Re-Hire,60-90 days,26-Feb,8,20,12,18,0,0,0,0,5386.433334,145,0,0
TTL Assisted Consumer,JDA,Tax Expert,PL3,Phone,Re-Hire,< 30 days,Before Season,38,44,41,43,5.09,5.86,0,0,26819.78334,869,0,0
TTL Assisted Consumer,JDA,Tax Expert,PL3,Chat,Re-Hire,30-60 days,26-Apr,1,1,1,1,0,0,0,0,434.75,29,0,0
TTL Assisted Consumer,JDA,Tax Expert,PL3,Chat,Re-Hire,60-90 days,26-Mar,1,3,2,2,0,0,0,0,1761.31667,63,0,0
TTL Assisted Consumer,JDA,Tax Expert,PL3,Phone,New Hire,90-120 days,After Season,0,0,0,0,36.1,44.71,0,0,0,0,0,0
TTL Assisted Consumer,JDA,Tax Expert,PL3,Chat,Re-Hire,90-120 days,26-Mar,0,2,1,2,0,0,0,0,3505.649998,47,0,0
TTL Assisted Consumer,JDA,Tax Expert,PL3,Phone,New Hire,30-60 days,After Season,0,0,0,0,6.92,8.1,0,0,0,0,0,0
TTL Assisted Consumer,JDA,Tax Expert,PL3,Phone,New Hire,30-60 days,26-Mar,59,75,65,72,1109.01,1370.93,0,0,45820.73332,2291,0,0
TTL Assisted Consumer,JDA,Tax Expert,PL3,Phone,Re-Hire,60-90 days,After Season,0,0,0,0,5.72,7.52,0,0,0,0,0,0
TTL Assisted Consumer,JDA,Tax Expert,PL3,Phone,Re-Hire,30-60 days,26-Feb,35,38,35,37,433.45,522.8,0,0,14359.21666,820,0,0
TTL Assisted Consumer,JDA,Tax Expert,PL3,Phone,Re-Hire,90-120 days,After Season,0,0,0,0,10.7,12.58,0,0,0,0,0,0
TTL Assisted Consumer,JDA,Tax Expert,PL3,Phone,Re-Hire,120+ days,26-Apr,2,2,2,2,74.7,94.51,0,0,2182.383334,162,0,0
TTL Assisted Consumer,JDA,Tax Expert,PL3,Phone,Re-Hire,120+ days,After Season,0,0,0,0,5.36,6.77,0,0,0,0,0,0
TTL Assisted Consumer,JDA,Tax Expert,PL3,Chat,New Hire,< 30 days,26-Jan,28,40,34,37,0,0,0,0,13178.31666,501,0,0
TTL Assisted Consumer,JDA,Tax Expert,PL3,Chat,Re-Hire,60-90 days,26-Apr,0,0,0,0,0,0,0,0,484.366668,23,0,0
TTL Assisted Consumer,JDA,Tax Expert,PL3,Chat,New Hire,30-60 days,26-Mar,4,14,11,14,0,0,0,0,4679.850006,187,0,0
TTL Assisted Consumer,JDA,Tax Expert,PL3,Chat,New Hire,60-90 days,26-Mar,16,24,17,22,0,0,0,0,7935.416664,249,0,0
TTL Assisted Consumer,JDA,Tax Expert,PL3,Chat,Re-Hire,< 30 days,26-Feb,1,1,1,1,0,0,0,0,58.766667,3,0,0
TTL Assisted Consumer,JDA,Tax Expert,PL3,Phone,Re-Hire,< 30 days,26-Apr,0,0,0,0,10.38,12.27,0,0,267.450002,19,0,0
TTL Assisted Consumer,JDA,Tax Expert,PL3,Chat,Re-Hire,30-60 days,Before Season,21,31,29,31,0,0,0,0,13385.83334,365,0,0
TTL Assisted Consumer,JDA,Tax Expert,PL3,Chat,New Hire,30-60 days,26-Apr,3,4,3,3,0,0,0,0,3174.35,75,0,0
TTL Assisted Consumer,JDA,Tax Expert,PL3,Chat,Re-Hire,90-120 days,26-Apr,5,6,6,6,0,0,0,0,3535.883332,107,0,0
TTL Assisted Consumer,JDA,Tax Expert,PL3,Phone,New Hire,60-90 days,After Season,0,0,0,0,7.75,9.29,0,0,0,0,0,0
TTL Assisted Consumer,JDA,Tax Expert,PL3,Phone,New Hire,30-60 days,26-Jan,0,0,0,0,0,0,0,0,152.533333,12,0,0
TTL Assisted Consumer,JDA,Tax Expert,PL3,Chat,New Hire,30-60 days,26-Jan,0,0,0,0,0,0,0,0,228.000001,11,0,0
TTL Assisted Consumer,JDA,Tax Expert,PL3,Phone,New Hire,< 30 days,After Season,0,0,0,0,1.7,2.96,0,0,0,0,0,0
TTL Assisted Consumer,JDA,Tax Expert,PL3,Phone,Re-Hire,30-60 days,After Season,0,0,0,0,0.55,0.67,0,0,0,0,0,0
TTL Assisted Consumer,JDA,Tax Associate,PL4,Phone,Re-Hire,60-90 days,26-Feb,28,33,30,33,954.98,1148.6,0,0,39142.93333,2253,0,0
TTL Assisted Consumer,JDA,Tax Associate,PL4,Phone,Re-Hire,< 30 days,26-Jan,8,8,6,6,144.59,176.62,0,0,5261.116661,312,0,0
TTL Assisted Consumer,JDA,Tax Associate,PL4,Phone,New Hire,30-60 days,26-Mar,9,18,12,16,336.56,421.77,0,0,12038.38334,746,0,0
TTL Assisted Consumer,JDA,Tax Associate,PL4,Phone,Re-Hire,60-90 days,26-Apr,6,7,5,7,84.56,103.32,0,0,2662.666664,156,0,0
TTL Assisted Consumer,JDA,Tax Associate,PL4,Phone,New Hire,90-120 days,26-Apr,9,14,12,14,348.42,428.2,0,0,12616.71666,765,0,0
TTL Assisted Consumer,JDA,Tax Associate,PL4,Phone,Re-Hire,60-90 days,26-Mar,32,45,39,44,1287.92,1562.66,0,0,49406.83334,2917,0,0
TTL Assisted Consumer,JDA,Tax Associate,PL4,Phone,Re-Hire,30-60 days,Before Season,18,21,18,19,502.66,594.74,0,0,18708.06666,1179,0,0
TTL Assisted Consumer,JDA,Tax Associate,PL4,Chat,Re-Hire,60-90 days,26-Apr,1,3,2,3,0,0,0,0,346.55,16,0,0
TTL Assisted Consumer,JDA,Tax Associate,PL4,Chat,Re-Hire,120+ days,26-Apr,-1,2,1,2,0,0,0,0,754.850002,44,0,0
TTL Assisted Consumer,JDA,Tax Associate,PL4,Chat,Re-Hire,30-60 days,26-Apr,0,0,0,0,0,0,0,0,428.766666,26,0,0
TTL Assisted Consumer,JDA,Tax Associate,PL4,Phone,New Hire,30-60 days,26-Apr,3,5,4,5,80.08,99.69,0,0,3393.83334,137,0,0
TTL Assisted Consumer,JDA,Tax Associate,PL4,Chat,New Hire,30-60 days,26-Apr,0,1,0,1,0,0,0,0,509.333334,20,0,0
TTL Assisted Consumer,JDA,Tax Associate,PL4,Chat,New Hire,90-120 days,26-Apr,2,2,2,2,0,0,0,0,2036.216669,60,0,0
TTL Assisted Consumer,JDA,Tax Associate,PL4,Phone,New Hire,30-60 days,26-Feb,1,1,1,1,3.67,4.11,0,0,25.333333,1,0,0
TTL Assisted Consumer,JDA,Tax Associate,PL4,Chat,Re-Hire,< 30 days,26-Mar,0,0,0,0,0,0,0,0,128.25,5,0,0
TTL Assisted Consumer,JDA,Tax Associate,PL4,Phone,Re-Hire,30-60 days,26-Jan,25,31,29,30,408.87,482.33,0,0,14973.8,904,0,0
TTL Assisted Consumer,JDA,Tax Associate,PL4,Chat,New Hire,60-90 days,26-Mar,0,0,0,0,0,0,0,0,950.083334,53,0,0
TTL Assisted Consumer,JDA,Tax Associate,PL4,Phone,Re-Hire,30-60 days,26-Apr,3,5,3,4,92.92,111.88,0,0,4077.933333,184,0,0
TTL Assisted Consumer,JDA,Tax Associate,PL4,Chat,Re-Hire,120+ days,After Season,0,0,0,0,0,0,0,0,59.516667,4,0,0
TTL Assisted Consumer,JDA,Tax Associate,PL4,Phone,Re-Hire,< 30 days,Before Season,146,173,157,169,84.58,102.26,0,0,81801.68334,2699,0,0
TTL Assisted Consumer,JDA,Tax Associate,PL4,Phone,Re-Hire,90-120 days,26-Mar,74,108,89,101,1529.95,1854.47,0,0,67865.03332,3563,0,0
TTL Assisted Consumer,JDA,Tax Associate,PL4,Chat,New Hire,60-90 days,26-Apr,4,15,7,14,0,0,0,0,4861.666662,156,0,0
TTL Assisted Consumer,JDA,Tax Associate,PL4,Chat,Re-Hire,30-60 days,26-Feb,6,6,6,6,0,0,0,0,3352.750004,121,0,0
TTL Assisted Consumer,JDA,Tax Associate,PL4,Phone,New Hire,< 30 days,26-Mar,2,2,2,2,2.46,2.84,0,0,57.683334,4,0,0
TTL Assisted Consumer,JDA,Tax Associate,PL4,Phone,New Hire,60-90 days,26-Apr,18,31,20,26,535.47,670.73,0,0,20447.64999,1079,0,0
TTL Assisted Consumer,JDA,Tax Associate,PL4,Phone,Re-Hire,30-60 days,26-Mar,1,1,1,1,79.77,94.35,0,0,3259.716667,180,0,0
TTL Assisted Consumer,JDA,Tax Associate,PL4,Chat,Re-Hire,< 30 days,26-Jan,2,4,2,4,0,0,0,0,1080.016667,43,0,0
TTL Assisted Consumer,JDA,Tax Associate,PL4,Chat,Re-Hire,30-60 days,Before Season,29,38,34,38,0,0,0,0,11872.26667,578,0,0
TTL Assisted Consumer,JDA,Tax Associate,PL4,Chat,Re-Hire,90-120 days,26-Apr,19,25,21,23,0,0,0,0,8497.266662,346,0,0
TTL Assisted Consumer,JDA,Tax Associate,PL4,Chat,Re-Hire,30-60 days,26-Jan,6,9,7,8,0,0,0,0,2939.799997,146,0,0
TTL Assisted Consumer,JDA,Tax Associate,PL4,Phone,New Hire,60-90 days,26-Mar,35,45,37,43,684.77,837.82,0,0,27543.93333,1504,0,0
TTL Assisted Consumer,JDA,Tax Associate,PL4,Phone,Re-Hire,< 30 days,26-Feb,0,0,0,0,9.26,10.6,0,0,386.499999,17,0,0
TTL Assisted Consumer,JDA,Tax Associate,PL4,Phone,Re-Hire,< 30 days,26-Mar,0,0,0,0,22.91,27.72,0,0,1242.116666,52,0,0
TTL Assisted Consumer,JDA,Tax Associate,PL4,Phone,Re-Hire,120+ days,After Season,0,0,0,0,48.97,63.11,0,0,42.283333,4,0,0
TTL Assisted Consumer,JDA,Tax Associate,PL4,Phone,New Hire,60-90 days,After Season,0,0,0,0,8.13,10.8,0,0,0,0,0,0
TTL Assisted Consumer,JDA,Tax Associate,PL4,Chat,Re-Hire,60-90 days,26-Feb,9,13,9,13,0,0,0,0,2933.349997,129,0,0
TTL Assisted Consumer,JDA,Tax Associate,PL4,Phone,New Hire,90-120 days,After Season,0,0,0,0,23.35,29.13,0,0,0,0,0,0
TTL Assisted Consumer,JDA,Tax Associate,PL4,Chat,New Hire,30-60 days,26-Mar,1,5,3,5,0,0,0,0,838.833333,44,0,0
TTL Assisted Consumer,JDA,Tax Associate,PL4,Chat,Re-Hire,120+ days,Before Season,3,3,3,3,0,0,0,0,2056.883333,71,0,0
TTL Assisted Consumer,JDA,Tax Associate,PL4,Chat,Re-Hire,30-60 days,26-Mar,2,2,2,2,0,0,0,0,260.1,9,0,0
TTL Assisted Consumer,JDA,Tax Associate,PL4,Chat,New Hire,120+ days,Before Season,1,2,1,1,0,0,0,0,2064.083328,89,0,0
TTL Assisted Consumer,JDA,Tax Associate,PL4,Chat,Re-Hire,< 30 days,Before Season,18,20,17,19,0,0,0,0,15289.68334,569,0,0
TTL Assisted Consumer,JDA,Tax Associate,PL4,Phone,Re-Hire,120+ days,26-Apr,5,5,3,3,491.14,600.17,0,0,21396.41665,1106,0,0
TTL Assisted Consumer,JDA,Tax Associate,PL4,Phone,Re-Hire,30-60 days,26-Feb,29,37,34,37,979.93,1187.59,0,0,41076.66668,2326,0,0
TTL Assisted Consumer,JDA,Tax Associate,PL4,Chat,Re-Hire,90-120 days,26-Mar,6,14,10,14,0,0,0,0,4161.533332,137,0,0
TTL Assisted Consumer,JDA,Tax Associate,PL4,Chat,Re-Hire,60-90 days,26-Mar,7,7,7,7,0,0,0,0,3896.083336,153,0,0
TTL Assisted Consumer,JDA,Tax Associate,PL4,Phone,Re-Hire,90-120 days,26-Apr,71,87,76,80,1431.33,1742.62,0,0,55406.19999,2859,0,0
TTL Assisted Consumer,JDA,Tax Associate,PL4,Phone,Re-Hire,30-60 days,After Season,0,0,0,0,2.84,3.48,0,0,0,0,0,0
TTL Assisted Consumer,JDA,Tax Associate,PL4,Phone,Re-Hire,60-90 days,After Season,0,0,0,0,4.9,5.76,0,0,0,0,0,0
TTL Assisted Consumer,JDA,Tax Associate,PL4,Phone,Re-Hire,90-120 days,After Season,0,0,0,0,19.05,23.36,0,0,0,0,0,0
TTL Assisted Consumer,JDA,Tax Associate,PL4,Phone,Re-Hire,120+ days,Before Season,56,69,56,65,0,0,0,0,23054.63334,949,0,0
TTL Assisted Consumer,JDA,Tax Associate,PL4,Phone,New Hire,120+ days,Before Season,79,105,87,98,0,0,0,0,25722.13334,1486,0,0
TTL Assisted Consumer,JDA,Tax Expert,PL4,Chat,Re-Hire,< 30 days,26-Jan,1,1,1,1,0,0,0,0,215.466666,9,0,0
TTL Assisted Consumer,JDA,Tax Expert,PL4,Phone,New Hire,60-90 days,26-Mar,36,44,39,43,716.71,856.83,0,0,28256.53332,1679,0,0
TTL Assisted Consumer,JDA,Tax Expert,PL4,Phone,New Hire,90-120 days,26-Apr,14,18,16,18,362.81,440.69,0,0,13017.31667,765,0,0
TTL Assisted Consumer,JDA,Tax Expert,PL4,Phone,Re-Hire,30-60 days,26-Mar,0,0,0,0,51.91,62.17,0,0,2004.633333,108,0,0
TTL Assisted Consumer,JDA,Tax Expert,PL4,Chat,New Hire,30-60 days,26-Mar,0,0,0,0,0,0,0,0,201.483332,7,0,0
TTL Assisted Consumer,JDA,Tax Expert,PL4,Phone,Re-Hire,60-90 days,26-Feb,12,14,9,13,305.03,384.44,0,0,11852.23333,708,0,0
TTL Assisted Consumer,JDA,Tax Expert,PL4,Chat,Re-Hire,30-60 days,Before Season,6,6,6,6,0,0,0,0,8827.633333,152,0,0
TTL Assisted Consumer,JDA,Tax Expert,PL4,Chat,Re-Hire,30-60 days,26-Mar,1,1,0,1,0,0,0,0,52.266666,6,0,0
TTL Assisted Consumer,JDA,Tax Expert,PL4,Chat,Re-Hire,60-90 days,26-Apr,1,1,1,1,0,0,0,0,86.650001,6,0,0
TTL Assisted Consumer,JDA,Tax Expert,PL4,Chat,Re-Hire,30-60 days,26-Feb,0,0,0,0,0,0,0,0,1340.216669,38,0,0
TTL Assisted Consumer,JDA,Tax Expert,PL4,Phone,Re-Hire,60-90 days,26-Apr,0,0,0,0,40.03,48.76,0,0,1293.899998,77,0,0
TTL Assisted Consumer,JDA,Tax Expert,PL4,Chat,New Hire,60-90 days,26-Mar,3,7,4,7,0,0,0,0,1807.033335,76,0,0
TTL Assisted Consumer,JDA,Tax Expert,PL4,Chat,Re-Hire,120+ days,26-Apr,1,1,1,1,0,0,0,0,360.350001,21,0,0
TTL Assisted Consumer,JDA,Tax Expert,PL4,Phone,New Hire,60-90 days,26-Apr,13,22,18,22,221.07,267.87,0,0,10917.23334,414,0,0
TTL Assisted Consumer,JDA,Tax Expert,PL4,Phone,Re-Hire,< 30 days,26-Jan,0,2,1,2,76.54,92.51,0,0,2393.549998,160,0,0
TTL Assisted Consumer,JDA,Tax Expert,PL4,Chat,New Hire,90-120 days,26-Apr,4,4,4,4,0,0,0,0,1198.033335,51,0,0
TTL Assisted Consumer,JDA,Tax Expert,PL4,Chat,Re-Hire,< 30 days,26-Feb,0,0,0,0,0,0,0,0,66.116667,4,0,0
TTL Assisted Consumer,JDA,Tax Expert,PL4,Phone,Re-Hire,60-90 days,26-Mar,9,17,15,17,359.59,444.18,0,0,12186.45,836,0,0
TTL Assisted Consumer,JDA,Tax Expert,PL4,Phone,New Hire,30-60 days,26-Mar,6,6,6,6,73.07,86.46,0,0,3207.666666,145,0,0
TTL Assisted Consumer,JDA,Tax Expert,PL4,Chat,Re-Hire,30-60 days,26-Jan,2,2,2,2,0,0,0,0,982.000001,46,0,0
TTL Assisted Consumer,JDA,Tax Expert,PL4,Chat,New Hire,30-60 days,26-Feb,0,0,0,0,0,0,0,0,139.250001,10,0,0
TTL Assisted Consumer,JDA,Tax Expert,PL4,Chat,Re-Hire,60-90 days,26-Feb,1,1,1,1,0,0,0,0,932.450001,31,0,0
TTL Assisted Consumer,JDA,Tax Expert,PL4,Phone,Re-Hire,90-120 days,26-Mar,10,18,16,17,543.91,676.89,0,0,22449.83333,1273,0,0
TTL Assisted Consumer,JDA,Tax Expert,PL4,Phone,Re-Hire,< 30 days,Before Season,54,65,59,64,30.04,35.96,0,0,36079.86667,1217,0,0
TTL Assisted Consumer,JDA,Tax Expert,PL4,Phone,Re-Hire,120+ days,26-Apr,2,2,2,2,203.6,252.31,0,0,7913.483327,485,0,0
TTL Assisted Consumer,JDA,Tax Expert,PL4,Phone,Re-Hire,< 30 days,26-Feb,1,1,1,1,49.67,61.28,0,0,1712.816667,112,0,0
TTL Assisted Consumer,JDA,Tax Expert,PL4,Phone,Re-Hire,30-60 days,26-Feb,4,8,6,8,381.52,466.87,0,0,13557.81666,873,0,0
TTL Assisted Consumer,JDA,Tax Expert,PL4,Phone,New Hire,30-60 days,26-Feb,0,0,0,0,8.29,9.49,0,0,327.483334,19,0,0
TTL Assisted Consumer,JDA,Tax Expert,PL4,Phone,Re-Hire,90-120 days,After Season,0,0,0,0,4.36,5.1,0,0,0,0,0,0
TTL Assisted Consumer,JDA,Tax Expert,PL4,Phone,Re-Hire,30-60 days,26-Jan,2,4,3,4,109.89,136.85,0,0,3611.250001,233,0,0
TTL Assisted Consumer,JDA,Tax Expert,PL4,Phone,New Hire,90-120 days,After Season,0,0,0,0,9.58,11.5,0,0,0,0,0,0
TTL Assisted Consumer,JDA,Tax Expert,PL4,Phone,Re-Hire,30-60 days,Before Season,2,3,3,3,157,191.65,0,0,5196.499993,347,0,0
TTL Assisted Consumer,JDA,Tax Expert,PL4,Phone,Re-Hire,120+ days,After Season,0,0,0,0,33.47,43.72,0,0,0,0,0,0
TTL Assisted Consumer,JDA,Tax Expert,PL4,Chat,Re-Hire,90-120 days,26-Apr,8,8,7,8,0,0,0,0,2646.666669,120,0,0
TTL Assisted Consumer,JDA,Tax Expert,PL4,Chat,Re-Hire,90-120 days,26-Mar,4,6,4,6,0,0,0,0,3069.300002,55,0,0
TTL Assisted Consumer,JDA,Tax Expert,PL4,Chat,New Hire,60-90 days,26-Apr,7,7,7,7,0,0,0,0,1556.050001,64,0,0
TTL Assisted Consumer,JDA,Tax Expert,PL4,Phone,Re-Hire,90-120 days,26-Apr,19,24,23,24,451.87,556.3,0,0,17161.66666,897,0,0
TTL Assisted Consumer,JDA,Tax Expert,PL4,Chat,Re-Hire,60-90 days,26-Mar,-1,1,0,1,0,0,0,0,496.166667,27,0,0
TTL Assisted Consumer,JDA,Tax Expert,PL4,Chat,Re-Hire,< 30 days,Before Season,7,10,9,10,0,0,0,0,4588.299996,196,0,0
TTL Assisted Consumer,JDA,Tax Associate,TTLA,Phone,Re-Hire,90-120 days,26-Apr,29,42,35,40,362.39,465.27,0,0,14312.21667,638,0,0
TTL Assisted Consumer,JDA,Tax Associate,TTLA,Phone,New Hire,60-90 days,26-Apr,86,153,120,146,1459.97,1841.93,0,0,59462.68332,2697,0,0
TTL Assisted Consumer,JDA,Tax Associate,TTLA,Phone,Re-Hire,120+ days,26-Apr,42,58,47,55,619.1,763.56,0,0,22070.46667,1083,0,0
TTL Assisted Consumer,JDA,Tax Associate,TTLA,Chat,New Hire,120+ days,26-Apr,8,38,26,35,0,0,0,0,13810.51666,644,0,0
TTL Assisted Consumer,JDA,Tax Associate,TTLA,Chat,New Hire,90-120 days,26-Mar,19,37,25,33,0,0,0,0,11725.73333,512,0,0
TTL Assisted Consumer,JDA,Tax Associate,TTLA,Phone,Re-Hire,60-90 days,26-Apr,6,8,5,7,89.66,132.97,0,0,3070.150002,174,0,0
TTL Assisted Consumer,JDA,Tax Associate,TTLA,Chat,New Hire,< 30 days,26-Apr,1,11,6,9,0,0,0,0,10776.21666,373,0,0
TTL Assisted Consumer,JDA,Tax Associate,TTLA,Chat,New Hire,120+ days,26-Mar,19,33,23,32,0,0,0,0,8277.166671,400,0,0
TTL Assisted Consumer,JDA,Tax Associate,TTLA,Chat,New Hire,90-120 days,26-Apr,35,90,64,83,0,0,0,0,69312.61668,2685,0,0
TTL Assisted Consumer,JDA,Tax Associate,TTLA,Chat,Re-Hire,120+ days,26-Apr,11,22,16,20,0,0,0,0,15608.08334,764,0,0
TTL Assisted Consumer,JDA,Tax Associate,TTLA,Phone,New Hire,60-90 days,26-Mar,7,13,11,13,44.92,55.73,0,0,1996.583331,86,0,0
TTL Assisted Consumer,JDA,Tax Associate,TTLA,Chat,Re-Hire,90-120 days,26-Apr,4,12,9,11,0,0,0,0,11333.88333,370,0,0
TTL Assisted Consumer,JDA,Tax Associate,TTLA,Phone,New Hire,30-60 days,26-Mar,53,86,70,85,522.72,633.67,0,0,22928.56666,1008,0,0
TTL Assisted Consumer,JDA,Tax Associate,TTLA,Phone,New Hire,90-120 days,26-Mar,68,76,71,75,379.94,467.37,0,0,17116.43334,731,0,0
TTL Assisted Consumer,JDA,Tax Associate,TTLA,Phone,Re-Hire,< 30 days,26-Apr,1,3,2,3,46.59,61.38,0,0,1506.483337,95,0,0
TTL Assisted Consumer,JDA,Tax Associate,TTLA,Phone,New Hire,90-120 days,26-Apr,105,144,121,138,1992.19,2564.17,0,0,78369.21666,4149,0,0
TTL Assisted Consumer,JDA,Tax Associate,TTLA,Phone,New Hire,120+ days,26-Mar,90,120,103,115,574.33,703.16,0,0,24945.26665,1091,0,0
TTL Assisted Consumer,JDA,Tax Associate,TTLA,Phone,Re-Hire,30-60 days,26-Apr,6,9,8,9,146.39,178.64,0,0,6044.716662,243,0,0
TTL Assisted Consumer,JDA,Tax Associate,TTLA,Phone,New Hire,30-60 days,26-Apr,38,55,42,53,593.61,773.1,0,0,25689.4,1127,0,0
TTL Assisted Consumer,JDA,Tax Associate,TTLA,Chat,New Hire,30-60 days,26-Mar,19,32,23,30,0,0,0,0,12785.86667,612,0,0
TTL Assisted Consumer,JDA,Tax Associate,TTLA,Chat,Re-Hire,30-60 days,26-Apr,-2,2,0,2,0,0,0,0,2516.050005,131,0,0
TTL Assisted Consumer,JDA,Tax Associate,TTLA,Chat,New Hire,30-60 days,26-Apr,12,31,21,32,0,0,0,0,23283.36667,838,0,0
TTL Assisted Consumer,JDA,Tax Associate,TTLA,Phone,Re-Hire,30-60 days,Before Season,0,0,0,0,4.52,5.2,0,0,92.25,7,0,0
TTL Assisted Consumer,JDA,Tax Associate,TTLA,Chat,New Hire,60-90 days,26-Mar,-1,1,0,1,0,0,0,0,276.883332,24,0,0
TTL Assisted Consumer,JDA,Tax Associate,TTLA,Phone,Re-Hire,90-120 days,After Season,0,0,0,0,43.24,57.67,0,0,0,0,0,0
TTL Assisted Consumer,JDA,Tax Associate,TTLA,Chat,New Hire,60-90 days,26-Apr,36,76,58,71,0,0,0,0,41116.71666,1675,0,0
TTL Assisted Consumer,JDA,Tax Associate,TTLA,Phone,Re-Hire,30-60 days,After Season,0,0,0,0,19.9,25.61,0,0,0,0,0,0
TTL Assisted Consumer,JDA,Tax Associate,TTLA,Chat,Re-Hire,60-90 days,26-Apr,0,4,3,5,0,0,0,0,2127.633332,110,0,0
TTL Assisted Consumer,JDA,Tax Associate,TTLA,Phone,Re-Hire,< 30 days,After Season,0,0,0,0,2.41,3.4,0,0,0,0,0,0
TTL Assisted Consumer,JDA,Tax Associate,TTLA,Chat,Re-Hire,< 30 days,26-Apr,2,2,1,2,0,0,0,0,971.333334,48,0,0
TTL Assisted Consumer,JDA,Tax Associate,TTLA,Chat,Re-Hire,< 30 days,Before Season,14,21,17,20,0,0,0,0,18059.61667,652,0,0
TTL Assisted Consumer,JDA,Tax Associate,TTLA,Phone,New Hire,120+ days,26-Apr,79,95,82,91,703.94,865.7,0,0,32224.81666,1210,0,0
TTL Assisted Consumer,JDA,Tax Associate,TTLA,Phone,Re-Hire,< 30 days,Before Season,47,63,53,62,0,0,0,0,33145.81667,1191,0,0
TTL Assisted Consumer,JDA,Tax Associate,TTLA,Chat,Re-Hire,30-60 days,Before Season,0,0,0,0,0,0,0,0,8.05,1,0,0
TTL Assisted Consumer,JDA,Tax Associate,TTLA,Phone,New Hire,< 30 days,26-Apr,9,35,23,35,270.85,390.78,0,0,13013.55,534,0,0
TTL Assisted Consumer,JDA,Tax Associate,TTLA,Phone,New Hire,90-120 days,After Season,0,0,0,0,170.84,218.73,0,0,21.816667,1,0,0
TTL Assisted Consumer,JDA,Tax Associate,TTLA,Phone,Re-Hire,60-90 days,After Season,0,0,0,0,12.73,18.62,0,0,0,0,0,0
TTL Assisted Consumer,JDA,Tax Associate,TTLA,Phone,New Hire,120+ days,After Season,0,0,0,0,21.61,27.01,0,0,0,0,0,0
TTL Assisted Consumer,JDA,Tax Associate,TTLA,Phone,Re-Hire,120+ days,After Season,0,0,0,0,50.18,63.94,0,0,0,0,0,0
TTL Assisted Consumer,JDA,Tax Associate,TTLA,Phone,New Hire,< 30 days,After Season,0,0,0,0,34.42,49.87,0,0,0,0,0,0
TTL Assisted Consumer,JDA,Tax Associate,TTLA,Phone,New Hire,30-60 days,After Season,0,0,0,0,36.26,50.68,0,0,0,0,0,0
TTL Assisted Consumer,JDA,Tax Associate,TTLA,Phone,New Hire,60-90 days,After Season,0,0,0,0,129.44,173.95,0,0,0,0,0,0
TTL Assisted Consumer,JDA,Tax Expert,TTLA,Phone,Re-Hire,120+ days,26-Apr,16,22,16,19,192.81,233.91,0,0,7700.399996,327,0,0
TTL Assisted Consumer,JDA,Tax Expert,TTLA,Chat,New Hire,60-90 days,26-Apr,3,9,5,7,0,0,0,0,5044.08334,257,0,0
TTL Assisted Consumer,JDA,Tax Expert,TTLA,Chat,New Hire,90-120 days,26-Mar,5,15,9,13,0,0,0,0,3194.516665,146,0,0
TTL Assisted Consumer,JDA,Tax Expert,TTLA,Chat,Re-Hire,30-60 days,26-Apr,0,0,0,0,0,0,0,0,730.55,46,0,0
TTL Assisted Consumer,JDA,Tax Expert,TTLA,Chat,New Hire,90-120 days,26-Apr,11,21,16,19,0,0,0,0,12634.83333,543,0,0
TTL Assisted Consumer,JDA,Tax Expert,TTLA,Chat,New Hire,120+ days,26-Apr,5,9,6,8,0,0,0,0,4347.383337,148,0,0
TTL Assisted Consumer,JDA,Tax Expert,TTLA,Phone,New Hire,90-120 days,26-Mar,27,36,34,36,119.61,152.95,0,0,4776.883337,231,0,0
TTL Assisted Consumer,JDA,Tax Expert,TTLA,Phone,New Hire,90-120 days,26-Apr,26,40,34,39,422.15,553.54,0,0,13981.83335,855,0,0
TTL Assisted Consumer,JDA,Tax Expert,TTLA,Chat,Re-Hire,90-120 days,26-Apr,9,11,9,10,0,0,0,0,6241.100001,256,0,0
TTL Assisted Consumer,JDA,Tax Expert,TTLA,Chat,Re-Hire,120+ days,26-Apr,5,5,5,5,0,0,0,0,5925.183331,192,0,0
TTL Assisted Consumer,JDA,Tax Expert,TTLA,Phone,Re-Hire,60-90 days,26-Apr,-4,4,0,4,73.18,122.13,0,0,2231.233331,156,0,0
TTL Assisted Consumer,JDA,Tax Expert,TTLA,Phone,New Hire,120+ days,26-Apr,24,29,26,28,164.27,218.06,0,0,5717.516667,331,0,0
TTL Assisted Consumer,JDA,Tax Expert,TTLA,Chat,Re-Hire,60-90 days,26-Apr,0,2,2,2,0,0,0,0,1982.966663,104,0,0
TTL Assisted Consumer,JDA,Tax Expert,TTLA,Chat,Re-Hire,120+ days,26-Mar,0,0,0,0,0,0,0,0,155.833334,3,0,0
TTL Assisted Consumer,JDA,Tax Expert,TTLA,Phone,Re-Hire,30-60 days,26-Apr,1,1,0,0,28.01,46.2,0,0,684.449997,61,0,0
TTL Assisted Consumer,JDA,Tax Expert,TTLA,Phone,New Hire,30-60 days,26-Apr,5,8,6,8,118.77,149.17,0,0,8049.366664,216,0,0
TTL Assisted Consumer,JDA,Tax Expert,TTLA,Chat,New Hire,120+ days,26-Mar,4,7,4,5,0,0,0,0,1492.25,67,0,0
TTL Assisted Consumer,JDA,Tax Expert,TTLA,Phone,Re-Hire,120+ days,26-Mar,1,1,1,1,9.9,11.91,0,0,416.283333,19,0,0
TTL Assisted Consumer,JDA,Tax Expert,TTLA,Phone,Re-Hire,90-120 days,26-Mar,9,14,12,13,100.44,113.03,0,0,3767.949994,169,0,0
TTL Assisted Consumer,JDA,Tax Expert,TTLA,Chat,New Hire,30-60 days,26-Apr,0,10,6,9,0,0,0,0,4479.399998,170,0,0
TTL Assisted Consumer,JDA,Tax Expert,TTLA,Chat,Re-Hire,90-120 days,26-Mar,0,0,0,0,0,0,0,0,3085.366668,49,0,0
TTL Assisted Consumer,JDA,Tax Expert,TTLA,Chat,New Hire,< 30 days,26-Apr,3,3,3,3,0,0,0,0,4677.716669,132,0,0
TTL Assisted Consumer,JDA,Tax Expert,TTLA,Phone,New Hire,60-90 days,26-Apr,9,18,12,16,229.12,295.57,0,0,8184.466665,397,0,0
TTL Assisted Consumer,JDA,Tax Expert,TTLA,Phone,New Hire,120+ days,26-Mar,19,19,19,19,92.19,112.28,0,0,4118.76667,176,0,0
TTL Assisted Consumer,JDA,Tax Expert,TTLA,Phone,Re-Hire,90-120 days,26-Apr,13,13,12,12,181.3,225.98,0,0,6174.43333,318,0,0
TTL Assisted Consumer,JDA,Tax Expert,TTLA,Phone,New Hire,< 30 days,26-Apr,6,13,10,13,119.7,166.25,0,0,4605.816665,222,0,0
TTL Assisted Consumer,JDA,Tax Expert,TTLA,Phone,New Hire,30-60 days,After Season,0,0,0,0,4.15,4.83,0,0,0,0,0,0
TTL Assisted Consumer,JDA,Tax Expert,TTLA,Phone,New Hire,60-90 days,After Season,0,0,0,0,21.74,28.43,0,0,0,0,0,0
TTL Assisted Consumer,JDA,Tax Expert,TTLA,Phone,New Hire,< 30 days,After Season,0,0,0,0,18.17,24.38,0,0,0,0,0,0
TTL Assisted Consumer,JDA,Tax Expert,TTLA,Phone,Re-Hire,90-120 days,After Season,0,0,0,0,10.98,13.62,0,0,0,0,0,0
TTL Assisted Consumer,JDA,Tax Expert,TTLA,Chat,Re-Hire,< 30 days,Before Season,1,2,2,2,0,0,0,0,5802.283328,195,0,0
TTL Assisted Consumer,JDA,Tax Expert,TTLA,Phone,Re-Hire,60-90 days,After Season,0,0,0,0,7.53,13.53,0,0,0,0,0,0
TTL Assisted Consumer,JDA,Tax Expert,TTLA,Phone,Re-Hire,120+ days,After Season,0,0,0,0,13.55,16.48,0,0,0,0,0,0
TTL Assisted Consumer,JDA,Tax Expert,TTLA,Phone,New Hire,90-120 days,After Season,0,0,0,0,43.9,58.61,0,0,0,0,0,0
TTL Assisted Consumer,JDA,Tax Expert,TTLA,Phone,New Hire,120+ days,After Season,0,0,0,0,7.04,10.78,0,0,0,0,0,0
TTL Assisted Consumer,JDA,Tax Expert,TTLA,Phone,Re-Hire,< 30 days,Before Season,22,30,25,30,0,0,0,0,9191.433326,361,0,0
TTL Assisted Consumer,JDA,Tax Associate,UNKNOWN,Phone,New Hire,60-90 days,26-Mar,0,0,0,0,2.7,3.22,0,0,0,0,0,0
TTL Assisted Consumer,JDA,Tax Associate,UNKNOWN,Phone,New Hire,30-60 days,26-Mar,0,0,0,0,123.22,170.6,0,0,0,0,0,0
TTL Assisted Consumer,JDA,Tax Associate,UNKNOWN,Phone,Re-Hire,< 30 days,26-Apr,0,0,0,0,0.77,0.95,0,0,0,0,0,0
TTL Assisted Consumer,JDA,Tax Associate,UNKNOWN,Phone,New Hire,< 30 days,26-Mar,0,0,0,0,26.28,29.91,0,0,0,0,0,0
TTL Assisted Consumer,JDA,Tax Associate,UNKNOWN,Phone,New Hire,< 30 days,26-Feb,0,0,0,0,80.32,111.34,0,0,0,0,0,0
TTL Assisted Consumer,JDA,Tax Associate,UNKNOWN,Phone,New Hire,60-90 days,26-Apr,0,0,0,0,22.09,28.33,0,0,0,0,0,0
TTL Assisted Consumer,MAGNIT,Tax Expert,OTHER,Phone,New Hire,< 30 days,26-Feb,-1,1,0,1,4.11,8,0,0,25.866667,6,0,0
TTL Assisted Consumer,MAGNIT,Tax Associate,PL1,Chat,Re-Hire,30-60 days,26-Mar,4,9,7,9,0,0,0,0,1884.683336,82,0,0
TTL Assisted Consumer,MAGNIT,Tax Associate,PL1,Chat,New Hire,60-90 days,26-Mar,30,71,48,67,0,0,0,0,53239.13334,1348,0,0
TTL Assisted Consumer,MAGNIT,Tax Associate,PL1,Phone,New Hire,< 30 days,Before Season,2,2,2,2,29.61,36.14,0,0,6652.73333,78,0,0
TTL Assisted Consumer,MAGNIT,Tax Associate,PL1,Phone,New Hire,< 30 days,26-Mar,54,91,73,89,731.82,957.79,0,0,54103,1519,0,0
TTL Assisted Consumer,MAGNIT,Tax Associate,PL1,Phone,New Hire,60-90 days,26-Apr,66,88,74,80,726.78,917.63,0,0,32380.23333,1461,0,0
TTL Assisted Consumer,MAGNIT,Tax Associate,PL1,Chat,New Hire,< 30 days,Before Season,6,11,8,10,0,0,0,0,11405.41667,302,0,0
TTL Assisted Consumer,MAGNIT,Tax Associate,PL1,Phone,New Hire,60-90 days,26-Mar,132,174,147,164,1179.07,1494.59,0,0,69807.96663,2452,0,0
TTL Assisted Consumer,MAGNIT,Tax Associate,PL1,Phone,New Hire,30-60 days,26-Mar,444,647,524,620,4314.32,5395.69,0,0,269027.6333,8773,0,0
TTL Assisted Consumer,MAGNIT,Tax Associate,PL1,Phone,Re-Hire,< 30 days,26-Feb,1,5,3,4,53.1,67.91,0,0,3098.100003,114,0,0
TTL Assisted Consumer,MAGNIT,Tax Associate,PL1,Phone,New Hire,< 30 days,26-Jan,138,174,146,167,1249.99,1557.53,0,0,64924.10001,2314,0,0
TTL Assisted Consumer,MAGNIT,Tax Associate,PL1,Chat,New Hire,30-60 days,26-Mar,158,344,253,319,0,0,0,0,209485.0333,5416,0,0
TTL Assisted Consumer,MAGNIT,Tax Associate,PL1,Chat,Re-Hire,< 30 days,26-Feb,2,3,3,3,0,0,0,0,831.466664,57,0,0
TTL Assisted Consumer,MAGNIT,Tax Associate,PL1,Phone,New Hire,30-60 days,26-Feb,536,744,619,706,4537.23,5578.55,0,0,229735.4333,8686,0,0
TTL Assisted Consumer,MAGNIT,Tax Associate,PL1,Chat,New Hire,< 30 days,26-Jan,66,113,86,108,0,0,0,0,67390.36667,1326,0,0
TTL Assisted Consumer,MAGNIT,Tax Associate,PL1,Phone,Re-Hire,30-60 days,26-Apr,0,0,0,0,0.82,1.04,0,0,61.216668,5,0,0
TTL Assisted Consumer,MAGNIT,Tax Associate,PL1,Chat,New Hire,30-60 days,26-Feb,189,293,232,278,0,0,0,0,148263.3667,4202,0,0
TTL Assisted Consumer,MAGNIT,Tax Associate,PL1,Chat,New Hire,< 30 days,26-Mar,13,60,35,57,0,0,0,0,58180.33334,1153,0,0
TTL Assisted Consumer,MAGNIT,Tax Associate,PL1,Phone,New Hire,< 30 days,26-Feb,421,622,497,587,4262.07,5308.28,0,0,216552.1667,7946,0,0
TTL Assisted Consumer,MAGNIT,Tax Associate,PL1,Phone,Re-Hire,30-60 days,26-Mar,10,10,9,9,75.02,97.37,0,0,3016.699997,167,0,0
TTL Assisted Consumer,MAGNIT,Tax Associate,PL1,Chat,New Hire,30-60 days,26-Apr,11,15,14,14,0,0,0,0,9323.066662,213,0,0
TTL Assisted Consumer,MAGNIT,Tax Associate,PL1,Phone,New Hire,90-120 days,26-Apr,6,10,7,7,135.39,168.07,0,0,5359.599999,293,0,0
TTL Assisted Consumer,MAGNIT,Tax Associate,PL1,Chat,New Hire,< 30 days,26-Apr,9,28,20,26,0,0,0,0,19155.56667,572,0,0
TTL Assisted Consumer,MAGNIT,Tax Associate,PL1,Phone,New Hire,90-120 days,After Season,0,0,0,0,9.52,11.92,0,0,0,0,0,0
TTL Assisted Consumer,MAGNIT,Tax Associate,PL1,Chat,New Hire,90-120 days,26-Apr,4,4,4,4,0,0,0,0,2694.900002,102,0,0
TTL Assisted Consumer,MAGNIT,Tax Associate,PL1,Phone,New Hire,< 30 days,After Season,0,0,0,0,15.05,18.83,0,0,0,0,0,0
TTL Assisted Consumer,MAGNIT,Tax Associate,PL1,Chat,Re-Hire,< 30 days,26-Mar,0,5,3,5,0,0,0,0,5869.816672,108,0,0
TTL Assisted Consumer,MAGNIT,Tax Associate,PL1,Chat,New Hire,120+ days,Before Season,4,6,5,6,0,0,0,0,4381.916666,194,0,0
TTL Assisted Consumer,MAGNIT,Tax Associate,PL1,Phone,Re-Hire,< 30 days,26-Mar,6,9,7,8,76.82,103.33,0,0,2841.049996,166,0,0
TTL Assisted Consumer,MAGNIT,Tax Associate,PL1,Phone,Re-Hire,< 30 days,Before Season,6,8,6,7,0,0,0,0,4939.566672,196,0,0
TTL Assisted Consumer,MAGNIT,Tax Associate,PL1,Chat,New Hire,< 30 days,26-Feb,100,251,166,234,0,0,0,0,124414.8667,3508,0,0
TTL Assisted Consumer,MAGNIT,Tax Associate,PL1,Chat,Re-Hire,120+ days,Before Season,0,2,1,2,0,0,0,0,194.800001,12,0,0
TTL Assisted Consumer,MAGNIT,Tax Associate,PL1,Phone,New Hire,30-60 days,26-Apr,19,37,30,34,343.44,439.58,0,0,17663.98334,688,0,0
TTL Assisted Consumer,MAGNIT,Tax Associate,PL1,Phone,Re-Hire,120+ days,Before Season,8,12,9,12,0,0,0,0,4306.633337,295,0,0
TTL Assisted Consumer,MAGNIT,Tax Associate,PL1,Phone,New Hire,< 30 days,26-Apr,39,83,59,79,765.88,998.67,0,0,40197.01666,1533,0,0
TTL Assisted Consumer,MAGNIT,Tax Associate,PL1,Chat,New Hire,60-90 days,26-Apr,8,31,21,30,0,0,0,0,18406.43333,533,0,0
TTL Assisted Consumer,MAGNIT,Tax Associate,PL1,Phone,New Hire,60-90 days,After Season,0,0,0,0,18.89,24.91,0,0,0,0,0,0
TTL Assisted Consumer,MAGNIT,Tax Associate,PL1,Chat,Re-Hire,< 30 days,Before Season,4,5,5,5,0,0,0,0,3172.199999,139,0,0
TTL Assisted Consumer,MAGNIT,Tax Associate,PL1,Phone,New Hire,120+ days,Before Season,106,126,111,119,0,0,0,0,51643.28335,2513,0,0
TTL Assisted Consumer,MAGNIT,Tax Expert,PL1,Chat,New Hire,30-60 days,26-Feb,31,53,41,48,0,0,0,0,18161.59999,666,0,0
TTL Assisted Consumer,MAGNIT,Tax Expert,PL1,Phone,New Hire,30-60 days,26-Mar,47,65,53,62,446.4,568.8,0,0,26828.03333,904,0,0
TTL Assisted Consumer,MAGNIT,Tax Expert,PL1,Chat,New Hire,< 30 days,26-Jan,3,7,6,6,0,0,0,0,6111.349998,133,0,0
TTL Assisted Consumer,MAGNIT,Tax Expert,PL1,Phone,New Hire,30-60 days,26-Feb,102,130,115,126,690.17,826.37,0,0,38316.78333,1281,0,0
TTL Assisted Consumer,MAGNIT,Tax Expert,PL1,Chat,Re-Hire,30-60 days,26-Mar,2,2,2,2,0,0,0,0,1409.566667,63,0,0
TTL Assisted Consumer,MAGNIT,Tax Expert,PL1,Chat,New Hire,< 30 days,26-Apr,1,3,2,3,0,0,0,0,444.116668,16,0,0
TTL Assisted Consumer,MAGNIT,Tax Expert,PL1,Chat,New Hire,< 30 days,26-Mar,0,0,0,0,0,0,0,0,1212.233331,33,0,0
TTL Assisted Consumer,MAGNIT,Tax Expert,PL1,Phone,New Hire,< 30 days,Before Season,0,0,0,0,7.26,8.76,0,0,272.533333,19,0,0
TTL Assisted Consumer,MAGNIT,Tax Expert,PL1,Phone,Re-Hire,30-60 days,26-Apr,0,0,0,0,1.5,1.66,0,0,68.15,2,0,0
TTL Assisted Consumer,MAGNIT,Tax Expert,PL1,Phone,Re-Hire,< 30 days,26-Mar,0,0,0,0,0,0,0,0,0,0,0,0
TTL Assisted Consumer,MAGNIT,Tax Expert,PL1,Phone,New Hire,60-90 days,26-Mar,21,39,29,38,222.5,279.65,0,0,15085.96667,459,0,0
TTL Assisted Consumer,MAGNIT,Tax Expert,PL1,Chat,New Hire,< 30 days,26-Feb,7,25,18,24,0,0,0,0,10541.95001,302,0,0
TTL Assisted Consumer,MAGNIT,Tax Expert,PL1,Phone,New Hire,< 30 days,26-Mar,1,1,1,1,29.36,40.19,0,0,1069.666668,63,0,0
TTL Assisted Consumer,MAGNIT,Tax Expert,PL1,Phone,Re-Hire,30-60 days,26-Mar,3,3,3,3,54.96,66.68,0,0,2003.566669,107,0,0
TTL Assisted Consumer,MAGNIT,Tax Expert,PL1,Chat,New Hire,60-90 days,26-Mar,11,12,12,12,0,0,0,0,6594.416667,216,0,0
TTL Assisted Consumer,MAGNIT,Tax Expert,PL1,Chat,Re-Hire,< 30 days,26-Mar,1,1,1,1,0,0,0,0,0,0,0,0
TTL Assisted Consumer,MAGNIT,Tax Expert,PL1,Phone,New Hire,60-90 days,26-Apr,0,0,0,0,28.91,42,0,0,2846.966666,81,0,0
TTL Assisted Consumer,MAGNIT,Tax Expert,PL1,Phone,New Hire,< 30 days,26-Jan,12,16,13,14,148.53,183.83,0,0,11405.38333,300,0,0
TTL Assisted Consumer,MAGNIT,Tax Expert,PL1,Chat,New Hire,< 30 days,Before Season,4,4,4,4,0,0,0,0,966.533334,42,0,0
TTL Assisted Consumer,MAGNIT,Tax Expert,PL1,Chat,New Hire,30-60 days,26-Mar,20,32,25,28,0,0,0,0,24370.91667,517,0,0
TTL Assisted Consumer,MAGNIT,Tax Expert,PL1,Phone,New Hire,< 30 days,26-Feb,64,89,73,83,489.43,638.54,0,0,22475.38333,989,0,0
TTL Assisted Consumer,MAGNIT,Tax Expert,PL1,Phone,New Hire,90-120 days,After Season,0,0,0,0,4.74,6.74,0,0,0,0,0,0
TTL Assisted Consumer,MAGNIT,Tax Expert,PL1,Phone,New Hire,30-60 days,26-Apr,0,0,0,0,5.32,7.03,0,0,170.816667,12,0,0
TTL Assisted Consumer,MAGNIT,Tax Expert,PL1,Chat,Re-Hire,< 30 days,Before Season,1,1,1,1,0,0,0,0,514.266667,20,0,0
TTL Assisted Consumer,MAGNIT,Tax Expert,PL1,Chat,New Hire,60-90 days,26-Apr,0,0,0,0,0,0,0,0,1417.200002,30,0,0
TTL Assisted Consumer,MAGNIT,Tax Expert,PL1,Chat,New Hire,30-60 days,26-Apr,1,1,1,1,0,0,0,0,414.200001,16,0,0
TTL Assisted Consumer,MAGNIT,Tax Expert,PL1,Phone,New Hire,< 30 days,26-Apr,0,0,0,0,8.7,10.66,0,0,273.533334,23,0,0
TTL Assisted Consumer,MAGNIT,Tax Expert,PL1,Phone,New Hire,90-120 days,26-Apr,0,0,0,0,11.97,17.02,0,0,204.516667,32,0,0
TTL Assisted Consumer,MAGNIT,Tax Expert,PL1,Phone,Re-Hire,< 30 days,Before Season,1,2,2,2,0,0,0,0,1618.316664,47,0,0
TTL Assisted Consumer,MAGNIT,Tax Associate,PL2,Chat,New Hire,60-90 days,26-Apr,95,154,121,146,0,0,0,0,79210.35,2713,0,0
TTL Assisted Consumer,MAGNIT,Tax Associate,PL2,Chat,New Hire,< 30 days,Before Season,14,15,14,15,0,0,0,0,6678.550004,208,0,0
TTL Assisted Consumer,MAGNIT,Tax Associate,PL2,Phone,New Hire,30-60 days,26-Feb,616,804,691,763,4461.67,5338.8,0,0,196177.7834,8423,0,0
TTL Assisted Consumer,MAGNIT,Tax Associate,PL2,Chat,New Hire,< 30 days,26-Jan,66,90,77,88,0,0,0,0,42847.93333,1214,0,0
TTL Assisted Consumer,MAGNIT,Tax Associate,PL2,Phone,New Hire,60-90 days,26-Apr,262,333,291,321,2975.54,3678.2,0,0,132024.3667,5554,0,0
TTL Assisted Consumer,MAGNIT,Tax Associate,PL2,Phone,New Hire,< 30 days,26-Jan,147,186,157,174,1308.88,1586.87,0,0,52248.70002,2341,0,0
TTL Assisted Consumer,MAGNIT,Tax Associate,PL2,Phone,New Hire,< 30 days,Before Season,3,3,3,3,19.96,22.18,0,0,1540.966668,48,0,0
TTL Assisted Consumer,MAGNIT,Tax Associate,PL2,Phone,New Hire,< 30 days,26-Mar,86,124,104,118,834.56,1067.68,0,0,67858.05003,1681,0,0
TTL Assisted Consumer,MAGNIT,Tax Associate,PL2,Phone,New Hire,< 30 days,26-Feb,278,378,313,363,2627.26,3168.07,0,0,157648.4666,4745,0,0
TTL Assisted Consumer,MAGNIT,Tax Associate,PL2,Chat,Re-Hire,< 30 days,26-Apr,1,10,7,10,0,0,0,0,4472.499999,178,0,0
TTL Assisted Consumer,MAGNIT,Tax Associate,PL2,Phone,Re-Hire,< 30 days,26-Apr,7,18,11,16,170.57,222.02,0,0,7187.233325,332,0,0
TTL Assisted Consumer,MAGNIT,Tax Associate,PL2,Chat,Re-Hire,60-90 days,26-Apr,1,1,1,1,0,0,0,0,171.899999,13,0,0
TTL Assisted Consumer,MAGNIT,Tax Associate,PL2,Phone,Re-Hire,< 30 days,Before Season,12,12,11,11,0,0,0,0,2632.33333,96,0,0
TTL Assisted Consumer,MAGNIT,Tax Associate,PL2,Chat,Re-Hire,30-60 days,26-Mar,4,6,5,6,0,0,0,0,699.4,33,0,0
TTL Assisted Consumer,MAGNIT,Tax Associate,PL2,Chat,New Hire,120+ days,Before Season,4,6,5,6,0,0,0,0,2289.749994,109,0,0
TTL Assisted Consumer,MAGNIT,Tax Associate,PL2,Phone,New Hire,60-90 days,26-Mar,500,654,579,636,3811.02,4660.17,0,0,187739,7458,0,0
TTL Assisted Consumer,MAGNIT,Tax Associate,PL2,Chat,New Hire,60-90 days,26-Mar,128,240,178,227,0,0,0,0,98095.99998,2990,0,0
TTL Assisted Consumer,MAGNIT,Tax Associate,PL2,Phone,Re-Hire,30-60 days,26-Mar,7,7,7,7,40.45,52.82,0,0,5074.766671,83,0,0
TTL Assisted Consumer,MAGNIT,Tax Associate,PL2,Chat,New Hire,30-60 days,26-Mar,214,365,274,334,0,0,0,0,162514.0833,4819,0,0
TTL Assisted Consumer,MAGNIT,Tax Associate,PL2,Chat,New Hire,< 30 days,26-Feb,63,107,80,100,0,0,0,0,70461.49998,1690,0,0
TTL Assisted Consumer,MAGNIT,Tax Associate,PL2,Phone,New Hire,90-120 days,26-Apr,59,78,66,70,1146.64,1410.87,0,0,44268.68334,2373,0,0
TTL Assisted Consumer,MAGNIT,Tax Associate,PL2,Phone,Re-Hire,30-60 days,26-Apr,2,2,2,2,19.01,22.94,0,0,440.100001,30,0,0
TTL Assisted Consumer,MAGNIT,Tax Associate,PL2,Chat,Re-Hire,< 30 days,26-Mar,5,6,5,5,0,0,0,0,2038.05,87,0,0
TTL Assisted Consumer,MAGNIT,Tax Associate,PL2,Phone,New Hire,30-60 days,26-Mar,602,830,693,796,5049.61,6266.09,0,0,304348.8,9761,0,0
TTL Assisted Consumer,MAGNIT,Tax Associate,PL2,Phone,Re-Hire,< 30 days,26-Mar,16,25,20,23,128.16,181.27,0,0,5239.816669,275,0,0
TTL Assisted Consumer,MAGNIT,Tax Associate,PL2,Phone,Re-Hire,60-90 days,26-Apr,1,1,1,1,14.79,18.53,0,0,456.716668,23,0,0
TTL Assisted Consumer,MAGNIT,Tax Associate,PL2,Chat,New Hire,30-60 days,26-Apr,23,51,38,48,0,0,0,0,33217.21668,1040,0,0
TTL Assisted Consumer,MAGNIT,Tax Associate,PL2,Phone,New Hire,30-60 days,26-Apr,79,102,92,101,898.96,1151.45,0,0,39128.38332,1675,0,0
TTL Assisted Consumer,MAGNIT,Tax Associate,PL2,Chat,New Hire,90-120 days,26-Apr,39,63,49,58,0,0,0,0,31469.3,1175,0,0
TTL Assisted Consumer,MAGNIT,Tax Associate,PL2,Chat,New Hire,< 30 days,26-Mar,25,74,47,69,0,0,0,0,43360.11668,1093,0,0
TTL Assisted Consumer,MAGNIT,Tax Associate,PL2,Chat,Re-Hire,30-60 days,26-Apr,2,4,3,4,0,0,0,0,428.2,14,0,0
TTL Assisted Consumer,MAGNIT,Tax Associate,PL2,Chat,New Hire,30-60 days,26-Feb,188,297,245,284,0,0,0,0,110526.6334,3548,0,0
TTL Assisted Consumer,MAGNIT,Tax Associate,PL2,Phone,New Hire,60-90 days,After Season,0,0,0,0,45.8,63.08,0,0,0,0,0,0
TTL Assisted Consumer,MAGNIT,Tax Associate,PL2,Phone,Re-Hire,< 30 days,After Season,0,0,0,0,2.04,2.47,0,0,0,0,0,0
TTL Assisted Consumer,MAGNIT,Tax Associate,PL2,Phone,New Hire,90-120 days,After Season,0,0,0,0,62.89,77.36,0,0,0,0,0,0
TTL Assisted Consumer,MAGNIT,Tax Associate,PL2,Chat,Re-Hire,< 30 days,Before Season,3,3,3,3,0,0,0,0,2768.816667,83,0,0
TTL Assisted Consumer,MAGNIT,Tax Associate,PL2,Phone,New Hire,120+ days,Before Season,43,64,51,60,0,0,0,0,28016.3,1626,0,0
TTL Assisted Consumer,MAGNIT,Tax Expert,PL2,Phone,New Hire,60-90 days,26-Apr,67,79,71,75,592.87,726.5,0,0,24407.76666,1040,0,0
TTL Assisted Consumer,MAGNIT,Tax Expert,PL2,Phone,New Hire,90-120 days,26-Apr,9,11,9,10,240.36,296.69,0,0,10513.96667,458,0,0
TTL Assisted Consumer,MAGNIT,Tax Expert,PL2,Chat,Re-Hire,60-90 days,26-Mar,0,0,0,0,0,0,0,0,64.483333,2,0,0
TTL Assisted Consumer,MAGNIT,Tax Expert,PL2,Phone,New Hire,60-90 days,26-Mar,118,146,127,139,703.68,855.59,0,0,40910.19999,1390,0,0
TTL Assisted Consumer,MAGNIT,Tax Expert,PL2,Phone,New Hire,30-60 days,26-Feb,122,157,141,152,910.64,1125.7,0,0,47774.91666,1759,0,0
TTL Assisted Consumer,MAGNIT,Tax Expert,PL2,Chat,New Hire,< 30 days,26-Mar,6,11,8,10,0,0,0,0,7963.883338,206,0,0
TTL Assisted Consumer,MAGNIT,Tax Expert,PL2,Phone,New Hire,< 30 days,26-Mar,18,20,18,19,157.82,193.07,0,0,14459.83334,303,0,0
TTL Assisted Consumer,MAGNIT,Tax Expert,PL2,Phone,New Hire,30-60 days,26-Apr,9,17,13,17,136.66,163.6,0,0,4962.883335,225,0,0
TTL Assisted Consumer,MAGNIT,Tax Expert,PL2,Chat,New Hire,30-60 days,26-Feb,32,40,35,37,0,0,0,0,16973.31666,692,0,0
TTL Assisted Consumer,MAGNIT,Tax Expert,PL2,Chat,New Hire,< 30 days,Before Season,2,2,2,2,0,0,0,0,2810.883333,42,0,0
TTL Assisted Consumer,MAGNIT,Tax Expert,PL2,Phone,New Hire,30-60 days,26-Mar,155,209,187,202,955.63,1173.79,0,0,49321.11667,1848,0,0
TTL Assisted Consumer,MAGNIT,Tax Expert,PL2,Phone,New Hire,< 30 days,Before Season,0,0,0,0,3.15,3.99,0,0,181.2,11,0,0
TTL Assisted Consumer,MAGNIT,Tax Expert,PL2,Chat,Re-Hire,30-60 days,26-Mar,-1,1,0,1,0,0,0,0,497.566666,25,0,0
TTL Assisted Consumer,MAGNIT,Tax Expert,PL2,Chat,New Hire,30-60 days,26-Apr,8,8,5,6,0,0,0,0,5807.566669,196,0,0
TTL Assisted Consumer,MAGNIT,Tax Expert,PL2,Chat,New Hire,30-60 days,26-Mar,27,65,49,64,0,0,0,0,28697.91666,1051,0,0
TTL Assisted Consumer,MAGNIT,Tax Expert,PL2,Chat,New Hire,< 30 days,26-Feb,19,34,28,33,0,0,0,0,15068.58333,419,0,0
TTL Assisted Consumer,MAGNIT,Tax Expert,PL2,Chat,New Hire,60-90 days,26-Apr,16,26,22,25,0,0,0,0,10403.71667,479,0,0
TTL Assisted Consumer,MAGNIT,Tax Expert,PL2,Phone,New Hire,< 30 days,26-Feb,60,96,82,93,619.14,762.29,0,0,26060.65,1118,0,0
TTL Assisted Consumer,MAGNIT,Tax Expert,PL2,Phone,Re-Hire,30-60 days,26-Mar,-1,3,2,3,35.43,44.04,0,0,2118.916669,61,0,0
TTL Assisted Consumer,MAGNIT,Tax Expert,PL2,Chat,New Hire,90-120 days,26-Apr,7,10,7,9,0,0,0,0,5682.166669,231,0,0
TTL Assisted Consumer,MAGNIT,Tax Expert,PL2,Phone,Re-Hire,60-90 days,26-Mar,0,0,0,0,6.98,8.53,0,0,189.45,11,0,0
TTL Assisted Consumer,MAGNIT,Tax Expert,PL2,Chat,New Hire,60-90 days,26-Mar,28,50,40,48,0,0,0,0,17345.7,527,0,0
TTL Assisted Consumer,MAGNIT,Tax Expert,PL2,Phone,New Hire,90-120 days,After Season,0,0,0,0,5.89,7.06,0,0,0,0,0,0
TTL Assisted Consumer,MAGNIT,Tax Expert,PL2,Chat,New Hire,< 30 days,26-Jan,17,22,18,21,0,0,0,0,7144.766661,195,0,0
TTL Assisted Consumer,MAGNIT,Tax Expert,PL2,Chat,Re-Hire,< 30 days,Before Season,5,5,5,5,0,0,0,0,676.5,31,0,0
TTL Assisted Consumer,MAGNIT,Tax Expert,PL2,Phone,New Hire,< 30 days,26-Jan,27,33,30,33,229.58,283.65,0,0,12993.83333,437,0,0
TTL Assisted Consumer,MAGNIT,Tax Expert,PL2,Phone,New Hire,60-90 days,After Season,0,0,0,0,6.7,7.93,0,0,0,0,0,0
TTL Assisted Consumer,MAGNIT,Tax Expert,PL2,Phone,Re-Hire,< 30 days,Before Season,2,2,2,2,0,0,0,0,1288.3,33,0,0
TTL Assisted Consumer,MAGNIT,Tax Associate,PL3,Chat,New Hire,< 30 days,26-Jan,13,21,17,20,0,0,0,0,10377.13332,324,0,0
TTL Assisted Consumer,MAGNIT,Tax Associate,PL3,Chat,Re-Hire,30-60 days,26-Mar,0,0,0,0,0,0,0,0,16.066666,2,0,0
TTL Assisted Consumer,MAGNIT,Tax Associate,PL3,Chat,New Hire,< 30 days,26-Mar,2,6,4,5,0,0,0,0,5327.649998,38,0,0
TTL Assisted Consumer,MAGNIT,Tax Associate,PL3,Chat,Re-Hire,< 30 days,26-Feb,0,0,0,0,0,0,0,0,419.56667,19,0,0
TTL Assisted Consumer,MAGNIT,Tax Associate,PL3,Phone,Re-Hire,< 30 days,26-Mar,0,0,0,0,5.09,5.61,0,0,162.266668,10,0,0
TTL Assisted Consumer,MAGNIT,Tax Associate,PL3,Chat,New Hire,< 30 days,26-Feb,17,28,23,26,0,0,0,0,10971.28333,281,0,0
TTL Assisted Consumer,MAGNIT,Tax Associate,PL3,Phone,Re-Hire,< 30 days,26-Feb,0,0,0,0,6.22,7.06,0,0,246.333334,10,0,0
TTL Assisted Consumer,MAGNIT,Tax Associate,PL3,Phone,New Hire,< 30 days,26-Feb,58,73,59,67,533.02,644.24,0,0,33949.43332,992,0,0
TTL Assisted Consumer,MAGNIT,Tax Associate,PL3,Phone,Re-Hire,N/A,26-Feb,-1,1,0,1,5.42,6.02,0,0,29.066667,3,0,0
TTL Assisted Consumer,MAGNIT,Tax Associate,PL3,Chat,New Hire,60-90 days,26-Mar,83,127,102,117,0,0,0,0,52241.25,1752,0,0
TTL Assisted Consumer,MAGNIT,Tax Associate,PL3,Chat,New Hire,30-60 days,26-Feb,44,74,52,69,0,0,0,0,37630,826,0,0
TTL Assisted Consumer,MAGNIT,Tax Associate,PL3,Phone,New Hire,60-90 days,26-Mar,407,478,436,465,2499.61,3009.78,0,0,132672.7167,4836,0,0
TTL Assisted Consumer,MAGNIT,Tax Associate,PL3,Chat,New Hire,60-90 days,26-Apr,61,87,77,87,0,0,0,0,39927.86667,1370,0,0
TTL Assisted Consumer,MAGNIT,Tax Associate,PL3,Chat,New Hire,30-60 days,26-Mar,46,77,64,75,0,0,0,0,43955.68335,965,0,0
TTL Assisted Consumer,MAGNIT,Tax Associate,PL3,Chat,New Hire,30-60 days,26-Apr,9,12,10,12,0,0,0,0,6085.483336,182,0,0
TTL Assisted Consumer,MAGNIT,Tax Associate,PL3,Phone,New Hire,< 30 days,26-Mar,3,3,2,2,58.19,71.35,0,0,15795.63333,134,0,0
TTL Assisted Consumer,MAGNIT,Tax Associate,PL3,Phone,Re-Hire,30-60 days,26-Apr,1,1,1,1,8.31,9.56,0,0,257.866667,12,0,0
TTL Assisted Consumer,MAGNIT,Tax Associate,PL3,Phone,New Hire,< 30 days,26-Jan,22,25,22,23,267.39,326.11,0,0,16529.91666,481,0,0
TTL Assisted Consumer,MAGNIT,Tax Associate,PL3,Phone,New Hire,30-60 days,26-Mar,144,201,176,193,1218.77,1489.98,0,0,71944.86668,2384,0,0
TTL Assisted Consumer,MAGNIT,Tax Associate,PL3,Phone,New Hire,30-60 days,26-Feb,142,181,159,178,1090.85,1294.66,0,0,60277.9,2042,0,0
TTL Assisted Consumer,MAGNIT,Tax Associate,PL3,Phone,New Hire,< 30 days,Before Season,1,1,1,1,9.87,11.29,0,0,383.866668,24,0,0
TTL Assisted Consumer,MAGNIT,Tax Associate,PL3,Phone,New Hire,90-120 days,26-Apr,50,67,61,66,811.53,979.21,0,0,33573.4,1616,0,0
TTL Assisted Consumer,MAGNIT,Tax Associate,PL3,Chat,New Hire,90-120 days,26-Apr,28,47,38,46,0,0,0,0,17240.38334,709,0,0
TTL Assisted Consumer,MAGNIT,Tax Associate,PL3,Chat,New Hire,< 30 days,Before Season,1,1,1,1,0,0,0,0,1154.516669,42,0,0
TTL Assisted Consumer,MAGNIT,Tax Associate,PL3,Phone,New Hire,60-90 days,26-Apr,178,236,204,225,1532.47,1868.59,0,0,68833.03333,2783,0,0
TTL Assisted Consumer,MAGNIT,Tax Associate,PL3,Phone,New Hire,30-60 days,26-Apr,24,34,30,33,198.6,238.99,0,0,10124.78334,353,0,0
TTL Assisted Consumer,MAGNIT,Tax Associate,PL3,Chat,Re-Hire,30-60 days,26-Apr,0,0,0,0,0,0,0,0,148.15,11,0,0
TTL Assisted Consumer,MAGNIT,Tax Associate,PL3,Phone,Re-Hire,30-60 days,26-Mar,1,1,1,1,12.55,14.68,0,0,369.550001,19,0,0
TTL Assisted Consumer,MAGNIT,Tax Associate,PL3,Chat,Re-Hire,120+ days,Before Season,0,0,0,0,0,0,0,0,609.85,39,0,0
TTL Assisted Consumer,MAGNIT,Tax Associate,PL3,Chat,Re-Hire,< 30 days,26-Mar,0,0,0,0,0,0,0,0,78.616666,3,0,0
TTL Assisted Consumer,MAGNIT,Tax Associate,PL3,Phone,New Hire,120+ days,Before Season,6,8,5,7,0,0,0,0,3973.249998,131,0,0
TTL Assisted Consumer,MAGNIT,Tax Associate,PL3,Phone,New Hire,60-90 days,After Season,0,0,0,0,13.39,16.79,0,0,0,0,0,0
TTL Assisted Consumer,MAGNIT,Tax Associate,PL3,Phone,New Hire,90-120 days,After Season,0,0,0,0,52.37,64.8,0,0,0,0,0,0
TTL Assisted Consumer,MAGNIT,Tax Associate,PL3,Phone,Re-Hire,120+ days,Before Season,5,12,9,10,0,0,0,0,5525.83333,492,0,0
TTL Assisted Consumer,MAGNIT,Tax Associate,PL3,Chat,New Hire,120+ days,Before Season,0,0,0,0,0,0,0,0,156.05,4,0,0
TTL Assisted Consumer,MAGNIT,Tax Expert,PL3,Chat,New Hire,30-60 days,26-Apr,1,4,2,4,0,0,0,0,1552.533333,40,0,0
TTL Assisted Consumer,MAGNIT,Tax Expert,PL3,Phone,New Hire,30-60 days,26-Feb,9,11,8,10,87,109,0,0,7498.499997,187,0,0
TTL Assisted Consumer,MAGNIT,Tax Expert,PL3,Chat,New Hire,60-90 days,26-Mar,10,19,16,19,0,0,0,0,6828.63333,278,0,0
TTL Assisted Consumer,MAGNIT,Tax Expert,PL3,Chat,New Hire,< 30 days,26-Feb,2,2,2,2,0,0,0,0,768.266669,24,0,0
TTL Assisted Consumer,MAGNIT,Tax Expert,PL3,Chat,Re-Hire,30-60 days,26-Apr,0,0,0,0,0,0,0,0,3900.833334,40,0,0
TTL Assisted Consumer,MAGNIT,Tax Expert,PL3,Chat,Re-Hire,30-60 days,26-Mar,0,0,0,0,0,0,0,0,3278.216666,22,0,0
TTL Assisted Consumer,MAGNIT,Tax Expert,PL3,Chat,New Hire,< 30 days,26-Mar,2,3,3,3,0,0,0,0,219.333335,10,0,0
TTL Assisted Consumer,MAGNIT,Tax Expert,PL3,Chat,New Hire,30-60 days,26-Mar,11,13,12,13,0,0,0,0,3310.549997,110,0,0
TTL Assisted Consumer,MAGNIT,Tax Expert,PL3,Chat,New Hire,< 30 days,26-Jan,0,0,0,0,0,0,0,0,1439.85,4,0,0
TTL Assisted Consumer,MAGNIT,Tax Expert,PL3,Phone,New Hire,< 30 days,26-Feb,1,2,2,2,27.06,33.47,0,0,2417.666668,47,0,0
TTL Assisted Consumer,MAGNIT,Tax Expert,PL3,Chat,Re-Hire,< 30 days,26-Mar,0,0,0,0,0,0,0,0,2163.016667,16,0,0
TTL Assisted Consumer,MAGNIT,Tax Expert,PL3,Phone,New Hire,60-90 days,26-Mar,46,71,61,67,459.56,572.43,0,0,30849.81665,941,0,0
TTL Assisted Consumer,MAGNIT,Tax Expert,PL3,Phone,New Hire,90-120 days,26-Apr,11,11,9,10,131.44,161.91,0,0,4643.499993,279,0,0
TTL Assisted Consumer,MAGNIT,Tax Expert,PL3,Phone,New Hire,< 30 days,26-Mar,0,0,0,0,1.68,2.84,0,0,137.266667,4,0,0
TTL Assisted Consumer,MAGNIT,Tax Expert,PL3,Chat,New Hire,30-60 days,26-Feb,8,8,7,8,0,0,0,0,3926.816666,73,0,0
TTL Assisted Consumer,MAGNIT,Tax Expert,PL3,Phone,New Hire,30-60 days,26-Mar,27,36,31,34,204.86,246.94,0,0,11777.83333,386,0,0
TTL Assisted Consumer,MAGNIT,Tax Expert,PL3,Chat,New Hire,60-90 days,26-Apr,8,14,11,14,0,0,0,0,6830.150006,292,0,0
TTL Assisted Consumer,MAGNIT,Tax Expert,PL3,Phone,New Hire,30-60 days,26-Apr,5,5,4,4,40.36,49.34,0,0,2442,70,0,0
TTL Assisted Consumer,MAGNIT,Tax Expert,PL3,Chat,New Hire,90-120 days,26-Apr,5,5,5,5,0,0,0,0,1775.866668,101,0,0
TTL Assisted Consumer,MAGNIT,Tax Expert,PL3,Phone,New Hire,60-90 days,26-Apr,27,49,40,46,348.72,441.54,0,0,16095.69999,690,0,0
TTL Assisted Consumer,MAGNIT,Tax Expert,PL3,Phone,New Hire,60-90 days,After Season,0,0,0,0,2.88,3.4,0,0,0,0,0,0
TTL Assisted Consumer,MAGNIT,Tax Expert,PL3,Chat,Re-Hire,60-90 days,26-Apr,0,0,0,0,0,0,0,0,110.783334,5,0,0
TTL Assisted Consumer,MAGNIT,Tax Expert,PL3,Phone,New Hire,90-120 days,After Season,0,0,0,0,10.93,13.01,0,0,0,0,0,0
TTL Assisted Consumer,MAGNIT,Tax Expert,PL3,Phone,Re-Hire,< 30 days,26-Mar,0,0,0,0,0.2,0.26,0,0,4333.916668,6,0,0
TTL Assisted Consumer,MAGNIT,Tax Expert,PL3,Phone,Re-Hire,30-60 days,26-Apr,0,0,0,0,0.4,0.4,0,0,3.933334,16,0,0
TTL Assisted Consumer,MAGNIT,Tax Expert,PL3,Phone,Re-Hire,30-60 days,26-Mar,0,0,0,0,0,0,0,0,3.233331,18,0,0
TTL Assisted Consumer,MAGNIT,Tax Expert,PL3,Phone,Re-Hire,60-90 days,26-Apr,0,0,0,0,0,0,0,0,7.650001,5,0,0
TTL Assisted Consumer,MAGNIT,Tax Associate,PL4,Phone,New Hire,< 30 days,Before Season,0,0,0,0,4.65,5.67,0,0,359.416667,11,0,0
TTL Assisted Consumer,MAGNIT,Tax Associate,PL4,Phone,New Hire,30-60 days,26-Apr,19,22,18,20,341.51,433.28,0,0,17538,728,0,0
TTL Assisted Consumer,MAGNIT,Tax Associate,PL4,Chat,Re-Hire,30-60 days,26-Apr,0,0,0,0,0,0,0,0,1008.916666,23,0,0
TTL Assisted Consumer,MAGNIT,Tax Associate,PL4,Phone,New Hire,90-120 days,26-Apr,9,9,9,9,587.37,724.55,0,0,23395.29999,1372,0,0
TTL Assisted Consumer,MAGNIT,Tax Associate,PL4,Chat,New Hire,60-90 days,26-Mar,17,20,18,19,0,0,0,0,12347.08334,332,0,0
TTL Assisted Consumer,MAGNIT,Tax Associate,PL4,Phone,Re-Hire,60-90 days,26-Mar,0,0,0,0,9.73,11.69,0,0,617.516667,25,0,0
TTL Assisted Consumer,MAGNIT,Tax Associate,PL4,Chat,Re-Hire,< 30 days,26-Mar,1,3,2,3,0,0,0,0,678.799998,23,0,0
TTL Assisted Consumer,MAGNIT,Tax Associate,PL4,Phone,New Hire,60-90 days,26-Apr,34,51,39,47,1000.47,1234.69,0,0,41987.18332,2193,0,0
TTL Assisted Consumer,MAGNIT,Tax Associate,PL4,Chat,New Hire,30-60 days,26-Apr,9,18,13,17,0,0,0,0,8138.916658,291,0,0
TTL Assisted Consumer,MAGNIT,Tax Associate,PL4,Chat,New Hire,60-90 days,26-Apr,23,29,23,25,0,0,0,0,27556.25,659,0,0
TTL Assisted Consumer,MAGNIT,Tax Associate,PL4,Phone,Re-Hire,< 30 days,26-Mar,2,7,6,7,70.96,88.8,0,0,5962.96667,173,0,0
TTL Assisted Consumer,MAGNIT,Tax Associate,PL4,Phone,New Hire,< 30 days,26-Mar,2,5,2,4,360.23,449.42,0,0,47931.65,822,0,0
TTL Assisted Consumer,MAGNIT,Tax Associate,PL4,Phone,Re-Hire,< 30 days,26-Jan,1,1,1,1,5.25,7.23,0,0,174.15,9,0,0
TTL Assisted Consumer,MAGNIT,Tax Associate,PL4,Chat,New Hire,30-60 days,26-Feb,11,16,14,16,0,0,0,0,17001.48333,288,0,0
TTL Assisted Consumer,MAGNIT,Tax Associate,PL4,Chat,Re-Hire,< 30 days,26-Jan,0,0,0,0,0,0,0,0,542.783333,3,0,0
TTL Assisted Consumer,MAGNIT,Tax Associate,PL4,Phone,New Hire,30-60 days,26-Mar,40,71,56,68,1326.77,1656.98,0,0,74936.51667,3196,0,0
TTL Assisted Consumer,MAGNIT,Tax Associate,PL4,Phone,New Hire,< 30 days,26-Jan,25,32,25,31,309.25,392.37,0,0,24640.8,641,0,0
TTL Assisted Consumer,MAGNIT,Tax Associate,PL4,Chat,Re-Hire,< 30 days,Before Season,0,0,0,0,0,0,0,0,64.983333,3,0,0
TTL Assisted Consumer,MAGNIT,Tax Associate,PL4,Phone,New Hire,60-90 days,26-Mar,39,52,47,51,1026.69,1249.94,0,0,68731.99999,2465,0,0
TTL Assisted Consumer,MAGNIT,Tax Associate,PL4,Chat,New Hire,< 30 days,26-Feb,6,24,14,22,0,0,0,0,26950.28332,376,0,0
TTL Assisted Consumer,MAGNIT,Tax Associate,PL4,Phone,New Hire,30-60 days,26-Feb,19,34,29,33,947.38,1183.54,0,0,76828.69999,2299,0,0
TTL Assisted Consumer,MAGNIT,Tax Associate,PL4,Chat,New Hire,90-120 days,26-Apr,11,19,13,16,0,0,0,0,13296.48332,390,0,0
TTL Assisted Consumer,MAGNIT,Tax Associate,PL4,Chat,Re-Hire,60-90 days,26-Apr,0,0,0,0,0,0,0,0,96.866667,4,0,0
TTL Assisted Consumer,MAGNIT,Tax Associate,PL4,Chat,Re-Hire,30-60 days,26-Feb,0,0,0,0,0,0,0,0,98.3,2,0,0
TTL Assisted Consumer,MAGNIT,Tax Associate,PL4,Phone,Re-Hire,30-60 days,26-Feb,2,2,2,2,7.26,9.37,0,0,494.816667,15,0,0
TTL Assisted Consumer,MAGNIT,Tax Associate,PL4,Chat,New Hire,< 30 days,26-Mar,2,2,2,2,0,0,0,0,9435.550004,123,0,0
TTL Assisted Consumer,MAGNIT,Tax Associate,PL4,Chat,Re-Hire,30-60 days,26-Mar,0,0,0,0,0,0,0,0,3.9,1,0,0
TTL Assisted Consumer,MAGNIT,Tax Associate,PL4,Phone,Re-Hire,< 30 days,26-Feb,0,0,0,0,33.88,41.37,0,0,2256.433334,76,0,0
TTL Assisted Consumer,MAGNIT,Tax Associate,PL4,Phone,Re-Hire,< 30 days,Before Season,0,0,0,0,0.62,1.19,0,0,24,4,0,0
TTL Assisted Consumer,MAGNIT,Tax Associate,PL4,Chat,Re-Hire,< 30 days,26-Apr,-1,1,0,1,0,0,0,0,1274.083333,31,0,0
TTL Assisted Consumer,MAGNIT,Tax Associate,PL4,Phone,Re-Hire,60-90 days,After Season,0,0,0,0,0.55,0.67,0,0,0,0,0,0
TTL Assisted Consumer,MAGNIT,Tax Associate,PL4,Chat,New Hire,< 30 days,26-Jan,3,9,6,8,0,0,0,0,10060.76667,268,0,0
TTL Assisted Consumer,MAGNIT,Tax Associate,PL4,Phone,Re-Hire,< 30 days,26-Apr,2,2,1,1,80.38,97.9,0,0,4155.866665,169,0,0
TTL Assisted Consumer,MAGNIT,Tax Associate,PL4,Phone,Re-Hire,30-60 days,26-Mar,1,1,1,1,25.22,32.03,0,0,1007.850001,61,0,0
TTL Assisted Consumer,MAGNIT,Tax Associate,PL4,Phone,New Hire,< 30 days,26-Feb,33,55,48,51,798.18,997.41,0,0,73002.81667,1872,0,0
TTL Assisted Consumer,MAGNIT,Tax Associate,PL4,Chat,Re-Hire,< 30 days,26-Feb,0,0,0,0,0,0,0,0,580.266668,9,0,0
TTL Assisted Consumer,MAGNIT,Tax Associate,PL4,Chat,New Hire,30-60 days,26-Mar,13,38,29,37,0,0,0,0,22969.20001,484,0,0
TTL Assisted Consumer,MAGNIT,Tax Associate,PL4,Phone,Re-Hire,60-90 days,26-Apr,0,0,0,0,12.61,15.95,0,0,574.066664,29,0,0
TTL Assisted Consumer,MAGNIT,Tax Associate,PL4,Chat,New Hire,< 30 days,Before Season,2,2,1,1,0,0,0,0,672.816668,23,0,0
TTL Assisted Consumer,MAGNIT,Tax Associate,PL4,Phone,Re-Hire,30-60 days,26-Apr,0,0,0,0,19.43,26.77,0,0,859.549997,48,0,0
TTL Assisted Consumer,MAGNIT,Tax Associate,PL4,Phone,Re-Hire,30-60 days,After Season,0,0,0,0,0.57,0.67,0,0,0,0,0,0
TTL Assisted Consumer,MAGNIT,Tax Associate,PL4,Phone,Re-Hire,N/A,26-Mar,0,0,0,0,0.4,0.48,0,0,0,0,0,0
TTL Assisted Consumer,MAGNIT,Tax Associate,PL4,Phone,New Hire,60-90 days,After Season,0,0,0,0,20.89,27.17,0,0,0,0,0,0
TTL Assisted Consumer,MAGNIT,Tax Associate,PL4,Phone,New Hire,90-120 days,After Season,0,0,0,0,37.3,47.75,0,0,0,0,0,0
TTL Assisted Consumer,MAGNIT,Tax Associate,PL4,Phone,Re-Hire,< 30 days,After Season,0,0,0,0,5.41,6.65,0,0,0,0,0,0
TTL Assisted Consumer,MAGNIT,Tax Associate,PL4,Phone,Re-Hire,90-120 days,26-Apr,0,0,0,0,0.65,0.71,0,0,24.716667,1,0,0
TTL Assisted Consumer,MAGNIT,Tax Expert,PL4,Phone,New Hire,30-60 days,26-Feb,11,14,11,12,316.5,380.05,0,0,12972.43333,728,0,0
TTL Assisted Consumer,MAGNIT,Tax Expert,PL4,Chat,New Hire,30-60 days,26-Feb,3,5,4,5,0,0,0,0,1750.950003,81,0,0
TTL Assisted Consumer,MAGNIT,Tax Expert,PL4,Chat,New Hire,60-90 days,26-Apr,1,6,5,6,0,0,0,0,3658.733334,162,0,0
TTL Assisted Consumer,MAGNIT,Tax Expert,PL4,Phone,New Hire,< 30 days,26-Mar,1,1,1,1,37.98,49.65,0,0,1903.816668,81,0,0
TTL Assisted Consumer,MAGNIT,Tax Expert,PL4,Chat,New Hire,< 30 days,26-Mar,0,0,0,0,0,0,0,0,559.083333,11,0,0
TTL Assisted Consumer,MAGNIT,Tax Expert,PL4,Chat,New Hire,< 30 days,26-Feb,2,4,3,4,0,0,0,0,3026.316669,80,0,0
TTL Assisted Consumer,MAGNIT,Tax Expert,PL4,Phone,New Hire,30-60 days,26-Mar,10,16,14,15,367.04,461.63,0,0,23633.30001,867,0,0
TTL Assisted Consumer,MAGNIT,Tax Expert,PL4,Chat,New Hire,30-60 days,26-Mar,7,10,9,10,0,0,0,0,3556.283341,128,0,0
TTL Assisted Consumer,MAGNIT,Tax Expert,PL4,Chat,New Hire,60-90 days,26-Mar,1,2,2,2,0,0,0,0,1308.65,77,0,0
TTL Assisted Consumer,MAGNIT,Tax Expert,PL4,Chat,New Hire,< 30 days,Before Season,2,2,2,2,0,0,0,0,281.250001,19,0,0
TTL Assisted Consumer,MAGNIT,Tax Expert,PL4,Phone,New Hire,60-90 days,26-Mar,13,17,16,17,318.44,391.78,0,0,14898.78333,762,0,0
TTL Assisted Consumer,MAGNIT,Tax Expert,PL4,Phone,New Hire,< 30 days,Before Season,1,1,1,1,4.32,5.14,0,0,99.716668,11,0,0
TTL Assisted Consumer,MAGNIT,Tax Expert,PL4,Phone,New Hire,90-120 days,After Season,0,0,0,0,10.79,13.84,0,0,0,0,0,0
TTL Assisted Consumer,MAGNIT,Tax Expert,PL4,Phone,New Hire,< 30 days,26-Jan,9,11,9,11,138.91,170.42,0,0,4697.783334,293,0,0
TTL Assisted Consumer,MAGNIT,Tax Expert,PL4,Phone,New Hire,60-90 days,After Season,0,0,0,0,3.35,5.21,0,0,0,0,0,0
TTL Assisted Consumer,MAGNIT,Tax Expert,PL4,Phone,New Hire,< 30 days,26-Feb,8,8,7,8,251.25,312.84,0,0,9951.550008,558,0,0
TTL Assisted Consumer,MAGNIT,Tax Expert,PL4,Chat,New Hire,30-60 days,26-Apr,2,2,2,2,0,0,0,0,1337.450001,41,0,0
TTL Assisted Consumer,MAGNIT,Tax Expert,PL4,Chat,New Hire,90-120 days,26-Apr,4,7,6,7,0,0,0,0,1650.216672,86,0,0
TTL Assisted Consumer,MAGNIT,Tax Expert,PL4,Phone,New Hire,60-90 days,26-Apr,7,17,13,14,273.6,337.9,0,0,10845.44999,554,0,0
TTL Assisted Consumer,MAGNIT,Tax Expert,PL4,Chat,New Hire,< 30 days,26-Jan,6,9,9,9,0,0,0,0,3791.233332,64,0,0
TTL Assisted Consumer,MAGNIT,Tax Expert,PL4,Phone,New Hire,30-60 days,26-Apr,0,0,0,0,50.79,64.23,0,0,2026.649999,100,0,0
TTL Assisted Consumer,MAGNIT,Tax Expert,PL4,Phone,New Hire,90-120 days,26-Apr,4,6,5,6,158.92,197.39,0,0,5516.65,344,0,0
TTL Assisted Consumer,MAGNIT,Tax Associate,TTLA,Chat,Re-Hire,< 30 days,Before Season,20,25,20,24,0,0,0,0,11372.51668,419,0,0
TTL Assisted Consumer,MAGNIT,Tax Associate,TTLA,Chat,New Hire,120+ days,Before Season,2,2,2,2,0,0,0,0,878.6,58,0,0
TTL Assisted Consumer,MAGNIT,Tax Associate,TTLA,Phone,Re-Hire,< 30 days,Before Season,132,161,147,154,0,0,0,0,80578.23332,2895,0,0
TTL Assisted Consumer,MAGNIT,Tax Associate,TTLA,Phone,New Hire,120+ days,Before Season,13,21,15,21,0,0,0,0,8547.466676,561,0,0
TTL Assisted Consumer,MAGNIT,Tax Expert,TTLA,Phone,Re-Hire,< 30 days,Before Season,23,33,27,31,0,0,0,0,18091.21668,532,0,0
TTL Assisted Consumer,MAGNIT,Tax Expert,TTLA,Chat,Re-Hire,< 30 days,Before Season,2,4,3,4,0,0,0,0,1135.983333,58,0,0
TTL Assisted Consumer,MAGNIT,Tax Associate,UNKNOWN,Phone,New Hire,60-90 days,26-Apr,0,0,0,0,0.77,0.91,0,0,0,0,0,0
TTL Assisted Consumer,MAGNIT,Tax Associate,UNKNOWN,Phone,New Hire,60-90 days,26-Mar,0,0,0,0,4.9,6.92,0,0,0,0,0,0
TTL Assisted Consumer,MAGNIT,Tax Associate,UNKNOWN,Phone,New Hire,30-60 days,26-Mar,0,0,0,0,19.09,25.93,0,0,0,0,0,0
TTL Assisted Consumer,MAGNIT,Tax Associate,UNKNOWN,Phone,New Hire,90-120 days,26-Apr,0,0,0,0,1.44,1.82,0,0,0,0,0,0
TTL Assisted Consumer,MAGNIT,Tax Associate,UNKNOWN,Phone,New Hire,30-60 days,26-Feb,0,0,0,0,7.95,10.13,0,0,0,0,0,0
TTL Assisted Consumer,MAGNIT,Tax Expert,UNKNOWN,Phone,New Hire,60-90 days,26-Mar,0,0,0,0,0.24,0.71,0,0,0,0,0,0
TTL Full Service Consumer,EDUCATION AT WORK,Tax Specialist,PL1,Phone,Re-Hire,30-60 days,26-Feb,11,13,0,0,88.19,99.78,0,0,5511.783337,198,0,0
TTL Full Service Consumer,EDUCATION AT WORK,Tax Specialist,PL1,Phone,New Hire,30-60 days,26-Feb,150,171,0,0,1159.2,1332.59,0,0,64092.95,2579,0,0
TTL Full Service Consumer,EDUCATION AT WORK,Tax Specialist,PL1,Phone,New Hire,< 30 days,Before Season,3,3,0,0,17.37,19.34,0,0,3730.116667,63,0,0
TTL Full Service Consumer,EDUCATION AT WORK,Tax Specialist,PL1,Phone,New Hire,90-120 days,After Season,0,0,0,0,1.83,2.27,0,0,0,0,0,0
TTL Full Service Consumer,EDUCATION AT WORK,Tax Specialist,PL1,Engagement,Re-Hire,30-60 days,26-Feb,0,0,0,0,0,0,18,63,0,0,0,0
TTL Full Service Consumer,EDUCATION AT WORK,Tax Specialist,PL1,Engagement,Re-Hire,< 30 days,26-Jan,0,0,0,0,0,0,21,31,0,0,0,0
TTL Full Service Consumer,EDUCATION AT WORK,Tax Specialist,PL1,Engagement,New Hire,90-120 days,26-Apr,0,0,0,0,0,0,9,29,0,0,0,0
TTL Full Service Consumer,EDUCATION AT WORK,Tax Specialist,PL1,Phone,New Hire,60-90 days,26-Apr,3,3,0,0,21.3,23.84,0,0,1604.883331,40,0,0
TTL Full Service Consumer,EDUCATION AT WORK,Tax Specialist,PL1,Phone,New Hire,30-60 days,26-Mar,5,7,0,0,76.79,85.8,0,0,4861.16666,162,0,0
TTL Full Service Consumer,EDUCATION AT WORK,Tax Specialist,PL1,Engagement,New Hire,< 30 days,26-Feb,0,0,0,0,0,0,170,342,0,0,0,0
TTL Full Service Consumer,EDUCATION AT WORK,Tax Specialist,PL1,Engagement,New Hire,60-90 days,26-Apr,0,0,0,0,0,0,7,18,0,0,0,0
TTL Full Service Consumer,EDUCATION AT WORK,Tax Specialist,PL1,Phone,New Hire,90-120 days,26-Apr,4,4,0,0,37.23,42.76,0,0,2772.916665,69,0,0
TTL Full Service Consumer,EDUCATION AT WORK,Tax Specialist,PL1,Engagement,Re-Hire,90-120 days,26-Apr,0,0,0,0,0,0,1,7,0,0,0,0
TTL Full Service Consumer,EDUCATION AT WORK,Tax Specialist,PL1,Phone,New Hire,60-90 days,26-Mar,10,17,0,0,82.61,91.71,0,0,5710.299996,185,0,0
TTL Full Service Consumer,EDUCATION AT WORK,Tax Specialist,PL1,Phone,Re-Hire,< 30 days,Before Season,0,0,0,0,1.93,2.43,0,0,236.466666,6,0,0
TTL Full Service Consumer,EDUCATION AT WORK,Tax Specialist,PL1,Phone,Re-Hire,60-90 days,26-Apr,2,2,0,0,12.94,13.93,0,0,753.466666,19,0,0
TTL Full Service Consumer,EDUCATION AT WORK,Tax Specialist,PL1,Engagement,Re-Hire,< 30 days,Before Season,0,0,0,0,0,0,1,4,0,0,0,0
TTL Full Service Consumer,EDUCATION AT WORK,Tax Specialist,PL1,Phone,Re-Hire,30-60 days,26-Mar,0,0,0,0,2.57,2.81,0,0,151.499999,6,0,0
TTL Full Service Consumer,EDUCATION AT WORK,Tax Specialist,PL1,Engagement,New Hire,< 30 days,Before Season,0,0,0,0,0,0,12,34,0,0,0,0
TTL Full Service Consumer,EDUCATION AT WORK,Tax Specialist,PL1,Phone,New Hire,< 30 days,26-Jan,39,59,0,0,411.48,461.65,0,0,40800.40001,1058,0,0
TTL Full Service Consumer,EDUCATION AT WORK,Tax Specialist,PL1,Engagement,Re-Hire,60-90 days,26-Apr,0,0,0,0,0,0,2,7,0,0,0,0
TTL Full Service Consumer,EDUCATION AT WORK,Tax Specialist,PL1,Phone,Re-Hire,60-90 days,26-Mar,2,2,0,0,13.77,15.24,0,0,1056.766664,29,0,0
TTL Full Service Consumer,EDUCATION AT WORK,Tax Specialist,PL1,Engagement,Re-Hire,60-90 days,26-Mar,0,0,0,0,0,0,1,4,0,0,0,0
TTL Full Service Consumer,EDUCATION AT WORK,Tax Specialist,PL1,Engagement,New Hire,60-90 days,26-Mar,0,0,0,0,0,0,22,64,0,0,0,0
TTL Full Service Consumer,EDUCATION AT WORK,Tax Specialist,PL1,Phone,Re-Hire,90-120 days,26-Apr,4,4,0,0,13.9,15.77,0,0,901.116666,23,0,0
TTL Full Service Consumer,EDUCATION AT WORK,Tax Specialist,PL1,Engagement,Re-Hire,30-60 days,26-Mar,0,0,0,0,0,0,2,4,0,0,0,0
TTL Full Service Consumer,EDUCATION AT WORK,Tax Specialist,PL1,Phone,Re-Hire,< 30 days,26-Feb,2,2,0,0,14.11,15.82,0,0,763.516667,31,0,0
TTL Full Service Consumer,EDUCATION AT WORK,Tax Specialist,PL1,Engagement,New Hire,30-60 days,26-Mar,0,0,0,0,0,0,7,40,0,0,0,0
TTL Full Service Consumer,EDUCATION AT WORK,Tax Specialist,PL1,Phone,Re-Hire,< 30 days,26-Jan,1,1,0,0,19.63,21.83,0,0,2000.516668,51,0,0
TTL Full Service Consumer,EDUCATION AT WORK,Tax Specialist,PL1,Engagement,New Hire,30-60 days,26-Feb,0,0,0,0,0,0,178,554,0,0,0,0
TTL Full Service Consumer,EDUCATION AT WORK,Tax Specialist,PL1,Engagement,Re-Hire,< 30 days,26-Feb,0,0,0,0,0,0,8,17,0,0,0,0
TTL Full Service Consumer,EDUCATION AT WORK,Tax Specialist,PL1,Phone,New Hire,< 30 days,26-Feb,35,41,0,0,308.71,346.82,0,0,26446.59999,672,0,0
TTL Full Service Consumer,EDUCATION AT WORK,Tax Specialist,PL1,Engagement,New Hire,< 30 days,26-Jan,0,0,0,0,0,0,314,623,0,0,0,0
TTL Full Service Consumer,EDUCATION AT WORK,Tax Specialist,PL1,Engagement,New Hire,N/A,26-Jan,0,0,0,0,0,0,0,0,0,0,485.528058,223
TTL Full Service Consumer,EDUCATION AT WORK,Tax Specialist,PL1,Engagement,Re-Hire,N/A,26-Apr,0,0,0,0,0,0,0,0,0,0,67.889903,56
TTL Full Service Consumer,EDUCATION AT WORK,Tax Specialist,PL1,Engagement,New Hire,N/A,26-Apr,0,0,0,0,0,0,0,0,0,0,232.36573,89
TTL Full Service Consumer,EDUCATION AT WORK,Tax Specialist,PL1,Engagement,Re-Hire,N/A,26-Jan,0,0,0,0,0,0,0,0,0,0,51.147697,19
TTL Full Service Consumer,EDUCATION AT WORK,Tax Specialist,PL1,Engagement,New Hire,N/A,26-Mar,0,0,0,0,0,0,0,0,0,0,1203.930205,431
TTL Full Service Consumer,EDUCATION AT WORK,Tax Specialist,PL1,Engagement,Re-Hire,N/A,26-Mar,0,0,0,0,0,0,0,0,0,0,163.56119,67
TTL Full Service Consumer,EDUCATION AT WORK,Tax Specialist,PL1,Engagement,Re-Hire,N/A,26-Feb,0,0,0,0,0,0,0,0,0,0,145.386539,82
TTL Full Service Consumer,EDUCATION AT WORK,Tax Specialist,PL1,Engagement,New Hire,N/A,26-Feb,0,0,0,0,0,0,0,0,0,0,1828.595878,845
TTL Full Service Consumer,EDUCATION AT WORK,Tax Specialist,PL1,Engagement,New Hire,N/A,After Season,0,0,0,0,0,0,0,0,0,0,33.844707,10
TTL Full Service Consumer,EDUCATION AT WORK,Tax Specialist,PL1,Engagement,Re-Hire,N/A,After Season,0,0,0,0,0,0,0,0,0,0,10.326283,5
TTL Full Service Consumer,EDUCATION AT WORK,Tax Specialist,PL2,Phone,Re-Hire,30-60 days,26-Feb,4,4,0,0,11.39,11.96,0,0,1163.933333,26,0,0
TTL Full Service Consumer,EDUCATION AT WORK,Tax Specialist,PL2,Phone,New Hire,90-120 days,26-Apr,42,51,0,0,332.74,376.32,0,0,21607.38333,675,0,0
TTL Full Service Consumer,EDUCATION AT WORK,Tax Specialist,PL2,Engagement,New Hire,90-120 days,After Season,0,0,0,0,0,0,0,3,0,0,0,0
TTL Full Service Consumer,EDUCATION AT WORK,Tax Specialist,PL2,Engagement,Re-Hire,30-60 days,26-Mar,0,0,0,0,0,0,0,1,0,0,0,0
TTL Full Service Consumer,EDUCATION AT WORK,Tax Specialist,PL2,Engagement,Re-Hire,30-60 days,26-Feb,0,0,0,0,0,0,4,8,0,0,0,0
TTL Full Service Consumer,EDUCATION AT WORK,Tax Specialist,PL2,Engagement,New Hire,60-90 days,26-Mar,0,0,0,0,0,0,175,331,0,0,0,0
TTL Full Service Consumer,EDUCATION AT WORK,Tax Specialist,PL2,Engagement,New Hire,60-90 days,26-Apr,0,0,0,0,0,0,194,438,0,0,0,0
TTL Full Service Consumer,EDUCATION AT WORK,Tax Specialist,PL2,Phone,New Hire,60-90 days,26-Mar,58,71,1,1,485.41,539.57,0,0,30268.34999,1025,0,0
TTL Full Service Consumer,EDUCATION AT WORK,Tax Specialist,PL2,Engagement,New Hire,30-60 days,26-Mar,0,0,0,0,0,0,6,15,0,0,0,0
TTL Full Service Consumer,EDUCATION AT WORK,Tax Specialist,PL2,Engagement,New Hire,60-90 days,After Season,0,0,0,0,0,0,0,1,0,0,0,0
TTL Full Service Consumer,EDUCATION AT WORK,Tax Specialist,PL2,Engagement,Re-Hire,90-120 days,26-Apr,0,0,0,0,0,0,8,27,0,0,0,0
TTL Full Service Consumer,EDUCATION AT WORK,Tax Specialist,PL2,Phone,Re-Hire,60-90 days,26-Apr,6,9,0,0,49.87,57.71,0,0,2889.416665,123,0,0
TTL Full Service Consumer,EDUCATION AT WORK,Tax Specialist,PL2,Phone,New Hire,60-90 days,After Season,0,0,0,0,3.83,4.4,0,0,58.7,2,0,0
TTL Full Service Consumer,EDUCATION AT WORK,Tax Specialist,PL2,Phone,Re-Hire,30-60 days,26-Mar,0,0,0,0,1.26,1.32,0,0,92.3,3,0,0
TTL Full Service Consumer,EDUCATION AT WORK,Tax Specialist,PL2,Phone,Re-Hire,90-120 days,26-Apr,4,4,0,0,32.71,36.6,0,0,2100.100003,60,0,0
TTL Full Service Consumer,EDUCATION AT WORK,Tax Specialist,PL2,Phone,New Hire,30-60 days,26-Mar,4,6,0,0,37.3,39.51,0,0,3295.466666,92,0,0
TTL Full Service Consumer,EDUCATION AT WORK,Tax Specialist,PL2,Phone,Re-Hire,60-90 days,26-Mar,13,14,0,0,39.39,44.86,0,0,3006.133335,93,0,0
TTL Full Service Consumer,EDUCATION AT WORK,Tax Specialist,PL2,Engagement,New Hire,90-120 days,26-Apr,0,0,0,0,0,0,99,250,0,0,0,0
TTL Full Service Consumer,EDUCATION AT WORK,Tax Specialist,PL2,Phone,New Hire,90-120 days,After Season,0,0,0,0,4.69,5.79,0,0,89.95,3,0,0
TTL Full Service Consumer,EDUCATION AT WORK,Tax Specialist,PL2,Engagement,Re-Hire,60-90 days,26-Mar,0,0,0,0,0,0,18,33,0,0,0,0
TTL Full Service Consumer,EDUCATION AT WORK,Tax Specialist,PL2,Engagement,Re-Hire,60-90 days,26-Apr,0,0,0,0,0,0,22,54,0,0,0,0
TTL Full Service Consumer,EDUCATION AT WORK,Tax Specialist,PL2,Phone,New Hire,60-90 days,26-Apr,67,82,0,0,591.55,673.16,0,0,35006.61667,1199,0,0
TTL Full Service Consumer,EDUCATION AT WORK,Tax Specialist,PL2,Phone,Re-Hire,90-120 days,After Season,0,0,0,0,1.53,1.93,0,0,0,0,0,0
TTL Full Service Consumer,EDUCATION AT WORK,Tax Specialist,PL2,Engagement,New Hire,N/A,After Season,0,0,0,0,0,0,0,0,0,0,171.107745,68
TTL Full Service Consumer,EDUCATION AT WORK,Tax Specialist,PL2,Engagement,Re-Hire,N/A,26-Apr,0,0,0,0,0,0,0,0,0,0,171.077187,93
TTL Full Service Consumer,EDUCATION AT WORK,Tax Specialist,PL2,Engagement,New Hire,N/A,26-Apr,0,0,0,0,0,0,0,0,0,0,2097.101726,998
TTL Full Service Consumer,EDUCATION AT WORK,Tax Specialist,PL2,Engagement,Re-Hire,N/A,After Season,0,0,0,0,0,0,0,0,0,0,17.503806,8
TTL Full Service Consumer,EDUCATION AT WORK,Tax Specialist,PL2,Engagement,New Hire,N/A,26-Mar,0,0,0,0,0,0,0,0,0,0,794.743439,330
TTL Full Service Consumer,EDUCATION AT WORK,Tax Specialist,PL2,Engagement,Re-Hire,N/A,26-Feb,0,0,0,0,0,0,0,0,0,0,21.450373,9
TTL Full Service Consumer,EDUCATION AT WORK,Tax Specialist,PL2,Engagement,Re-Hire,N/A,26-Mar,0,0,0,0,0,0,0,0,0,0,64.658991,34
TTL Full Service Consumer,FOUNDEVER,Tax Specialist,PL1,Phone,New Hire,30-60 days,After Season,0,0,0,0,4.7,5.42,0,0,0,0,0,0
TTL Full Service Consumer,FOUNDEVER,Tax Specialist,PL1,Phone,New Hire,30-60 days,26-Apr,30,39,0,0,467.34,559.99,0,0,21312.06665,1202,0,0
TTL Full Service Consumer,FOUNDEVER,Tax Specialist,PL1,Phone,New Hire,60-90 days,After Season,0,0,0,0,26.21,32.89,0,0,53.266667,1,0,0
TTL Full Service Consumer,FOUNDEVER,Tax Specialist,PL1,Phone,New Hire,30-60 days,26-Mar,51,62,0,0,484.43,569.2,0,0,20262.9,1344,0,0
TTL Full Service Consumer,FOUNDEVER,Tax Specialist,PL1,Phone,Re-Hire,30-60 days,26-Apr,27,29,0,0,181.39,206.67,0,0,8432.866657,388,0,0
TTL Full Service Consumer,FOUNDEVER,Tax Specialist,PL1,Engagement,Re-Hire,30-60 days,26-Apr,0,0,0,0,0,0,31,78,0,0,0,0
TTL Full Service Consumer,FOUNDEVER,Tax Specialist,PL1,Phone,New Hire,< 30 days,26-Mar,12,18,0,0,154.66,181.02,0,0,10011.43333,413,0,0
TTL Full Service Consumer,FOUNDEVER,Tax Specialist,PL1,Engagement,New Hire,< 30 days,26-Feb,0,0,0,0,0,0,18,46,0,0,0,0
TTL Full Service Consumer,FOUNDEVER,Tax Specialist,PL1,Engagement,Re-Hire,< 30 days,26-Mar,0,0,0,0,0,0,15,27,0,0,0,0
TTL Full Service Consumer,FOUNDEVER,Tax Specialist,PL1,Engagement,New Hire,< 30 days,26-Mar,0,0,0,0,0,0,43,101,0,0,0,0
TTL Full Service Consumer,FOUNDEVER,Tax Specialist,PL1,Phone,New Hire,< 30 days,26-Feb,4,6,0,0,72.05,82.94,0,0,4938.066662,214,0,0
TTL Full Service Consumer,FOUNDEVER,Tax Specialist,PL1,Phone,Re-Hire,60-90 days,26-Apr,0,0,0,0,12.05,13.59,0,0,1070.833334,26,0,0
TTL Full Service Consumer,FOUNDEVER,Tax Specialist,PL1,Engagement,New Hire,30-60 days,26-Mar,0,0,0,0,0,0,133,256,0,0,0,0
TTL Full Service Consumer,FOUNDEVER,Tax Specialist,PL1,Phone,Re-Hire,30-60 days,After Season,0,0,0,0,12.28,15.28,0,0,0,0,0,0
TTL Full Service Consumer,FOUNDEVER,Tax Specialist,PL1,Phone,Re-Hire,< 30 days,26-Mar,3,5,0,0,22.27,24.44,0,0,2254.366666,75,0,0
TTL Full Service Consumer,FOUNDEVER,Tax Specialist,PL1,Phone,Re-Hire,30-60 days,26-Mar,4,4,0,0,53.74,61.39,0,0,2937.683339,148,0,0
TTL Full Service Consumer,FOUNDEVER,Tax Specialist,PL1,Phone,Re-Hire,60-90 days,After Season,0,0,0,0,2.13,2.61,0,0,0,0,0,0
TTL Full Service Consumer,FOUNDEVER,Tax Specialist,PL1,Engagement,New Hire,60-90 days,26-Apr,0,0,0,0,0,0,166,368,0,0,0,0
TTL Full Service Consumer,FOUNDEVER,Tax Specialist,PL1,Engagement,Re-Hire,60-90 days,26-Apr,0,0,0,0,0,0,5,12,0,0,0,0
TTL Full Service Consumer,FOUNDEVER,Tax Specialist,PL1,Engagement,Re-Hire,30-60 days,26-Mar,0,0,0,0,0,0,20,38,0,0,0,0
TTL Full Service Consumer,FOUNDEVER,Tax Specialist,PL1,Engagement,Re-Hire,N/A,After Season,0,0,0,0,0,0,0,0,0,0,4.15444,3
TTL Full Service Consumer,FOUNDEVER,Tax Specialist,PL1,Phone,New Hire,60-90 days,26-Apr,36,43,0,0,488.41,587.57,0,0,23787.88334,1241,0,0
TTL Full Service Consumer,FOUNDEVER,Tax Specialist,PL1,Engagement,New Hire,N/A,After Season,0,0,0,0,0,0,0,0,0,0,32.806559,21
TTL Full Service Consumer,FOUNDEVER,Tax Specialist,PL1,Engagement,New Hire,30-60 days,26-Apr,0,0,0,0,0,0,116,311,0,0,0,0
TTL Full Service Consumer,FOUNDEVER,Tax Specialist,PL1,Engagement,New Hire,N/A,26-Mar,0,0,0,0,0,0,0,0,0,0,283.732624,136
TTL Full Service Consumer,FOUNDEVER,Tax Specialist,PL1,Engagement,New Hire,N/A,26-Feb,0,0,0,0,0,0,0,0,0,0,7.801393,6
TTL Full Service Consumer,FOUNDEVER,Tax Specialist,PL1,Engagement,Re-Hire,N/A,26-Apr,0,0,0,0,0,0,0,0,0,0,45.276243,22
TTL Full Service Consumer,FOUNDEVER,Tax Specialist,PL1,Engagement,New Hire,N/A,26-Apr,0,0,0,0,0,0,0,0,0,0,406.40735,273
TTL Full Service Consumer,FOUNDEVER,Tax Specialist,PL1,Engagement,Re-Hire,N/A,26-Mar,0,0,0,0,0,0,0,0,0,0,7.957888,5
TTL Full Service Consumer,FOUNDEVER,Tax Specialist,Unknown,Engagement,New Hire,N/A,26-Feb,0,0,0,0,0,0,1,1,0,0,0,0
TTL Full Service Consumer,HIGHSPRING LLC,Tax Associate,PL1,Phone,New Hire,60-90 days,26-Mar,-2,3,0,1,25.71,28.8,0,0,5677.666668,72,0,0
TTL Full Service Consumer,HIGHSPRING LLC,Tax Associate,PL1,Phone,New Hire,< 30 days,26-Apr,0,2,0,0,17.34,20.98,0,0,3908.500001,33,0,0
TTL Full Service Consumer,HIGHSPRING LLC,Tax Associate,PL1,Phone,New Hire,< 30 days,26-Feb,38,56,0,0,649.32,805.96,0,0,67118.58334,1607,0,0
TTL Full Service Consumer,HIGHSPRING LLC,Tax Associate,PL1,Phone,New Hire,30-60 days,26-Mar,25,32,0,0,677.08,842.38,0,0,46605.15001,1536,0,0
TTL Full Service Consumer,HIGHSPRING LLC,Tax Associate,PL1,Phone,New Hire,< 30 days,26-Mar,6,13,0,0,363.17,451.02,0,0,48084.86669,833,0,0
TTL Full Service Consumer,HIGHSPRING LLC,Tax Associate,PL1,Phone,New Hire,30-60 days,26-Feb,8,12,0,0,112.81,129.38,0,0,8395.383329,291,0,0
TTL Full Service Consumer,HIGHSPRING LLC,Tax Associate,PL1,Phone,New Hire,30-60 days,26-Apr,13,19,0,0,245.34,295.01,0,0,19112.98334,470,0,0
TTL Full Service Consumer,HIGHSPRING LLC,Tax Associate,PL1,Phone,New Hire,60-90 days,26-Apr,25,46,0,0,730.05,882.29,0,0,35781.01666,1527,0,0
TTL Full Service Consumer,HIGHSPRING LLC,Tax Associate,PL1,Phone,New Hire,30-60 days,After Season,0,0,0,0,20.98,27.38,0,0,0,0,0,0
TTL Full Service Consumer,HIGHSPRING LLC,Tax Associate,PL1,Engagement,New Hire,30-60 days,26-Feb,0,0,0,0,0,0,87,148,0,0,0,0
TTL Full Service Consumer,HIGHSPRING LLC,Tax Associate,PL1,Engagement,New Hire,< 30 days,Before Season,0,0,0,0,0,0,6,10,0,0,0,0
TTL Full Service Consumer,HIGHSPRING LLC,Tax Associate,PL1,Engagement,New Hire,30-60 days,26-Mar,0,0,0,0,0,0,305,520,0,0,0,0
TTL Full Service Consumer,HIGHSPRING LLC,Tax Associate,PL1,Phone,New Hire,60-90 days,After Season,0,0,0,0,55.1,72.27,0,0,0,0,0,0
TTL Full Service Consumer,HIGHSPRING LLC,Tax Associate,PL1,Engagement,New Hire,< 30 days,26-Jan,0,0,0,0,0,0,28,64,0,0,0,0
TTL Full Service Consumer,HIGHSPRING LLC,Tax Associate,PL1,Engagement,New Hire,N/A,26-Jan,0,0,0,0,0,0,1,2,0,0,47.423742,20
TTL Full Service Consumer,HIGHSPRING LLC,Tax Associate,PL1,Engagement,New Hire,< 30 days,26-Apr,0,0,0,0,0,0,10,20,0,0,0,0
TTL Full Service Consumer,HIGHSPRING LLC,Tax Associate,PL1,Engagement,New Hire,N/A,26-Feb,0,0,0,0,0,0,1,1,0,0,729.594557,323
TTL Full Service Consumer,HIGHSPRING LLC,Tax Associate,PL1,Phone,New Hire,< 30 days,26-Jan,5,5,0,0,40.37,47.3,0,0,4322.900002,114,0,0
TTL Full Service Consumer,HIGHSPRING LLC,Tax Associate,PL1,Phone,New Hire,< 30 days,Before Season,-1,1,0,0,6.45,7.04,0,0,257.049999,20,0,0
TTL Full Service Consumer,HIGHSPRING LLC,Tax Associate,PL1,Engagement,New Hire,< 30 days,26-Mar,0,0,0,0,0,0,153,318,0,0,0,0
TTL Full Service Consumer,HIGHSPRING LLC,Tax Associate,PL1,Engagement,New Hire,60-90 days,26-Apr,0,0,0,0,0,0,617,1041,0,0,0,0
TTL Full Service Consumer,HIGHSPRING LLC,Tax Associate,PL1,Engagement,New Hire,60-90 days,26-Mar,0,0,0,0,0,0,16,26,0,0,0,0
TTL Full Service Consumer,HIGHSPRING LLC,Tax Associate,PL1,Engagement,New Hire,< 30 days,26-Feb,0,0,0,0,0,0,377,715,0,0,0,0
TTL Full Service Consumer,HIGHSPRING LLC,Tax Associate,PL1,Engagement,New Hire,N/A,26-Apr,0,0,0,0,0,0,0,0,0,0,1542.295017,754
TTL Full Service Consumer,HIGHSPRING LLC,Tax Associate,PL1,Engagement,New Hire,30-60 days,26-Apr,0,0,0,0,0,0,176,350,0,0,0,0
TTL Full Service Consumer,HIGHSPRING LLC,Tax Associate,PL1,Engagement,New Hire,N/A,After Season,0,0,0,0,0,0,0,0,0,0,193.327616,111
TTL Full Service Consumer,HIGHSPRING LLC,Tax Associate,PL1,Engagement,New Hire,N/A,26-Mar,0,0,0,0,0,0,0,0,0,0,1724.054594,586
TTL Full Service Consumer,HIGHSPRING LLC,Tax Expert,PL1,Phone,New Hire,< 30 days,26-Mar,1,1,0,0,14.96,18.69,0,0,2176.433335,35,0,0
TTL Full Service Consumer,HIGHSPRING LLC,Tax Expert,PL1,Phone,New Hire,30-60 days,26-Feb,3,3,0,0,10.9,14.47,0,0,743.233335,30,0,0
TTL Full Service Consumer,HIGHSPRING LLC,Tax Expert,PL1,Phone,New Hire,30-60 days,26-Mar,0,0,0,0,26.59,38.33,0,0,1611.633331,83,0,0
TTL Full Service Consumer,HIGHSPRING LLC,Tax Expert,PL1,Phone,New Hire,60-90 days,26-Mar,0,0,0,0,0.2,0.2,0,0,34.266667,1,0,0
TTL Full Service Consumer,HIGHSPRING LLC,Tax Expert,PL1,Phone,New Hire,< 30 days,26-Feb,2,2,0,0,35.38,42.55,0,0,4584.266667,85,0,0
TTL Full Service Consumer,HIGHSPRING LLC,Tax Expert,PL1,Engagement,New Hire,< 30 days,26-Mar,0,0,0,0,0,0,13,18,0,0,0,0
TTL Full Service Consumer,HIGHSPRING LLC,Tax Expert,PL1,Engagement,New Hire,60-90 days,26-Apr,0,0,0,0,0,0,0,1,0,0,0,0
TTL Full Service Consumer,HIGHSPRING LLC,Tax Expert,PL1,Engagement,New Hire,30-60 days,26-Mar,0,0,0,0,0,0,14,29,0,0,0,0
TTL Full Service Consumer,HIGHSPRING LLC,Tax Expert,PL1,Engagement,New Hire,< 30 days,26-Feb,0,0,0,0,0,0,30,47,0,0,0,0
TTL Full Service Consumer,HIGHSPRING LLC,Tax Expert,PL1,Engagement,New Hire,N/A,26-Feb,0,0,0,0,0,0,0,0,0,0,54.039462,26
TTL Full Service Consumer,HIGHSPRING LLC,Tax Expert,PL1,Engagement,New Hire,< 30 days,Before Season,0,0,0,0,0,0,2,3,0,0,0,0
TTL Full Service Consumer,HIGHSPRING LLC,Tax Expert,PL1,Engagement,New Hire,N/A,26-Apr,0,0,0,0,0,0,0,0,0,0,15.164973,3
TTL Full Service Consumer,HIGHSPRING LLC,Tax Expert,PL1,Engagement,New Hire,30-60 days,26-Feb,0,0,0,0,0,0,6,11,0,0,0,0
TTL Full Service Consumer,HIGHSPRING LLC,Tax Expert,PL1,Engagement,New Hire,N/A,26-Mar,0,0,0,0,0,0,0,0,0,0,92.179277,42
TTL Full Service Consumer,HIGHSPRING LLC,Tax Expert,PL1,Phone,New Hire,60-90 days,26-Apr,0,0,0,0,0.81,0.85,0,0,13.500001,3,0,0
TTL Full Service Consumer,HIGHSPRING LLC,Tax Expert,PL1,Engagement,New Hire,< 30 days,26-Jan,0,0,0,0,0,0,5,9,0,0,0,0
TTL Full Service Consumer,HIGHSPRING LLC,Tax Expert,PL1,Phone,New Hire,< 30 days,26-Jan,0,0,0,0,4.22,5.04,0,0,1409.583333,11,0,0
TTL Full Service Consumer,HIGHSPRING LLC,Tax Expert,PL1,Engagement,New Hire,60-90 days,26-Mar,0,0,0,0,0,0,1,1,0,0,0,0
TTL Full Service Consumer,HIGHSPRING LLC,Tax Expert,PL1,Phone,New Hire,< 30 days,Before Season,0,0,0,0,0,0,0,0,192.066667,3,0,0
TTL Full Service Consumer,HIGHSPRING LLC,Tax Expert,PL1,Engagement,New Hire,N/A,26-Jan,0,0,0,0,0,0,0,0,0,0,15.006657,5
TTL Full Service Consumer,HIGHSPRING LLC,Tax Associate,PL2,Phone,New Hire,30-60 days,26-Mar,10,16,0,0,284.71,328.03,0,0,18920.98334,631,0,0
TTL Full Service Consumer,HIGHSPRING LLC,Tax Associate,PL2,Phone,New Hire,60-90 days,26-Apr,48,75,0,0,778.37,879.66,0,0,45107.21669,1652,0,0
TTL Full Service Consumer,HIGHSPRING LLC,Tax Associate,PL2,Phone,New Hire,60-90 days,26-Mar,4,4,0,0,42.51,49.7,0,0,3003.449996,133,0,0
TTL Full Service Consumer,HIGHSPRING LLC,Tax Associate,PL2,Phone,New Hire,90-120 days,26-Apr,9,12,0,0,84.63,94.32,0,0,5623.933337,187,0,0
TTL Full Service Consumer,HIGHSPRING LLC,Tax Associate,PL2,Phone,New Hire,< 30 days,26-Jan,0,5,0,1,29.87,37.7,0,0,1402.633332,76,0,0
TTL Full Service Consumer,HIGHSPRING LLC,Tax Associate,PL2,Phone,New Hire,30-60 days,26-Apr,19,25,0,0,189.36,215.35,0,0,10760.8,418,0,0
TTL Full Service Consumer,HIGHSPRING LLC,Tax Associate,PL2,Phone,New Hire,30-60 days,After Season,0,0,0,0,13.33,16.04,0,0,0,0,0,0
TTL Full Service Consumer,HIGHSPRING LLC,Tax Associate,PL2,Phone,New Hire,30-60 days,26-Feb,6,6,0,0,41.47,45.78,0,0,3429.900004,97,0,0
TTL Full Service Consumer,HIGHSPRING LLC,Tax Associate,PL2,Engagement,New Hire,30-60 days,26-Mar,0,0,0,0,0,0,231,316,0,0,0,0
TTL Full Service Consumer,HIGHSPRING LLC,Tax Associate,PL2,Phone,New Hire,< 30 days,26-Feb,3,5,0,0,102.76,119.57,0,0,11576.45,258,0,0
TTL Full Service Consumer,HIGHSPRING LLC,Tax Associate,PL2,Engagement,New Hire,< 30 days,26-Jan,0,0,0,0,0,0,7,25,0,0,0,0
TTL Full Service Consumer,HIGHSPRING LLC,Tax Associate,PL2,Phone,New Hire,< 30 days,26-Apr,1,1,0,0,23.32,27.53,0,0,1010.683334,55,0,0
TTL Full Service Consumer,HIGHSPRING LLC,Tax Associate,PL2,Engagement,New Hire,N/A,Before Season,0,0,0,0,0,0,1,1,0,0,0,0
TTL Full Service Consumer,HIGHSPRING LLC,Tax Associate,PL2,Phone,New Hire,< 30 days,26-Mar,4,6,0,0,81.77,97.65,0,0,8412.633334,195,0,0
TTL Full Service Consumer,HIGHSPRING LLC,Tax Associate,PL2,Engagement,New Hire,N/A,26-Feb,0,0,0,0,0,0,1,1,0,0,212.706822,78
TTL Full Service Consumer,HIGHSPRING LLC,Tax Associate,PL2,Phone,New Hire,< 30 days,After Season,0,0,0,0,1,1.28,0,0,0,0,0,0
TTL Full Service Consumer,HIGHSPRING LLC,Tax Associate,PL2,Engagement,New Hire,< 30 days,26-Mar,0,0,0,0,0,0,62,100,0,0,0,0
TTL Full Service Consumer,HIGHSPRING LLC,Tax Associate,PL2,Engagement,New Hire,< 30 days,26-Apr,0,0,0,0,0,0,22,35,0,0,0,0
TTL Full Service Consumer,HIGHSPRING LLC,Tax Associate,PL2,Engagement,New Hire,N/A,26-Jan,0,0,0,0,0,0,1,1,0,0,14.027751,3
TTL Full Service Consumer,HIGHSPRING LLC,Tax Associate,PL2,Engagement,New Hire,< 30 days,26-Feb,0,0,0,0,0,0,71,123,0,0,0,0
TTL Full Service Consumer,HIGHSPRING LLC,Tax Associate,PL2,Engagement,New Hire,90-120 days,26-Apr,0,0,0,0,0,0,92,134,0,0,0,0
TTL Full Service Consumer,HIGHSPRING LLC,Tax Associate,PL2,Engagement,New Hire,30-60 days,26-Feb,0,0,0,0,0,0,41,53,0,0,0,0
TTL Full Service Consumer,HIGHSPRING LLC,Tax Associate,PL2,Phone,New Hire,60-90 days,After Season,0,0,0,0,58.05,66.35,0,0,0,0,0,0
TTL Full Service Consumer,HIGHSPRING LLC,Tax Associate,PL2,Phone,New Hire,90-120 days,After Season,0,0,0,0,6.33,6.62,0,0,0,0,0,0
TTL Full Service Consumer,HIGHSPRING LLC,Tax Associate,PL2,Engagement,New Hire,< 30 days,Before Season,0,0,0,0,0,0,3,8,0,0,0,0
TTL Full Service Consumer,HIGHSPRING LLC,Tax Associate,PL2,Engagement,New Hire,60-90 days,26-Mar,0,0,0,0,0,0,50,66,0,0,0,0
TTL Full Service Consumer,HIGHSPRING LLC,Tax Associate,PL2,Engagement,New Hire,60-90 days,26-Apr,0,0,0,0,0,0,769,1165,0,0,0,0
TTL Full Service Consumer,HIGHSPRING LLC,Tax Associate,PL2,Phone,New Hire,< 30 days,Before Season,0,0,0,0,3.28,3.44,0,0,314.783332,11,0,0
TTL Full Service Consumer,HIGHSPRING LLC,Tax Associate,PL2,Engagement,New Hire,N/A,After Season,0,0,0,0,0,0,0,0,0,0,322.884889,144
TTL Full Service Consumer,HIGHSPRING LLC,Tax Associate,PL2,Engagement,New Hire,30-60 days,26-Apr,0,0,0,0,0,0,194,286,0,0,0,0
TTL Full Service Consumer,HIGHSPRING LLC,Tax Associate,PL2,Engagement,New Hire,N/A,26-Apr,0,0,0,0,0,0,0,0,0,0,2267.856192,1079
TTL Full Service Consumer,HIGHSPRING LLC,Tax Associate,PL2,Engagement,New Hire,N/A,26-Mar,0,0,0,0,0,0,0,0,0,0,1105.195938,383
TTL Full Service Consumer,HIGHSPRING LLC,Tax Expert,PL2,Phone,New Hire,< 30 days,26-Feb,0,4,0,0,27.71,32.15,0,0,3779.200003,81,0,0
TTL Full Service Consumer,HIGHSPRING LLC,Tax Expert,PL2,Phone,New Hire,60-90 days,26-Mar,-1,1,0,0,16.59,19.53,0,0,825.249997,54,0,0
TTL Full Service Consumer,HIGHSPRING LLC,Tax Expert,PL2,Phone,New Hire,30-60 days,26-Mar,3,3,0,0,50.29,59.46,0,0,2905.88333,106,0,0
TTL Full Service Consumer,HIGHSPRING LLC,Tax Expert,PL2,Phone,New Hire,< 30 days,26-Jan,5,5,1,2,28.71,31.17,0,0,1083.899999,81,0,0
TTL Full Service Consumer,HIGHSPRING LLC,Tax Expert,PL2,Phone,New Hire,< 30 days,26-Mar,0,0,0,0,13.04,14.78,0,0,455.766666,18,0,0
TTL Full Service Consumer,HIGHSPRING LLC,Tax Expert,PL2,Engagement,New Hire,< 30 days,Before Season,0,0,0,0,0,0,2,6,0,0,0,0
TTL Full Service Consumer,HIGHSPRING LLC,Tax Expert,PL2,Phone,New Hire,30-60 days,26-Feb,1,3,0,0,51.18,55.6,0,0,2118.733333,125,0,0
TTL Full Service Consumer,HIGHSPRING LLC,Tax Expert,PL2,Engagement,New Hire,< 30 days,26-Feb,0,0,0,0,0,0,30,48,0,0,0,0
TTL Full Service Consumer,HIGHSPRING LLC,Tax Expert,PL2,Engagement,New Hire,< 30 days,26-Mar,0,0,0,0,0,0,6,12,0,0,0,0
TTL Full Service Consumer,HIGHSPRING LLC,Tax Expert,PL2,Engagement,New Hire,< 30 days,26-Jan,0,0,0,0,0,0,11,25,0,0,0,0
TTL Full Service Consumer,HIGHSPRING LLC,Tax Expert,PL2,Phone,New Hire,< 30 days,Before Season,0,0,0,0,2.45,2.49,0,0,86.266666,5,0,0
TTL Full Service Consumer,HIGHSPRING LLC,Tax Expert,PL2,Engagement,New Hire,90-120 days,26-Apr,0,0,0,0,0,0,16,21,0,0,0,0
TTL Full Service Consumer,HIGHSPRING LLC,Tax Expert,PL2,Phone,New Hire,90-120 days,26-Apr,0,0,0,0,13.02,15.73,0,0,896.383333,32,0,0
TTL Full Service Consumer,HIGHSPRING LLC,Tax Expert,PL2,Engagement,New Hire,60-90 days,26-Apr,0,0,0,0,0,0,84,127,0,0,0,0
TTL Full Service Consumer,HIGHSPRING LLC,Tax Expert,PL2,Engagement,New Hire,30-60 days,26-Mar,0,0,0,0,0,0,32,51,0,0,0,0
TTL Full Service Consumer,HIGHSPRING LLC,Tax Expert,PL2,Engagement,New Hire,60-90 days,26-Mar,0,0,0,0,0,0,14,24,0,0,0,0
TTL Full Service Consumer,HIGHSPRING LLC,Tax Expert,PL2,Phone,New Hire,30-60 days,26-Apr,0,0,0,0,9.26,10.65,0,0,448.016667,18,0,0
TTL Full Service Consumer,HIGHSPRING LLC,Tax Expert,PL2,Phone,New Hire,60-90 days,After Season,0,0,0,0,7.26,8.33,0,0,0,0,0,0
TTL Full Service Consumer,HIGHSPRING LLC,Tax Expert,PL2,Engagement,New Hire,30-60 days,26-Feb,0,0,0,0,0,0,44,71,0,0,0,0
TTL Full Service Consumer,HIGHSPRING LLC,Tax Expert,PL2,Phone,New Hire,30-60 days,After Season,0,0,0,0,0.69,0.71,0,0,0,0,0,0
TTL Full Service Consumer,HIGHSPRING LLC,Tax Expert,PL2,Phone,New Hire,90-120 days,After Season,0,0,0,0,2.01,2.13,0,0,0,0,0,0
TTL Full Service Consumer,HIGHSPRING LLC,Tax Expert,PL2,Engagement,New Hire,N/A,26-Jan,0,0,0,0,0,0,0,0,0,0,14.404159,6
TTL Full Service Consumer,HIGHSPRING LLC,Tax Expert,PL2,Phone,New Hire,60-90 days,26-Apr,5,7,0,0,77.8,91.39,0,0,8861.449996,168,0,0
TTL Full Service Consumer,HIGHSPRING LLC,Tax Expert,PL2,Engagement,New Hire,N/A,After Season,0,0,0,0,0,0,0,0,0,0,32.688759,16
TTL Full Service Consumer,HIGHSPRING LLC,Tax Expert,PL2,Engagement,New Hire,30-60 days,26-Apr,0,0,0,0,0,0,7,12,0,0,0,0
TTL Full Service Consumer,HIGHSPRING LLC,Tax Expert,PL2,Engagement,New Hire,N/A,26-Apr,0,0,0,0,0,0,0,0,0,0,224.579811,101
TTL Full Service Consumer,HIGHSPRING LLC,Tax Expert,PL2,Engagement,New Hire,N/A,26-Mar,0,0,0,0,0,0,0,0,0,0,181.636708,65
TTL Full Service Consumer,HIGHSPRING LLC,Tax Expert,PL2,Engagement,New Hire,N/A,26-Feb,0,0,0,0,0,0,0,0,0,0,217.234991,70
TTL Full Service Consumer,HIGHSPRING LLC,Tax Associate,PL3,Phone,New Hire,< 30 days,26-Mar,1,1,0,0,25.63,27.49,0,0,1406.716667,42,0,0
TTL Full Service Consumer,HIGHSPRING LLC,Tax Associate,PL3,Phone,New Hire,30-60 days,26-Feb,1,1,0,0,19.42,22.92,0,0,1533.083336,47,0,0
TTL Full Service Consumer,HIGHSPRING LLC,Tax Associate,PL3,Phone,New Hire,< 30 days,26-Feb,1,1,0,0,50.36,62.42,0,0,7629.449999,147,0,0
TTL Full Service Consumer,HIGHSPRING LLC,Tax Associate,PL3,Phone,New Hire,30-60 days,26-Mar,2,5,0,0,99.86,113.12,0,0,8496.06666,227,0,0
TTL Full Service Consumer,HIGHSPRING LLC,Tax Associate,PL3,Engagement,New Hire,30-60 days,26-Apr,0,0,0,0,0,0,22,33,0,0,0,0
TTL Full Service Consumer,HIGHSPRING LLC,Tax Associate,PL3,Phone,New Hire,< 30 days,26-Jan,0,0,0,0,1.01,1.56,0,0,384.816666,23,0,0
TTL Full Service Consumer,HIGHSPRING LLC,Tax Associate,PL3,Phone,New Hire,< 30 days,26-Apr,0,0,0,0,0.61,0.61,0,0,86.05,1,0,0
TTL Full Service Consumer,HIGHSPRING LLC,Tax Associate,PL3,Engagement,New Hire,30-60 days,26-Mar,0,0,0,0,0,0,92,123,0,0,0,0
TTL Full Service Consumer,HIGHSPRING LLC,Tax Associate,PL3,Engagement,New Hire,< 30 days,26-Feb,0,0,0,0,0,0,42,53,0,0,0,0
TTL Full Service Consumer,HIGHSPRING LLC,Tax Associate,PL3,Engagement,New Hire,60-90 days,26-Mar,0,0,0,0,0,0,15,22,0,0,0,0
TTL Full Service Consumer,HIGHSPRING LLC,Tax Associate,PL3,Engagement,New Hire,< 30 days,26-Apr,0,0,0,0,0,0,2,2,0,0,0,0
TTL Full Service Consumer,HIGHSPRING LLC,Tax Associate,PL3,Engagement,New Hire,30-60 days,26-Feb,0,0,0,0,0,0,5,13,0,0,0,0
TTL Full Service Consumer,HIGHSPRING LLC,Tax Associate,PL3,Phone,New Hire,60-90 days,26-Apr,11,14,0,0,72.87,82.67,0,0,2691.450006,147,0,0
TTL Full Service Consumer,HIGHSPRING LLC,Tax Associate,PL3,Engagement,New Hire,60-90 days,26-Apr,0,0,0,0,0,0,56,85,0,0,0,0
TTL Full Service Consumer,HIGHSPRING LLC,Tax Associate,PL3,Phone,New Hire,60-90 days,After Season,0,0,0,0,10,12.37,0,0,0,0,0,0
TTL Full Service Consumer,HIGHSPRING LLC,Tax Associate,PL3,Phone,New Hire,30-60 days,26-Apr,2,2,0,0,20.03,23.1,0,0,1222.983334,97,0,0
TTL Full Service Consumer,HIGHSPRING LLC,Tax Associate,PL3,Phone,New Hire,60-90 days,26-Mar,0,0,0,0,14.07,16.89,0,0,1192.733332,39,0,0
TTL Full Service Consumer,HIGHSPRING LLC,Tax Associate,PL3,Phone,New Hire,90-120 days,26-Apr,0,0,0,0,14.64,16.14,0,0,412.716666,29,0,0
TTL Full Service Consumer,HIGHSPRING LLC,Tax Associate,PL3,Engagement,New Hire,N/A,After Season,0,0,0,0,0,0,0,0,0,0,24.951562,7
TTL Full Service Consumer,HIGHSPRING LLC,Tax Associate,PL3,Engagement,New Hire,90-120 days,26-Apr,0,0,0,0,0,0,9,15,0,0,0,0
TTL Full Service Consumer,HIGHSPRING LLC,Tax Associate,PL3,Engagement,New Hire,< 30 days,26-Mar,0,0,0,0,0,0,19,25,0,0,0,0
TTL Full Service Consumer,HIGHSPRING LLC,Tax Associate,PL3,Engagement,New Hire,N/A,26-Feb,0,0,0,0,0,0,0,0,0,0,47.434421,21
TTL Full Service Consumer,HIGHSPRING LLC,Tax Associate,PL3,Engagement,New Hire,N/A,26-Apr,0,0,0,0,0,0,0,0,0,0,364.041317,106
TTL Full Service Consumer,HIGHSPRING LLC,Tax Associate,PL3,Engagement,New Hire,N/A,26-Mar,0,0,0,0,0,0,0,0,0,0,502.857985,141
TTL Full Service Consumer,HIGHSPRING LLC,Tax Expert,PL3,Phone,New Hire,30-60 days,After Season,0,0,0,0,0.61,0.71,0,0,0,0,0,0
TTL Full Service Consumer,HIGHSPRING LLC,Tax Expert,PL3,Phone,New Hire,< 30 days,26-Apr,0,0,0,0,2.33,2.33,0,0,56.633333,4,0,0
TTL Full Service Consumer,HIGHSPRING LLC,Tax Expert,PL3,Engagement,New Hire,60-90 days,26-Apr,0,0,0,0,0,0,6,9,0,0,0,0
TTL Full Service Consumer,HIGHSPRING LLC,Tax Expert,PL3,Phone,New Hire,30-60 days,26-Apr,0,0,0,0,26.09,28.91,0,0,553.766669,49,0,0
TTL Full Service Consumer,HIGHSPRING LLC,Tax Expert,PL3,Engagement,New Hire,30-60 days,26-Apr,0,0,0,0,0,0,23,28,0,0,0,0
TTL Full Service Consumer,HIGHSPRING LLC,Tax Expert,PL3,Phone,New Hire,90-120 days,After Season,0,0,0,0,1.61,1.71,0,0,0,0,0,0
TTL Full Service Consumer,HIGHSPRING LLC,Tax Expert,PL3,Engagement,New Hire,N/A,26-Apr,0,0,0,0,0,0,0,0,0,0,130.406448,39
TTL Full Service Consumer,HIGHSPRING LLC,Tax Expert,PL3,Phone,New Hire,60-90 days,26-Apr,0,0,0,0,9.56,10.64,0,0,491.883336,18,0,0
TTL Full Service Consumer,HIGHSPRING LLC,Tax Expert,PL3,Engagement,New Hire,90-120 days,26-Apr,0,0,0,0,0,0,3,5,0,0,0,0
TTL Full Service Consumer,HIGHSPRING LLC,Tax Expert,PL3,Engagement,New Hire,< 30 days,26-Mar,0,0,0,0,0,0,17,19,0,0,0,0
TTL Full Service Consumer,HIGHSPRING LLC,Tax Expert,PL3,Phone,New Hire,60-90 days,26-Mar,0,0,0,0,11.4,12.02,0,0,1041.749998,28,0,0
TTL Full Service Consumer,HIGHSPRING LLC,Tax Expert,PL3,Engagement,New Hire,< 30 days,26-Apr,0,0,0,0,0,0,2,3,0,0,0,0
TTL Full Service Consumer,HIGHSPRING LLC,Tax Expert,PL3,Engagement,New Hire,60-90 days,26-Mar,0,0,0,0,0,0,11,13,0,0,0,0
TTL Full Service Consumer,HIGHSPRING LLC,Tax Expert,PL3,Phone,New Hire,< 30 days,26-Mar,1,1,0,0,14.64,15.99,0,0,657.45,34,0,0
TTL Full Service Consumer,HIGHSPRING LLC,Tax Expert,PL3,Phone,New Hire,90-120 days,26-Apr,-1,1,0,0,6.95,8.19,0,0,351.433332,14,0,0
TTL Full Service Consumer,HIGHSPRING LLC,Tax Expert,PL3,Engagement,New Hire,N/A,26-Mar,0,0,0,0,0,0,0,0,0,0,63.987082,15
TTL Full Service Consumer,HIGHSPRING LLC,Tax Expert,PL3,Engagement,New Hire,N/A,After Season,0,0,0,0,0,0,0,0,0,0,9.641947,5
TTL Full Service Consumer,HIGHSPRING LLC,Tax Associate,PL4,Phone,New Hire,60-90 days,26-Mar,5,9,0,0,41.11,43.69,0,0,3092.766667,98,0,0
TTL Full Service Consumer,HIGHSPRING LLC,Tax Associate,PL4,Phone,New Hire,< 30 days,26-Mar,1,5,0,0,26.55,33.7,0,0,13684.01667,79,0,0
TTL Full Service Consumer,HIGHSPRING LLC,Tax Associate,PL4,Phone,New Hire,30-60 days,26-Mar,28,48,0,0,456.11,506.21,0,0,41313.38335,1054,0,0
TTL Full Service Consumer,HIGHSPRING LLC,Tax Associate,PL4,Phone,New Hire,< 30 days,26-Feb,14,19,0,0,173.45,190,0,0,29500.64999,464,0,0
TTL Full Service Consumer,HIGHSPRING LLC,Tax Associate,PL4,Phone,New Hire,90-120 days,26-Apr,1,1,0,0,20.18,22.17,0,0,1228.183335,53,0,0
TTL Full Service Consumer,HIGHSPRING LLC,Tax Associate,PL4,Engagement,New Hire,30-60 days,26-Apr,0,0,0,0,0,0,22,29,0,0,0,0
TTL Full Service Consumer,HIGHSPRING LLC,Tax Associate,PL4,Engagement,New Hire,< 30 days,26-Feb,0,0,0,0,0,0,173,237,0,0,0,0
TTL Full Service Consumer,HIGHSPRING LLC,Tax Associate,PL4,Phone,New Hire,30-60 days,26-Apr,3,4,0,0,19.28,21.83,0,0,1580.116665,43,0,0
TTL Full Service Consumer,HIGHSPRING LLC,Tax Associate,PL4,Engagement,New Hire,30-60 days,26-Feb,0,0,0,0,0,0,56,71,0,0,0,0
TTL Full Service Consumer,HIGHSPRING LLC,Tax Associate,PL4,Engagement,New Hire,< 30 days,26-Jan,0,0,0,0,0,0,11,14,0,0,0,0
TTL Full Service Consumer,HIGHSPRING LLC,Tax Associate,PL4,Engagement,New Hire,60-90 days,26-Apr,0,0,0,0,0,0,214,314,0,0,0,0
TTL Full Service Consumer,HIGHSPRING LLC,Tax Associate,PL4,Phone,New Hire,60-90 days,After Season,0,0,0,0,12.04,13.56,0,0,0,0,0,0
TTL Full Service Consumer,HIGHSPRING LLC,Tax Associate,PL4,Engagement,New Hire,< 30 days,26-Mar,0,0,0,0,0,0,20,35,0,0,0,0
TTL Full Service Consumer,HIGHSPRING LLC,Tax Associate,PL4,Phone,New Hire,30-60 days,26-Feb,0,0,0,0,48.77,51.07,0,0,4350.950001,103,0,0
TTL Full Service Consumer,HIGHSPRING LLC,Tax Associate,PL4,Engagement,New Hire,N/A,26-Jan,0,0,0,0,0,0,1,1,0,0,9.192976,5
TTL Full Service Consumer,HIGHSPRING LLC,Tax Associate,PL4,Phone,New Hire,< 30 days,26-Jan,1,1,0,0,7.48,7.88,0,0,1520.583333,19,0,0
TTL Full Service Consumer,HIGHSPRING LLC,Tax Associate,PL4,Phone,New Hire,60-90 days,26-Apr,9,16,0,0,278.06,320.23,0,0,18665.36666,592,0,0
TTL Full Service Consumer,HIGHSPRING LLC,Tax Associate,PL4,Engagement,New Hire,30-60 days,26-Mar,0,0,0,0,0,0,415,546,0,0,0,0
TTL Full Service Consumer,HIGHSPRING LLC,Tax Associate,PL4,Phone,New Hire,< 30 days,Before Season,0,0,0,0,2.29,2.33,0,0,160.799999,8,0,0
TTL Full Service Consumer,HIGHSPRING LLC,Tax Associate,PL4,Engagement,New Hire,< 30 days,Before Season,0,0,0,0,0,0,3,4,0,0,0,0
TTL Full Service Consumer,HIGHSPRING LLC,Tax Associate,PL4,Engagement,New Hire,90-120 days,26-Apr,0,0,0,0,0,0,20,30,0,0,0,0
TTL Full Service Consumer,HIGHSPRING LLC,Tax Associate,PL4,Engagement,New Hire,60-90 days,26-Mar,0,0,0,0,0,0,47,58,0,0,0,0
TTL Full Service Consumer,HIGHSPRING LLC,Tax Associate,PL4,Engagement,New Hire,N/A,26-Mar,0,0,0,0,0,0,0,0,0,0,1431.42057,514
TTL Full Service Consumer,HIGHSPRING LLC,Tax Associate,PL4,Engagement,New Hire,N/A,After Season,0,0,0,0,0,0,0,0,0,0,96.806806,29
TTL Full Service Consumer,HIGHSPRING LLC,Tax Associate,PL4,Engagement,New Hire,N/A,26-Feb,0,0,0,0,0,0,0,0,0,0,467.606399,192
TTL Full Service Consumer,HIGHSPRING LLC,Tax Associate,PL4,Engagement,New Hire,N/A,26-Apr,0,0,0,0,0,0,0,0,0,0,926.257456,308
TTL Full Service Consumer,HIGHSPRING LLC,Tax Expert,PL4,Phone,New Hire,< 30 days,26-Feb,0,2,0,0,42.34,46.89,0,0,3599.733331,93,0,0
TTL Full Service Consumer,HIGHSPRING LLC,Tax Expert,PL4,Phone,New Hire,30-60 days,26-Mar,3,7,0,0,54.15,61.33,0,0,4631.16667,126,0,0
TTL Full Service Consumer,HIGHSPRING LLC,Tax Expert,PL4,Phone,New Hire,30-60 days,26-Apr,1,6,0,0,88.74,101.69,0,0,5758.250002,171,0,0
TTL Full Service Consumer,HIGHSPRING LLC,Tax Expert,PL4,Phone,New Hire,60-90 days,26-Mar,7,7,0,0,38.48,42.01,0,0,2951.850002,94,0,0
TTL Full Service Consumer,HIGHSPRING LLC,Tax Expert,PL4,Phone,New Hire,60-90 days,26-Apr,3,5,0,0,42.25,48.37,0,0,2062.433333,85,0,0
TTL Full Service Consumer,HIGHSPRING LLC,Tax Expert,PL4,Phone,New Hire,30-60 days,26-Feb,10,11,0,0,53.95,57.26,0,0,4334.466665,125,0,0
TTL Full Service Consumer,HIGHSPRING LLC,Tax Expert,PL4,Engagement,New Hire,N/A,Before Season,0,0,0,0,0,0,0,1,0,0,0,0
TTL Full Service Consumer,HIGHSPRING LLC,Tax Expert,PL4,Phone,New Hire,< 30 days,26-Mar,4,5,0,0,34.18,41.01,0,0,4653.283336,86,0,0
TTL Full Service Consumer,HIGHSPRING LLC,Tax Expert,PL4,Engagement,New Hire,< 30 days,26-Jan,0,0,0,0,0,0,6,6,0,0,0,0
TTL Full Service Consumer,HIGHSPRING LLC,Tax Expert,PL4,Engagement,New Hire,< 30 days,26-Feb,0,0,0,0,0,0,46,60,0,0,0,0
TTL Full Service Consumer,HIGHSPRING LLC,Tax Expert,PL4,Phone,New Hire,< 30 days,26-Apr,0,0,0,0,9.26,10.82,0,0,750.966666,20,0,0
TTL Full Service Consumer,HIGHSPRING LLC,Tax Expert,PL4,Engagement,New Hire,60-90 days,26-Mar,0,0,0,0,0,0,43,49,0,0,0,0
TTL Full Service Consumer,HIGHSPRING LLC,Tax Expert,PL4,Phone,New Hire,90-120 days,26-Apr,1,3,0,0,39.16,40.96,0,0,1858.050002,79,0,0
TTL Full Service Consumer,HIGHSPRING LLC,Tax Expert,PL4,Engagement,New Hire,30-60 days,26-Apr,0,0,0,0,0,0,97,119,0,0,0,0
TTL Full Service Consumer,HIGHSPRING LLC,Tax Expert,PL4,Phone,New Hire,< 30 days,26-Jan,0,0,0,0,5.05,5.48,0,0,347.516667,12,0,0
TTL Full Service Consumer,HIGHSPRING LLC,Tax Expert,PL4,Phone,New Hire,30-60 days,After Season,0,0,0,0,1.41,1.77,0,0,0,0,0,0
TTL Full Service Consumer,HIGHSPRING LLC,Tax Expert,PL4,Engagement,New Hire,< 30 days,26-Mar,0,0,0,0,0,0,48,55,0,0,0,0
TTL Full Service Consumer,HIGHSPRING LLC,Tax Expert,PL4,Engagement,New Hire,< 30 days,26-Apr,0,0,0,0,0,0,10,14,0,0,0,0
TTL Full Service Consumer,HIGHSPRING LLC,Tax Expert,PL4,Engagement,New Hire,30-60 days,26-Mar,0,0,0,0,0,0,43,64,0,0,0,0
TTL Full Service Consumer,HIGHSPRING LLC,Tax Expert,PL4,Phone,New Hire,60-90 days,After Season,0,0,0,0,0.2,0.61,0,0,0,0,0,0
TTL Full Service Consumer,HIGHSPRING LLC,Tax Expert,PL4,Engagement,New Hire,N/A,After Season,0,0,0,0,0,0,0,0,0,0,20.976719,11
TTL Full Service Consumer,HIGHSPRING LLC,Tax Expert,PL4,Engagement,New Hire,60-90 days,26-Apr,0,0,0,0,0,0,33,52,0,0,0,0
TTL Full Service Consumer,HIGHSPRING LLC,Tax Expert,PL4,Engagement,New Hire,90-120 days,26-Apr,0,0,0,0,0,0,39,50,0,0,0,0
TTL Full Service Consumer,HIGHSPRING LLC,Tax Expert,PL4,Engagement,New Hire,30-60 days,26-Feb,0,0,0,0,0,0,58,72,0,0,0,0
TTL Full Service Consumer,HIGHSPRING LLC,Tax Expert,PL4,Phone,New Hire,90-120 days,After Season,0,0,0,0,1.61,2.23,0,0,0,0,0,0
TTL Full Service Consumer,HIGHSPRING LLC,Tax Expert,PL4,Engagement,New Hire,N/A,26-Apr,0,0,0,0,0,0,0,0,0,0,495.482402,197
TTL Full Service Consumer,HIGHSPRING LLC,Tax Expert,PL4,Engagement,New Hire,N/A,26-Feb,0,0,0,0,0,0,0,0,0,0,318.408303,98
TTL Full Service Consumer,HIGHSPRING LLC,Tax Expert,PL4,Engagement,New Hire,N/A,26-Mar,0,0,0,0,0,0,0,0,0,0,644.311034,159
TTL Full Service Consumer,HIGHSPRING LLC,Tax Expert,PL4,Engagement,New Hire,N/A,26-Jan,0,0,0,0,0,0,0,0,0,0,9.614444,4
TTL Full Service Consumer,HIGHSPRING LLC,Tax Associate,TTLA,Phone,New Hire,90-120 days,26-Mar,0,0,0,0,4.83,6.89,0,0,165.466666,11,0,0
TTL Full Service Consumer,HIGHSPRING LLC,Tax Expert,TTLA,Phone,New Hire,90-120 days,26-Mar,0,0,0,0,10.86,16.03,0,0,322.166667,24,0,0
TTL Full Service Consumer,HIGHSPRING LLC,Tax Associate,UNKNOWN,Phone,New Hire,60-90 days,After Season,0,0,0,0,0.91,0.95,0,0,0,0,0,0
TTL Full Service Consumer,HIGHSPRING LLC,Tax Associate,UNKNOWN,Phone,New Hire,30-60 days,26-Mar,0,0,0,0,0.24,0.34,0,0,0,0,0,0
TTL Full Service Consumer,HIGHSPRING LLC,Tax Associate,Unknown,Engagement,New Hire,N/A,26-Mar,0,0,0,0,0,0,1,1,0,0,0,0
TTL Full Service Consumer,INTUIT,Tax Associate,OTHER,Phone,New Hire,30-60 days,26-Apr,1,2,0,0,0,0,0,0,1182.516667,52,0,0
TTL Full Service Consumer,INTUIT,Tax Associate,OTHER,Phone,Re-Hire,< 30 days,Before Season,0,0,0,0,0,0,0,0,299.85,28,0,0
TTL Full Service Consumer,INTUIT,Tax Associate,OTHER,Phone,New Hire,< 30 days,26-Mar,0,0,0,0,0,0,0,0,519.35,30,0,0
TTL Full Service Consumer,INTUIT,Tax Associate,OTHER,Phone,Re-Hire,30-60 days,Before Season,5,7,0,0,0,0,0,0,4123.766666,296,0,0
TTL Full Service Consumer,INTUIT,Tax Associate,OTHER,Phone,Re-Hire,30-60 days,26-Jan,2,3,0,0,0,0,0,0,2160.483334,126,0,0
TTL Full Service Consumer,INTUIT,Tax Associate,OTHER,Phone,Re-Hire,30-60 days,26-Feb,11,12,0,0,0.2,0.2,0,0,6441.233334,310,0,0
TTL Full Service Consumer,INTUIT,Tax Associate,OTHER,Engagement,Re-Hire,N/A,Before Season,0,0,0,0,0,0,0,1,0,0,22.152552,12
TTL Full Service Consumer,INTUIT,Tax Associate,OTHER,Phone,Re-Hire,60-90 days,26-Feb,2,4,0,0,0,0,0,0,5823.61667,322,0,0
TTL Full Service Consumer,INTUIT,Tax Associate,OTHER,Engagement,Re-Hire,30-60 days,Before Season,0,0,0,0,0,0,3,4,0,0,0,0
TTL Full Service Consumer,INTUIT,Tax Associate,OTHER,Engagement,New Hire,120+ days,26-Apr,0,0,0,0,0,0,0,1,0,0,0,0
TTL Full Service Consumer,INTUIT,Tax Associate,OTHER,Phone,New Hire,120+ days,After Season,0,0,0,0,0.2,0.61,0,0,3.7,1,0,0
TTL Full Service Consumer,INTUIT,Tax Associate,OTHER,Engagement,Re-Hire,< 30 days,Before Season,0,0,0,0,0,0,1,1,0,0,0,0
TTL Full Service Consumer,INTUIT,Tax Associate,OTHER,Phone,Re-Hire,60-90 days,26-Mar,0,0,0,0,0.61,0.61,0,0,17.616667,1,0,0
TTL Full Service Consumer,INTUIT,Tax Associate,OTHER,Phone,Re-Hire,< 30 days,26-Jan,2,2,0,0,0.2,0.24,0,0,2344.316664,64,0,0
TTL Full Service Consumer,INTUIT,Tax Associate,OTHER,Chat,Re-Hire,30-60 days,26-Feb,0,0,0,0,0,0,0,0,42.7,4,0,0
TTL Full Service Consumer,INTUIT,Tax Associate,OTHER,Chat,Re-Hire,< 30 days,Before Season,0,0,0,0,0,0,0,0,32.283333,9,0,0
TTL Full Service Consumer,INTUIT,Tax Associate,OTHER,Phone,Re-Hire,120+ days,Before Season,1,2,2,2,7.27,8.14,0,0,1186.333333,71,0,0
TTL Full Service Consumer,INTUIT,Tax Associate,OTHER,Phone,Re-Hire,< 30 days,26-Feb,2,6,0,0,0,0,0,0,7492.83333,381,0,0
TTL Full Service Consumer,INTUIT,Tax Associate,OTHER,Engagement,Re-Hire,60-90 days,26-Mar,0,0,0,0,0,0,0,1,0,0,0,0
TTL Full Service Consumer,INTUIT,Tax Associate,OTHER,Engagement,Re-Hire,30-60 days,26-Mar,0,0,0,0,0,0,1,2,0,0,0,0
TTL Full Service Consumer,INTUIT,Tax Associate,OTHER,Phone,New Hire,30-60 days,26-Mar,0,0,0,0,0,0,0,0,796.733332,30,0,0
TTL Full Service Consumer,INTUIT,Tax Associate,OTHER,Chat,Re-Hire,30-60 days,Before Season,0,0,0,0,0,0,0,0,170.116668,13,0,0
TTL Full Service Consumer,INTUIT,Tax Associate,OTHER,Chat,Re-Hire,60-90 days,26-Feb,0,0,0,0,0,0,0,0,63.366668,7,0,0
TTL Full Service Consumer,INTUIT,Tax Associate,OTHER,Phone,New Hire,90-120 days,Before Season,0,0,0,0,0,0,0,0,77.383333,1,0,0
TTL Full Service Consumer,INTUIT,Tax Associate,OTHER,Phone,New Hire,90-120 days,26-Jan,0,0,0,0,0,0,0,0,15.5,1,0,0
TTL Full Service Consumer,INTUIT,Tax Associate,OTHER,Engagement,Re-Hire,N/A,26-Feb,0,0,0,0,0,0,0,0,0,0,625.925028,299
TTL Full Service Consumer,INTUIT,Tax Associate,OTHER,Phone,New Hire,60-90 days,Before Season,0,0,0,0,0,0,0,0,118.966667,4,0,0
TTL Full Service Consumer,INTUIT,Tax Associate,OTHER,Engagement,Re-Hire,N/A,26-Jan,0,0,0,0,0,0,0,0,0,0,116.824078,52
TTL Full Service Consumer,INTUIT,Tax Associate,OTHER,Phone,New Hire,90-120 days,26-Feb,0,0,0,0,0,0,0,0,15.366667,1,0,0
TTL Full Service Consumer,INTUIT,Tax Associate,OTHER,Engagement,Re-Hire,N/A,26-Apr,0,0,0,0,0,0,0,0,0,0,21.10158,5
TTL Full Service Consumer,INTUIT,Tax Associate,OTHER,Engagement,Re-Hire,N/A,26-Mar,0,0,0,0,0,0,0,0,0,0,125.340058,34
TTL Full Service Consumer,INTUIT,Tax Associate,OTHER,Phone,New Hire,120+ days,Before Season,0,0,0,0,0,0,0,0,201.766666,3,0,0
TTL Full Service Consumer,INTUIT,Tax Associate,OTHER,Phone,Re-Hire,60-90 days,Before Season,0,2,0,0,0,0,0,0,0,0,0,0
TTL Full Service Consumer,INTUIT,Tax Associate,OTHER,Phone,New Hire,30-60 days,Before Season,0,0,0,0,0,0,0,0,245.066667,6,0,0
TTL Full Service Consumer,INTUIT,Tax Expert,OTHER,Phone,Re-Hire,120+ days,26-Jan,3,3,0,0,8,8.72,0,0,1166.266666,48,0,0
TTL Full Service Consumer,INTUIT,Tax Expert,OTHER,Phone,Re-Hire,120+ days,26-Apr,0,0,0,0,0,0,0,0,2105.833333,124,0,0
TTL Full Service Consumer,INTUIT,Tax Expert,OTHER,Phone,Re-Hire,120+ days,26-Mar,3,3,0,0,0,0,0,0,2653.383327,158,0,0
TTL Full Service Consumer,INTUIT,Tax Expert,OTHER,Phone,New Hire,120+ days,Before Season,0,0,0,0,2.78,4.37,0,0,8235.949998,440,0,0
TTL Full Service Consumer,INTUIT,Tax Expert,OTHER,Phone,Re-Hire,60-90 days,26-Mar,0,0,0,0,0,0,0,0,14751.28333,961,0,0
TTL Full Service Consumer,INTUIT,Tax Expert,OTHER,Phone,Re-Hire,120+ days,Before Season,3,3,2,2,9.73,11.67,0,0,10753.88334,699,0,0
TTL Full Service Consumer,INTUIT,Tax Expert,OTHER,Phone,Re-Hire,90-120 days,After Season,0,0,0,0,0,0,0,0,25815.75,1570,0,0
TTL Full Service Consumer,INTUIT,Tax Expert,OTHER,Engagement,Re-Hire,120+ days,26-Feb,0,0,0,0,0,0,481,524,0,0,0,0
TTL Full Service Consumer,INTUIT,Tax Expert,OTHER,Phone,Re-Hire,< 30 days,Before Season,6,7,0,0,0,0,0,0,998.53333,53,0,0
TTL Full Service Consumer,INTUIT,Tax Expert,OTHER,Phone,Re-Hire,< 30 days,26-Jan,2,2,0,0,0,0,0,0,1098.516667,31,0,0
TTL Full Service Consumer,INTUIT,Tax Expert,OTHER,Phone,Re-Hire,30-60 days,26-Mar,0,0,0,0,0,0,0,0,157415.6,9076,0,0
TTL Full Service Consumer,INTUIT,Tax Expert,OTHER,Phone,New Hire,120+ days,26-Jan,0,0,0,0,0,0,0,0,67.383333,2,0,0
TTL Full Service Consumer,INTUIT,Tax Expert,OTHER,Phone,Re-Hire,120+ days,After Season,0,0,0,0,0,0,0,0,2416.416668,134,0,0
TTL Full Service Consumer,INTUIT,Tax Expert,OTHER,Phone,Re-Hire,90-120 days,26-Apr,0,0,0,0,0,0,0,0,285.316667,15,0,0
TTL Full Service Consumer,INTUIT,Tax Expert,OTHER,Phone,Re-Hire,60-90 days,26-Apr,0,0,0,0,0,0,0,0,80791.33333,4653,0,0
TTL Full Service Consumer,INTUIT,Tax Expert,OTHER,Engagement,Re-Hire,120+ days,Before Season,0,0,0,0,0,0,31,39,0,0,0,0
TTL Full Service Consumer,INTUIT,Tax Expert,OTHER,Phone,New Hire,120+ days,26-Apr,0,0,0,0,0,0,0,0,539.900001,37,0,0
TTL Full Service Consumer,INTUIT,Tax Expert,OTHER,Phone,Re-Hire,30-60 days,26-Feb,7,8,0,0,0,0,0,0,13826.51667,827,0,0
TTL Full Service Consumer,INTUIT,Tax Expert,OTHER,Engagement,Re-Hire,60-90 days,26-Jan,0,0,0,0,0,0,1,1,0,0,0,0
TTL Full Service Consumer,INTUIT,Tax Expert,OTHER,Engagement,Re-Hire,120+ days,26-Jan,0,0,0,0,0,0,69,80,0,0,0,0
TTL Full Service Consumer,INTUIT,Tax Expert,OTHER,Phone,Re-Hire,30-60 days,Before Season,9,9,0,0,0,0,0,0,2883.150001,151,0,0
TTL Full Service Consumer,INTUIT,Tax Expert,OTHER,Phone,Re-Hire,30-60 days,26-Apr,0,0,0,0,0,0,0,0,10337.21667,634,0,0
TTL Full Service Consumer,INTUIT,Tax Expert,OTHER,Phone,New Hire,120+ days,After Season,0,0,0,0,0,0,0,0,718.166666,63,0,0
TTL Full Service Consumer,INTUIT,Tax Expert,OTHER,Phone,Re-Hire,90-120 days,26-Mar,0,0,0,0,0,0,0,0,162.166666,10,0,0
TTL Full Service Consumer,INTUIT,Tax Expert,OTHER,Phone,Re-Hire,30-60 days,26-Jan,1,1,0,0,0,0,0,0,941.749998,36,0,0
TTL Full Service Consumer,INTUIT,Tax Expert,OTHER,Phone,Re-Hire,< 30 days,26-Mar,0,0,0,0,0,0,0,0,16523.46666,952,0,0
TTL Full Service Consumer,INTUIT,Tax Expert,OTHER,Phone,Re-Hire,60-90 days,After Season,0,0,0,0,0,0,0,0,80096.48333,4530,0,0
TTL Full Service Consumer,INTUIT,Tax Expert,OTHER,Engagement,Re-Hire,120+ days,26-Mar,0,0,0,0,0,0,137,141,0,0,0,0
TTL Full Service Consumer,INTUIT,Tax Expert,OTHER,Phone,Re-Hire,120+ days,26-Feb,3,3,0,0,0,0,0,0,1564.199999,101,0,0
TTL Full Service Consumer,INTUIT,Tax Expert,OTHER,Phone,New Hire,120+ days,26-Feb,0,0,0,0,0,0,0,0,912.116666,38,0,0
TTL Full Service Consumer,INTUIT,Tax Expert,OTHER,Engagement,New Hire,120+ days,Before Season,0,0,0,0,0,0,1,1,0,0,0,0
TTL Full Service Consumer,INTUIT,Tax Expert,OTHER,Phone,New Hire,< 30 days,26-Feb,0,0,0,0,0,0,0,0,92.866667,9,0,0
TTL Full Service Consumer,INTUIT,Tax Expert,OTHER,Phone,Re-Hire,< 30 days,26-Feb,5,5,0,0,0,0,0,0,36418.56668,2152,0,0
TTL Full Service Consumer,INTUIT,Tax Expert,OTHER,Phone,New Hire,120+ days,26-Mar,0,0,0,0,0,0,0,0,1498.699999,66,0,0
TTL Full Service Consumer,INTUIT,Tax Expert,OTHER,Phone,Re-Hire,60-90 days,26-Feb,8,8,0,0,0,0,0,0,2839.633334,88,0,0
TTL Full Service Consumer,INTUIT,Tax Expert,OTHER,Phone,New Hire,30-60 days,26-Mar,0,0,0,0,0,0,0,0,19.783333,1,0,0
TTL Full Service Consumer,INTUIT,Tax Expert,OTHER,Engagement,Re-Hire,N/A,26-Apr,0,0,0,0,0,0,0,0,0,0,7.541541,2
TTL Full Service Consumer,INTUIT,Tax Expert,OTHER,Engagement,Re-Hire,N/A,26-Mar,0,0,0,0,0,0,0,0,0,0,90.839313,14
TTL Full Service Consumer,INTUIT,Tax Expert,OTHER,Engagement,Re-Hire,N/A,Before Season,0,0,0,0,0,0,0,0,0,0,20.818547,8
TTL Full Service Consumer,INTUIT,Tax Expert,OTHER,Engagement,Re-Hire,N/A,26-Feb,0,0,0,0,0,0,0,0,0,0,529.506029,153
TTL Full Service Consumer,INTUIT,Tax Expert,OTHER,Engagement,New Hire,N/A,26-Mar,0,0,0,0,0,0,0,0,0,0,7.88081,1
TTL Full Service Consumer,INTUIT,Tax Expert,OTHER,Engagement,Re-Hire,N/A,After Season,0,0,0,0,0,0,0,0,0,0,3.006295,2
TTL Full Service Consumer,INTUIT,Tax Expert,OTHER,Phone,Re-Hire,60-90 days,Before Season,6,7,0,0,0,0,0,0,0,0,0,0
TTL Full Service Consumer,INTUIT,Tax Expert,OTHER,Phone,Re-Hire,90-120 days,Before Season,1,1,0,0,0,0,0,0,278.916666,15,0,0
TTL Full Service Consumer,INTUIT,Tax Expert,OTHER,Engagement,Re-Hire,N/A,26-Jan,0,0,0,0,0,0,0,0,0,0,121.500359,48
TTL Full Service Consumer,INTUIT,Tax Specialist,OTHER,Phone,Re-Hire,90-120 days,After Season,8,14,6,12,0,0,0,0,8110.666664,486,0,0
TTL Full Service Consumer,INTUIT,Tax Specialist,OTHER,Phone,Re-Hire,120+ days,26-Apr,4,4,1,1,0,0,0,0,3558.03333,246,0,0
TTL Full Service Consumer,INTUIT,Tax Specialist,OTHER,Phone,Re-Hire,< 30 days,26-Jan,2,5,0,0,0,0,0,0,3367.483333,165,0,0
TTL Full Service Consumer,INTUIT,Tax Specialist,OTHER,Phone,Re-Hire,60-90 days,26-Apr,7,7,1,2,0,0,0,0,8199.533333,481,0,0
TTL Full Service Consumer,INTUIT,Tax Specialist,OTHER,Phone,New Hire,30-60 days,After Season,2,4,0,1,0,0,0,0,4994.099994,286,0,0
TTL Full Service Consumer,INTUIT,Tax Specialist,OTHER,Phone,Re-Hire,60-90 days,After Season,0,0,0,0,0,0,0,0,261.333338,35,0,0
TTL Full Service Consumer,INTUIT,Tax Specialist,OTHER,Phone,Re-Hire,30-60 days,26-Mar,88,111,7,8,0,0,0,0,76832.31667,4921,0,0
TTL Full Service Consumer,INTUIT,Tax Specialist,OTHER,Phone,Re-Hire,90-120 days,26-Apr,7,7,4,4,0,0,0,0,11161.24999,646,0,0
TTL Full Service Consumer,INTUIT,Tax Specialist,OTHER,Phone,Re-Hire,< 30 days,Before Season,155,167,0,0,0,0,0,0,55070.86665,3464,0,0
TTL Full Service Consumer,INTUIT,Tax Specialist,OTHER,Phone,New Hire,60-90 days,After Season,0,0,0,0,0,0,0,0,2159.116665,133,0,0
TTL Full Service Consumer,INTUIT,Tax Specialist,OTHER,Phone,Re-Hire,90-120 days,26-Mar,25,44,12,14,0,0,0,0,25220.66666,1642,0,0
TTL Full Service Consumer,INTUIT,Tax Specialist,OTHER,Phone,New Hire,< 30 days,26-Apr,0,0,0,0,0,0,0,0,317.350001,14,0,0
TTL Full Service Consumer,INTUIT,Tax Specialist,OTHER,Phone,Re-Hire,120+ days,After Season,0,2,0,0,0,0,0,0,4739.250006,348,0,0
TTL Full Service Consumer,INTUIT,Tax Specialist,OTHER,Phone,New Hire,< 30 days,26-Mar,1088,2149,572,997,0,0,0,0,1098279.85,64944,0,0
TTL Full Service Consumer,INTUIT,Tax Specialist,OTHER,Engagement,New Hire,< 30 days,26-Jan,0,0,0,0,0,0,6,11,0,0,0,0
TTL Full Service Consumer,INTUIT,Tax Specialist,OTHER,Phone,New Hire,60-90 days,26-Mar,2,6,3,6,0,0,0,0,3777.983337,231,0,0
TTL Full Service Consumer,INTUIT,Tax Specialist,OTHER,Engagement,Re-Hire,30-60 days,26-Jan,0,0,0,0,0,0,5,29,0,0,0,0
TTL Full Service Consumer,INTUIT,Tax Specialist,OTHER,Phone,New Hire,30-60 days,26-Apr,7,8,1,2,0,0,0,0,9181.28333,390,0,0
TTL Full Service Consumer,INTUIT,Tax Specialist,OTHER,Phone,New Hire,30-60 days,26-Feb,6,14,0,0,0,0,0,0,4751.249992,260,0,0
TTL Full Service Consumer,INTUIT,Tax Specialist,OTHER,Phone,New Hire,90-120 days,26-Apr,0,0,0,0,0,0,0,0,1898.349997,83,0,0
TTL Full Service Consumer,INTUIT,Tax Specialist,OTHER,Engagement,Re-Hire,90-120 days,26-Mar,0,0,0,0,0,0,39,54,0,0,0,0
TTL Full Service Consumer,INTUIT,Tax Specialist,OTHER,Phone,Re-Hire,< 30 days,26-Mar,12,46,14,27,0,0,0,0,30444.23334,1802,0,0
TTL Full Service Consumer,INTUIT,Tax Specialist,OTHER,Engagement,Re-Hire,60-90 days,After Season,0,0,0,0,0,0,2,3,0,0,0,0
TTL Full Service Consumer,INTUIT,Tax Specialist,OTHER,Phone,New Hire,60-90 days,26-Apr,2,2,1,1,0,0,0,0,4144.549998,324,0,0
TTL Full Service Consumer,INTUIT,Tax Specialist,OTHER,Phone,Re-Hire,< 30 days,26-Feb,37,46,0,0,0,0,0,0,18487.48333,791,0,0
TTL Full Service Consumer,INTUIT,Tax Specialist,OTHER,Phone,Re-Hire,30-60 days,26-Apr,0,0,0,0,0,0,0,0,121.916668,15,0,0
TTL Full Service Consumer,INTUIT,Tax Specialist,OTHER,Engagement,New Hire,60-90 days,26-Apr,0,0,0,0,0,0,38,59,0,0,0,0
TTL Full Service Consumer,INTUIT,Tax Specialist,OTHER,Phone,New Hire,90-120 days,After Season,0,2,0,1,0,0,0,0,2247.533341,126,0,0
TTL Full Service Consumer,INTUIT,Tax Specialist,OTHER,Engagement,Re-Hire,N/A,26-Feb,0,0,0,0,0,0,0,1,0,0,6688.40421,2989
TTL Full Service Consumer,INTUIT,Tax Specialist,OTHER,Phone,New Hire,30-60 days,26-Mar,825,1521,410,677,0,0,0,0,738860.0667,46857,0,0
TTL Full Service Consumer,INTUIT,Tax Specialist,OTHER,Engagement,Re-Hire,120+ days,26-Apr,0,0,0,0,0,0,21,30,0,0,0,0
TTL Full Service Consumer,INTUIT,Tax Specialist,OTHER,Phone,Re-Hire,60-90 days,26-Mar,92,130,16,23,0,0,0,0,71755.7,4319,0,0
TTL Full Service Consumer,INTUIT,Tax Specialist,OTHER,Engagement,Re-Hire,60-90 days,26-Mar,0,0,0,0,0,0,38,62,0,0,0,0
TTL Full Service Consumer,INTUIT,Tax Specialist,OTHER,Phone,Re-Hire,120+ days,26-Mar,4,6,2,2,0,0,0,0,3007.883339,195,0,0
TTL Full Service Consumer,INTUIT,Tax Specialist,OTHER,Engagement,New Hire,60-90 days,26-Mar,0,0,0,0,0,0,12,19,0,0,0,0
TTL Full Service Consumer,INTUIT,Tax Specialist,OTHER,Engagement,New Hire,< 30 days,Before Season,0,0,0,0,0,0,0,1,0,0,0,0
TTL Full Service Consumer,INTUIT,Tax Specialist,OTHER,Engagement,Re-Hire,60-90 days,26-Feb,0,0,0,0,0,0,20,35,0,0,0,0
TTL Full Service Consumer,INTUIT,Tax Specialist,OTHER,Engagement,New Hire,60-90 days,After Season,0,0,0,0,0,0,12,20,0,0,0,0
TTL Full Service Consumer,INTUIT,Tax Specialist,OTHER,Engagement,New Hire,< 30 days,26-Feb,0,0,0,0,0,0,21,54,0,0,0,0
TTL Full Service Consumer,INTUIT,Tax Specialist,OTHER,Phone,Re-Hire,120+ days,26-Feb,12,20,0,0,0,0,0,0,8526.183335,579,0,0
TTL Full Service Consumer,INTUIT,Tax Specialist,OTHER,Engagement,Re-Hire,< 30 days,Before Season,0,0,0,0,0,0,1,1,0,0,0,0
TTL Full Service Consumer,INTUIT,Tax Specialist,OTHER,Phone,Re-Hire,60-90 days,26-Feb,103,120,1,1,0,0,0,0,43610.6,2634,0,0
TTL Full Service Consumer,INTUIT,Tax Specialist,OTHER,Engagement,Re-Hire,< 30 days,26-Jan,0,0,0,0,0,0,0,1,0,0,0,0
TTL Full Service Consumer,INTUIT,Tax Specialist,OTHER,Engagement,Re-Hire,60-90 days,26-Apr,0,0,0,0,0,0,86,141,0,0,0,0
TTL Full Service Consumer,INTUIT,Tax Specialist,OTHER,Engagement,New Hire,N/A,26-Mar,0,0,0,0,0,0,0,0,0,0,30199.78343,9411
TTL Full Service Consumer,INTUIT,Tax Specialist,OTHER,Phone,Re-Hire,30-60 days,26-Feb,385,514,0,0,0,0,0,0,247245.5667,13393,0,0
TTL Full Service Consumer,INTUIT,Tax Specialist,OTHER,Engagement,New Hire,N/A,26-Apr,0,0,0,0,0,0,0,0,0,0,6925.050216,1651
TTL Full Service Consumer,INTUIT,Tax Specialist,OTHER,Engagement,Re-Hire,90-120 days,After Season,0,0,0,0,0,0,18,58,0,0,0,0
TTL Full Service Consumer,INTUIT,Tax Specialist,OTHER,Engagement,Re-Hire,N/A,26-Apr,0,0,0,0,0,0,0,0,0,0,1907.580959,524
TTL Full Service Consumer,INTUIT,Tax Specialist,OTHER,Engagement,New Hire,30-60 days,26-Feb,0,0,0,0,0,0,24,49,0,0,0,0
TTL Full Service Consumer,INTUIT,Tax Specialist,OTHER,Engagement,New Hire,N/A,After Season,0,0,0,0,0,0,0,0,0,0,417.641106,121
TTL Full Service Consumer,INTUIT,Tax Specialist,OTHER,Engagement,Re-Hire,< 30 days,26-Feb,0,0,0,0,0,0,10,28,0,0,0,0
TTL Full Service Consumer,INTUIT,Tax Specialist,OTHER,Engagement,New Hire,N/A,26-Jan,0,0,0,0,0,0,0,0,0,0,1.473756,1
TTL Full Service Consumer,INTUIT,Tax Specialist,OTHER,Engagement,Re-Hire,30-60 days,26-Feb,0,0,0,0,0,0,36,87,0,0,0,0
TTL Full Service Consumer,INTUIT,Tax Specialist,OTHER,Phone,New Hire,< 30 days,26-Feb,441,706,0,0,0,0,0,0,378130.6333,18528,0,0
TTL Full Service Consumer,INTUIT,Tax Specialist,OTHER,Engagement,Re-Hire,90-120 days,26-Apr,0,0,0,0,0,0,67,98,0,0,0,0
TTL Full Service Consumer,INTUIT,Tax Specialist,OTHER,Engagement,New Hire,30-60 days,26-Mar,0,0,0,0,0,0,14,29,0,0,0,0
TTL Full Service Consumer,INTUIT,Tax Specialist,OTHER,Phone,Re-Hire,120+ days,26-Jan,0,0,0,0,0,0,0,0,767.766667,46,0,0
TTL Full Service Consumer,INTUIT,Tax Specialist,OTHER,Engagement,New Hire,30-60 days,After Season,0,0,0,0,0,0,16,41,0,0,0,0
TTL Full Service Consumer,INTUIT,Tax Specialist,OTHER,Phone,New Hire,< 30 days,26-Jan,2,2,0,0,0,0,0,0,463.900002,24,0,0
TTL Full Service Consumer,INTUIT,Tax Specialist,OTHER,Engagement,Re-Hire,120+ days,After Season,0,0,0,0,0,0,9,24,0,0,0,0
TTL Full Service Consumer,INTUIT,Tax Specialist,OTHER,Engagement,New Hire,90-120 days,After Season,0,0,0,0,0,0,3,10,0,0,0,0
TTL Full Service Consumer,INTUIT,Tax Specialist,OTHER,Phone,Re-Hire,30-60 days,26-Jan,20,24,0,0,0,0,0,0,14879.46667,645,0,0
TTL Full Service Consumer,INTUIT,Tax Specialist,OTHER,Engagement,New Hire,30-60 days,26-Apr,0,0,0,0,0,0,78,120,0,0,0,0
TTL Full Service Consumer,INTUIT,Tax Specialist,OTHER,Engagement,New Hire,90-120 days,26-Apr,0,0,0,0,0,0,10,14,0,0,0,0
TTL Full Service Consumer,INTUIT,Tax Specialist,OTHER,Engagement,Re-Hire,30-60 days,Before Season,0,0,0,0,0,0,8,45,0,0,0,0
TTL Full Service Consumer,INTUIT,Tax Specialist,OTHER,Engagement,Re-Hire,30-60 days,26-Mar,0,0,0,0,0,0,20,37,0,0,0,0
TTL Full Service Consumer,INTUIT,Tax Specialist,OTHER,Engagement,Re-Hire,30-60 days,26-Apr,0,0,0,0,0,0,0,2,0,0,0,0
TTL Full Service Consumer,INTUIT,Tax Specialist,OTHER,Engagement,New Hire,< 30 days,26-Apr,0,0,0,0,0,0,2,6,0,0,0,0
TTL Full Service Consumer,INTUIT,Tax Specialist,OTHER,Phone,Re-Hire,30-60 days,Before Season,490,528,0,0,14.4,16.08,0,0,213944.6167,14853,0,0
TTL Full Service Consumer,INTUIT,Tax Specialist,OTHER,Engagement,Re-Hire,N/A,26-Mar,0,0,0,0,0,0,0,0,0,0,8939.564839,3046
TTL Full Service Consumer,INTUIT,Tax Specialist,OTHER,Engagement,Re-Hire,N/A,After Season,0,0,0,0,0,0,0,0,0,0,360.847202,112
TTL Full Service Consumer,INTUIT,Tax Specialist,OTHER,Engagement,Re-Hire,N/A,26-Jan,0,0,0,0,0,0,0,0,0,0,2499.47293,1092
TTL Full Service Consumer,INTUIT,Tax Specialist,OTHER,Engagement,New Hire,N/A,26-Feb,0,0,0,0,0,0,0,0,0,0,4327.588345,1536
TTL Full Service Consumer,INTUIT,Tax Specialist,OTHER,Engagement,Re-Hire,N/A,Before Season,0,0,0,0,0,0,0,0,0,0,1105.954118,564
TTL Full Service Consumer,INTUIT,Tax Associate,PL1,Phone,Re-Hire,30-60 days,26-Feb,194,383,133,192,5461.38,6358.05,0,0,221784.5166,12392,0,0
TTL Full Service Consumer,INTUIT,Tax Associate,PL1,Phone,Re-Hire,60-90 days,26-Mar,59,119,50,80,1910.54,2284.1,0,0,65393.75001,4572,0,0
TTL Full Service Consumer,INTUIT,Tax Associate,PL1,Phone,New Hire,60-90 days,26-Feb,11,13,1,3,450.72,527.78,0,0,13551.28334,1229,0,0
TTL Full Service Consumer,INTUIT,Tax Associate,PL1,Phone,New Hire,< 30 days,After Season,0,0,0,0,48.2,58.65,0,0,749.200001,56,0,0
TTL Full Service Consumer,INTUIT,Tax Associate,PL1,Phone,New Hire,120+ days,26-Mar,0,0,0,0,22.65,27.9,0,0,684.3,94,0,0
TTL Full Service Consumer,INTUIT,Tax Associate,PL1,Phone,Re-Hire,60-90 days,26-Jan,1,1,0,0,47.73,52.72,0,0,1522.449996,144,0,0
TTL Full Service Consumer,INTUIT,Tax Associate,PL1,Phone,New Hire,30-60 days,Before Season,24,28,3,3,493.13,552.58,0,0,16393.06667,1295,0,0
TTL Full Service Consumer,INTUIT,Tax Associate,PL1,Phone,Re-Hire,120+ days,After Season,-1,3,1,2,80.24,97.88,0,0,2575.016662,193,0,0
TTL Full Service Consumer,INTUIT,Tax Associate,PL1,Phone,Re-Hire,60-90 days,26-Feb,94,193,55,95,3203.43,3750.06,0,0,125335.4,7664,0,0
TTL Full Service Consumer,INTUIT,Tax Associate,PL1,Phone,New Hire,< 30 days,26-Feb,48,89,26,36,1035.62,1207.45,0,0,44013.69999,2248,0,0
TTL Full Service Consumer,INTUIT,Tax Associate,PL1,Phone,Re-Hire,90-120 days,26-Feb,2,3,1,1,86.31,96.23,0,0,2723.133335,257,0,0
TTL Full Service Consumer,INTUIT,Tax Associate,PL1,Phone,Re-Hire,120+ days,26-Jan,0,0,0,0,34.47,39.41,0,0,1294.01667,84,0,0
TTL Full Service Consumer,INTUIT,Tax Associate,PL1,Phone,New Hire,30-60 days,After Season,2,2,1,1,178.6,220.73,0,0,4235.133332,309,0,0
TTL Full Service Consumer,INTUIT,Tax Associate,PL1,Phone,New Hire,< 30 days,26-Mar,28,75,24,44,1032.62,1264.81,0,0,41872.93333,2448,0,0
TTL Full Service Consumer,INTUIT,Tax Associate,PL1,Phone,New Hire,< 30 days,26-Jan,-1,1,0,1,14.49,17,0,0,371.966671,41,0,0
TTL Full Service Consumer,INTUIT,Tax Associate,PL1,Phone,Re-Hire,90-120 days,After Season,1,1,0,0,47.6,57.21,0,0,2298.783342,102,0,0
TTL Full Service Consumer,INTUIT,Tax Associate,PL1,Phone,Re-Hire,30-60 days,26-Apr,1,3,0,0,200.15,246.13,0,0,10346.58334,521,0,0
TTL Full Service Consumer,INTUIT,Tax Associate,PL1,Phone,Re-Hire,90-120 days,26-Apr,5,7,0,0,152.8,181.22,0,0,6953.083335,424,0,0
TTL Full Service Consumer,INTUIT,Tax Associate,PL1,Phone,New Hire,< 30 days,Before Season,0,0,0,0,62.83,72.13,0,0,1034.583336,101,0,0
TTL Full Service Consumer,INTUIT,Tax Associate,PL1,Phone,New Hire,30-60 days,26-Feb,5,7,2,3,188.38,225.7,0,0,5403.249993,549,0,0
TTL Full Service Consumer,INTUIT,Tax Associate,PL1,Phone,Re-Hire,< 30 days,Before Season,50,54,4,4,632.48,702.99,0,0,25244.48332,1573,0,0
TTL Full Service Consumer,INTUIT,Tax Associate,PL1,Phone,Re-Hire,120+ days,26-Apr,2,2,0,0,160.6,190.17,0,0,8072.549997,468,0,0
TTL Full Service Consumer,INTUIT,Tax Associate,PL1,Phone,Re-Hire,< 30 days,26-Jan,22,40,15,20,682.64,816.24,0,0,39985.11666,1819,0,0
TTL Full Service Consumer,INTUIT,Tax Associate,PL1,Phone,New Hire,90-120 days,26-Feb,1,1,0,0,31.34,35.52,0,0,912.500001,97,0,0
TTL Full Service Consumer,INTUIT,Tax Associate,PL1,Phone,New Hire,90-120 days,After Season,0,2,0,1,26.09,29.66,0,0,580.633332,55,0,0
TTL Full Service Consumer,INTUIT,Tax Associate,PL1,Phone,New Hire,120+ days,After Season,1,1,0,0,88.1,108.46,0,0,2308.450001,208,0,0
TTL Full Service Consumer,INTUIT,Tax Associate,PL1,Phone,Re-Hire,30-60 days,After Season,0,0,0,0,39.29,48.38,0,0,1388.433334,62,0,0
TTL Full Service Consumer,INTUIT,Tax Associate,PL1,Phone,Re-Hire,120+ days,Before Season,2,2,0,0,74.86,80.05,0,0,2433.150002,186,0,0
TTL Full Service Consumer,INTUIT,Tax Associate,PL1,Phone,Re-Hire,< 30 days,26-Mar,3,7,3,5,190.74,232.49,0,0,7986.599996,417,0,0
TTL Full Service Consumer,INTUIT,Tax Associate,PL1,Phone,Re-Hire,90-120 days,26-Mar,5,15,3,7,386.91,450.46,0,0,16099.41666,1124,0,0
TTL Full Service Consumer,INTUIT,Tax Associate,PL1,Phone,New Hire,60-90 days,26-Mar,3,7,3,5,99.06,119.04,0,0,3792.533328,266,0,0
TTL Full Service Consumer,INTUIT,Tax Associate,PL1,Phone,Re-Hire,30-60 days,26-Mar,53,152,74,118,2228.93,2715.51,0,0,71037.98332,5118,0,0
TTL Full Service Consumer,INTUIT,Tax Associate,PL1,Phone,New Hire,90-120 days,26-Mar,4,4,2,2,114.24,133.49,0,0,4496.666673,337,0,0
TTL Full Service Consumer,INTUIT,Tax Associate,PL1,Phone,New Hire,30-60 days,26-Jan,3,4,2,2,198.21,233.71,0,0,5671.533335,493,0,0
TTL Full Service Consumer,INTUIT,Tax Associate,PL1,Phone,Re-Hire,60-90 days,Before Season,2,2,0,0,102.57,112.24,0,0,4574.733329,396,0,0
TTL Full Service Consumer,INTUIT,Tax Associate,PL1,Phone,Re-Hire,< 30 days,26-Feb,75,130,32,39,1975.97,2292.91,0,0,83093.36666,4397,0,0
TTL Full Service Consumer,INTUIT,Tax Associate,PL1,Phone,New Hire,60-90 days,Before Season,1,1,1,1,17.44,19.09,0,0,615.833333,42,0,0
TTL Full Service Consumer,INTUIT,Tax Associate,PL1,Phone,Re-Hire,30-60 days,Before Season,99,118,18,22,2162.12,2442.7,0,0,92074.58331,6147,0,0
TTL Full Service Consumer,INTUIT,Tax Associate,PL1,Phone,Re-Hire,30-60 days,26-Jan,33,54,19,26,1075.78,1249.71,0,0,40257.41668,2689,0,0
TTL Full Service Consumer,INTUIT,Tax Associate,PL1,Phone,New Hire,< 30 days,26-Apr,19,37,2,5,993.28,1194.33,0,0,58213.03333,2525,0,0
TTL Full Service Consumer,INTUIT,Tax Associate,PL1,Phone,Re-Hire,< 30 days,26-Apr,4,8,0,1,158.9,190.3,0,0,9049.183335,372,0,0
TTL Full Service Consumer,INTUIT,Tax Associate,PL1,Phone,Re-Hire,120+ days,26-Mar,2,4,1,1,81.22,92.69,0,0,2949.1,249,0,0
TTL Full Service Consumer,INTUIT,Tax Associate,PL1,Phone,New Hire,30-60 days,26-Mar,13,42,17,28,710.64,844.69,0,0,24909.01666,1777,0,0
TTL Full Service Consumer,INTUIT,Tax Associate,PL1,Phone,New Hire,60-90 days,After Season,1,1,0,0,28.81,34.01,0,0,1045.733334,74,0,0
TTL Full Service Consumer,INTUIT,Tax Associate,PL1,Engagement,New Hire,30-60 days,After Season,0,0,0,0,0,0,21,66,0,0,0,0
TTL Full Service Consumer,INTUIT,Tax Associate,PL1,Phone,New Hire,30-60 days,26-Apr,13,28,4,7,935.06,1124.99,0,0,52948.76669,2525,0,0
TTL Full Service Consumer,INTUIT,Tax Associate,PL1,Engagement,New Hire,120+ days,26-Apr,0,0,0,0,0,0,21,28,0,0,0,0
TTL Full Service Consumer,INTUIT,Tax Associate,PL1,Phone,Re-Hire,120+ days,26-Feb,32,35,6,7,247.67,276.13,0,0,9851.883325,504,0,0
TTL Full Service Consumer,INTUIT,Tax Associate,PL1,Engagement,New Hire,90-120 days,26-Mar,0,0,0,0,0,0,45,57,0,0,0,0
TTL Full Service Consumer,INTUIT,Tax Associate,PL1,Engagement,Re-Hire,120+ days,Before Season,0,0,0,0,0,0,31,93,0,0,0,0
TTL Full Service Consumer,INTUIT,Tax Associate,PL1,Engagement,Re-Hire,30-60 days,Before Season,0,0,0,0,0,0,727,2095,0,0,0,0
TTL Full Service Consumer,INTUIT,Tax Associate,PL1,Engagement,Re-Hire,< 30 days,After Season,0,0,0,0,0,0,1,7,0,0,0,0
TTL Full Service Consumer,INTUIT,Tax Associate,PL1,Engagement,New Hire,N/A,26-Jan,0,0,0,0,0,0,5,9,0,0,1180.860384,481
TTL Full Service Consumer,INTUIT,Tax Associate,PL1,Engagement,New Hire,60-90 days,26-Mar,0,0,0,0,0,0,17,22,0,0,0,0
TTL Full Service Consumer,INTUIT,Tax Associate,PL1,Engagement,Re-Hire,60-90 days,26-Apr,0,0,0,0,0,0,34,63,0,0,0,0
TTL Full Service Consumer,INTUIT,Tax Associate,PL1,Chat,Re-Hire,90-120 days,26-Mar,0,0,0,0,0,0,0,0,4193.033333,98,0,0
TTL Full Service Consumer,INTUIT,Tax Associate,PL1,Engagement,New Hire,30-60 days,26-Jan,0,0,0,0,0,0,12,27,0,0,0,0
TTL Full Service Consumer,INTUIT,Tax Associate,PL1,Engagement,Re-Hire,60-90 days,Before Season,0,0,0,0,0,0,12,70,0,0,0,0
TTL Full Service Consumer,INTUIT,Tax Associate,PL1,Engagement,New Hire,60-90 days,26-Jan,0,0,0,0,0,0,0,1,0,0,0,0
TTL Full Service Consumer,INTUIT,Tax Associate,PL1,Phone,Re-Hire,60-90 days,After Season,0,0,0,0,15.46,18.69,0,0,809.083332,29,0,0
TTL Full Service Consumer,INTUIT,Tax Associate,PL1,Engagement,Re-Hire,120+ days,26-Mar,0,0,0,0,0,0,33,45,0,0,0,0
TTL Full Service Consumer,INTUIT,Tax Associate,PL1,Chat,Re-Hire,60-90 days,Before Season,0,0,0,0,0,0,0,0,73.233333,6,0,0
TTL Full Service Consumer,INTUIT,Tax Associate,PL1,Engagement,Re-Hire,90-120 days,26-Apr,0,0,0,0,0,0,65,100,0,0,0,0
TTL Full Service Consumer,INTUIT,Tax Associate,PL1,Phone,New Hire,90-120 days,26-Apr,1,1,0,0,37.88,44.58,0,0,1651.649998,95,0,0
TTL Full Service Consumer,INTUIT,Tax Associate,PL1,Phone,New Hire,60-90 days,26-Apr,1,1,0,0,40.45,48.17,0,0,1955.366673,137,0,0
TTL Full Service Consumer,INTUIT,Tax Associate,PL1,Engagement,New Hire,60-90 days,After Season,0,0,0,0,0,0,4,14,0,0,0,0
TTL Full Service Consumer,INTUIT,Tax Associate,PL1,Engagement,Re-Hire,90-120 days,26-Mar,0,0,0,0,0,0,156,252,0,0,0,0
TTL Full Service Consumer,INTUIT,Tax Associate,PL1,Engagement,Re-Hire,N/A,26-Jan,0,0,0,0,0,0,3,7,0,0,3370.434515,1466
TTL Full Service Consumer,INTUIT,Tax Associate,PL1,Chat,Re-Hire,120+ days,26-Feb,0,0,0,0,0,0,0,0,9.666667,1,0,0
TTL Full Service Consumer,INTUIT,Tax Associate,PL1,Engagement,Re-Hire,120+ days,26-Feb,0,0,0,0,0,0,89,148,0,0,0,0
TTL Full Service Consumer,INTUIT,Tax Associate,PL1,Chat,Re-Hire,< 30 days,26-Feb,0,0,0,0,0,0,0,0,614.116667,18,0,0
TTL Full Service Consumer,INTUIT,Tax Associate,PL1,Phone,New Hire,60-90 days,26-Jan,0,0,0,0,22.12,25.84,0,0,546.000001,64,0,0
TTL Full Service Consumer,INTUIT,Tax Associate,PL1,Engagement,New Hire,30-60 days,Before Season,0,0,0,0,0,0,147,486,0,0,0,0
TTL Full Service Consumer,INTUIT,Tax Associate,PL1,Engagement,New Hire,< 30 days,After Season,0,0,0,0,0,0,3,13,0,0,0,0
TTL Full Service Consumer,INTUIT,Tax Associate,PL1,Engagement,Re-Hire,< 30 days,26-Feb,0,0,0,0,0,0,594,1063,0,0,0,0
TTL Full Service Consumer,INTUIT,Tax Associate,PL1,Chat,Re-Hire,90-120 days,26-Apr,0,0,0,0,0,0,0,0,120.883333,5,0,0
TTL Full Service Consumer,INTUIT,Tax Associate,PL1,Engagement,Re-Hire,90-120 days,26-Feb,0,0,0,0,0,0,14,20,0,0,0,0
TTL Full Service Consumer,INTUIT,Tax Associate,PL1,Engagement,Re-Hire,N/A,26-Mar,0,0,0,0,0,0,1,4,0,0,6904.03133,1976
TTL Full Service Consumer,INTUIT,Tax Associate,PL1,Phone,Re-Hire,< 30 days,After Season,1,1,0,0,5.63,6.78,0,0,108.916665,11,0,0
TTL Full Service Consumer,INTUIT,Tax Associate,PL1,Engagement,New Hire,120+ days,26-Mar,0,0,0,0,0,0,3,6,0,0,0,0
TTL Full Service Consumer,INTUIT,Tax Associate,PL1,Engagement,Re-Hire,60-90 days,26-Feb,0,0,0,0,0,0,788,1295,0,0,0,0
TTL Full Service Consumer,INTUIT,Tax Associate,PL1,Engagement,Re-Hire,30-60 days,26-Jan,0,0,0,0,0,0,208,438,0,0,0,0
TTL Full Service Consumer,INTUIT,Tax Associate,PL1,Engagement,New Hire,120+ days,After Season,0,0,0,0,0,0,11,29,0,0,0,0
TTL Full Service Consumer,INTUIT,Tax Associate,PL1,Engagement,Re-Hire,90-120 days,After Season,0,0,0,0,0,0,11,16,0,0,0,0
TTL Full Service Consumer,INTUIT,Tax Associate,PL1,Engagement,New Hire,60-90 days,26-Feb,0,0,0,0,0,0,85,108,0,0,0,0
TTL Full Service Consumer,INTUIT,Tax Associate,PL1,Engagement,New Hire,60-90 days,26-Apr,0,0,0,0,0,0,10,25,0,0,0,0
TTL Full Service Consumer,INTUIT,Tax Associate,PL1,Engagement,New Hire,90-120 days,26-Apr,0,0,0,0,0,0,21,24,0,0,0,0
TTL Full Service Consumer,INTUIT,Tax Associate,PL1,Chat,Re-Hire,60-90 days,26-Mar,1,1,0,0,0,0,0,0,6789.050002,181,0,0
TTL Full Service Consumer,INTUIT,Tax Associate,PL1,Engagement,Re-Hire,N/A,26-Feb,0,0,0,0,0,0,0,2,0,0,13120.62911,4941
TTL Full Service Consumer,INTUIT,Tax Associate,PL1,Engagement,Re-Hire,< 30 days,26-Mar,0,0,0,0,0,0,29,41,0,0,0,0
TTL Full Service Consumer,INTUIT,Tax Associate,PL1,Engagement,New Hire,30-60 days,26-Mar,0,0,0,0,0,0,95,140,0,0,0,0
TTL Full Service Consumer,INTUIT,Tax Associate,PL1,Phone,Re-Hire,60-90 days,26-Apr,0,0,0,0,114.99,134.55,0,0,5027.216664,281,0,0
TTL Full Service Consumer,INTUIT,Tax Associate,PL1,Engagement,Re-Hire,N/A,Before Season,0,0,0,0,0,0,5,17,0,0,767.632275,375
TTL Full Service Consumer,INTUIT,Tax Associate,PL1,Engagement,New Hire,90-120 days,26-Feb,0,0,0,0,0,0,8,10,0,0,0,0
TTL Full Service Consumer,INTUIT,Tax Associate,PL1,Engagement,New Hire,N/A,26-Feb,0,0,0,0,0,0,20,27,0,0,5470.873819,1891
TTL Full Service Consumer,INTUIT,Tax Associate,PL1,Engagement,New Hire,30-60 days,26-Apr,0,0,0,0,0,0,353,647,0,0,0,0
TTL Full Service Consumer,INTUIT,Tax Associate,PL1,Engagement,Re-Hire,60-90 days,26-Jan,0,0,0,0,0,0,8,13,0,0,0,0
TTL Full Service Consumer,INTUIT,Tax Associate,PL1,Chat,Re-Hire,30-60 days,26-Jan,0,0,0,0,0,0,0,0,14.116666,4,0,0
TTL Full Service Consumer,INTUIT,Tax Associate,PL1,Engagement,Re-Hire,30-60 days,26-Mar,0,0,0,0,0,0,199,350,0,0,0,0
TTL Full Service Consumer,INTUIT,Tax Associate,PL1,Chat,Re-Hire,< 30 days,Before Season,0,0,0,0,0,0,0,0,4017.666665,110,0,0
TTL Full Service Consumer,INTUIT,Tax Associate,PL1,Chat,Re-Hire,60-90 days,26-Apr,0,0,0,0,0,0,0,0,24.6,1,0,0
TTL Full Service Consumer,INTUIT,Tax Associate,PL1,Engagement,New Hire,< 30 days,26-Mar,0,0,0,0,0,0,187,300,0,0,0,0
TTL Full Service Consumer,INTUIT,Tax Associate,PL1,Engagement,Re-Hire,N/A,26-Apr,0,0,0,0,0,0,0,0,0,0,2420.386922,796
TTL Full Service Consumer,INTUIT,Tax Associate,PL1,Chat,Re-Hire,30-60 days,26-Mar,0,0,0,0,0.2,0.2,0,0,2922.383332,65,0,0
TTL Full Service Consumer,INTUIT,Tax Associate,PL1,Engagement,New Hire,N/A,After Season,0,0,0,0,0,0,0,0,0,0,645.825899,241
TTL Full Service Consumer,INTUIT,Tax Associate,PL1,Engagement,Re-Hire,< 30 days,26-Jan,0,0,0,0,0,0,138,354,0,0,0,0
TTL Full Service Consumer,INTUIT,Tax Associate,PL1,Phone,Re-Hire,90-120 days,Before Season,0,0,0,0,0,0,0,0,785.533333,44,0,0
TTL Full Service Consumer,INTUIT,Tax Associate,PL1,Chat,Re-Hire,60-90 days,26-Feb,0,0,0,0,0,0,0,0,3498.133336,72,0,0
TTL Full Service Consumer,INTUIT,Tax Associate,PL1,Engagement,Re-Hire,30-60 days,26-Feb,0,0,0,0,0,0,1318,2232,0,0,0,0
TTL Full Service Consumer,INTUIT,Tax Associate,PL1,Engagement,New Hire,< 30 days,26-Apr,0,0,0,0,0,0,320,619,0,0,0,0
TTL Full Service Consumer,INTUIT,Tax Associate,PL1,Engagement,Re-Hire,120+ days,26-Apr,0,0,0,0,0,0,82,140,0,0,0,0
TTL Full Service Consumer,INTUIT,Tax Associate,PL1,Engagement,New Hire,60-90 days,Before Season,0,0,0,0,0,0,3,12,0,0,0,0
TTL Full Service Consumer,INTUIT,Tax Associate,PL1,Chat,Re-Hire,30-60 days,26-Feb,0,0,0,0,0,0,0,0,2775.266667,65,0,0
TTL Full Service Consumer,INTUIT,Tax Associate,PL1,Phone,New Hire,120+ days,26-Apr,1,1,0,0,39.55,45.56,0,0,1051.400001,129,0,0
TTL Full Service Consumer,INTUIT,Tax Associate,PL1,Engagement,Re-Hire,60-90 days,26-Mar,0,0,0,0,0,0,301,548,0,0,0,0
TTL Full Service Consumer,INTUIT,Tax Associate,PL1,Engagement,Re-Hire,< 30 days,Before Season,0,0,0,0,0,0,312,954,0,0,0,0
TTL Full Service Consumer,INTUIT,Tax Associate,PL1,Engagement,Re-Hire,30-60 days,26-Apr,0,0,0,0,0,0,57,126,0,0,0,0
TTL Full Service Consumer,INTUIT,Tax Associate,PL1,Chat,Re-Hire,30-60 days,Before Season,0,0,0,0,0,0,0,0,2803.133332,94,0,0
TTL Full Service Consumer,INTUIT,Tax Associate,PL1,Engagement,Re-Hire,60-90 days,After Season,0,0,0,0,0,0,2,7,0,0,0,0
TTL Full Service Consumer,INTUIT,Tax Associate,PL1,Engagement,Re-Hire,< 30 days,26-Apr,0,0,0,0,0,0,36,68,0,0,0,0
TTL Full Service Consumer,INTUIT,Tax Associate,PL1,Engagement,New Hire,< 30 days,26-Jan,0,0,0,0,0,0,4,4,0,0,0,0
TTL Full Service Consumer,INTUIT,Tax Associate,PL1,Engagement,New Hire,< 30 days,26-Feb,0,0,0,0,0,0,252,379,0,0,0,0
TTL Full Service Consumer,INTUIT,Tax Associate,PL1,Engagement,New Hire,30-60 days,26-Feb,0,0,0,0,0,0,36,61,0,0,0,0
TTL Full Service Consumer,INTUIT,Tax Associate,PL1,Engagement,New Hire,90-120 days,After Season,0,0,0,0,0,0,5,10,0,0,0,0
TTL Full Service Consumer,INTUIT,Tax Associate,PL1,Chat,Re-Hire,< 30 days,26-Jan,0,0,0,0,0,0,0,0,97.966666,5,0,0
TTL Full Service Consumer,INTUIT,Tax Associate,PL1,Engagement,New Hire,< 30 days,Before Season,0,0,0,0,0,0,16,69,0,0,0,0
TTL Full Service Consumer,INTUIT,Tax Associate,PL1,Engagement,Re-Hire,120+ days,26-Jan,0,0,0,0,0,0,8,18,0,0,0,0
TTL Full Service Consumer,INTUIT,Tax Associate,PL1,Engagement,Re-Hire,30-60 days,After Season,0,0,0,0,0,0,3,14,0,0,0,0
TTL Full Service Consumer,INTUIT,Tax Associate,PL1,Engagement,New Hire,N/A,26-Mar,0,0,0,0,0,0,2,3,0,0,3954.526352,1135
TTL Full Service Consumer,INTUIT,Tax Associate,PL1,Engagement,New Hire,N/A,Before Season,0,0,0,0,0,0,7,23,0,0,273.099377,113
TTL Full Service Consumer,INTUIT,Tax Associate,PL1,Engagement,Re-Hire,120+ days,After Season,0,0,0,0,0,0,17,38,0,0,0,0
TTL Full Service Consumer,INTUIT,Tax Associate,PL1,Chat,Re-Hire,120+ days,Before Season,0,0,0,0,1.12,1.36,0,0,25.433333,2,0,0
TTL Full Service Consumer,INTUIT,Tax Associate,PL1,Chat,Re-Hire,< 30 days,26-Mar,0,0,0,0,0,0,0,0,12.35,1,0,0
TTL Full Service Consumer,INTUIT,Tax Associate,PL1,Chat,Re-Hire,120+ days,26-Mar,0,0,0,0,0,0,0,0,337.683333,5,0,0
TTL Full Service Consumer,INTUIT,Tax Associate,PL1,Chat,Re-Hire,120+ days,After Season,0,0,0,0,0,0,0,0,256.383333,2,0,0
TTL Full Service Consumer,INTUIT,Tax Associate,PL1,Engagement,Re-Hire,N/A,After Season,0,0,0,0,0,0,0,0,0,0,531.360704,173
TTL Full Service Consumer,INTUIT,Tax Associate,PL1,Engagement,New Hire,N/A,26-Apr,0,0,0,0,0,0,0,0,0,0,2612.141924,982
TTL Full Service Consumer,INTUIT,Tax Expert,PL1,Phone,New Hire,120+ days,Before Season,11,11,3,3,16.53,18.24,0,0,1853.36667,126,0,0
TTL Full Service Consumer,INTUIT,Tax Expert,PL1,Phone,New Hire,< 30 days,26-Mar,12,15,1,2,239.93,282.53,0,0,9743.366671,614,0,0
TTL Full Service Consumer,INTUIT,Tax Expert,PL1,Phone,Re-Hire,< 30 days,After Season,0,0,0,0,3.41,4.41,0,0,149.466667,8,0,0
TTL Full Service Consumer,INTUIT,Tax Expert,PL1,Phone,New Hire,60-90 days,After Season,0,0,0,0,16.48,20.34,0,0,576.483334,59,0,0
TTL Full Service Consumer,INTUIT,Tax Expert,PL1,Phone,Re-Hire,60-90 days,26-Feb,17,20,4,5,394.21,453.51,0,0,17142.25,1096,0,0
TTL Full Service Consumer,INTUIT,Tax Expert,PL1,Phone,New Hire,90-120 days,After Season,0,2,0,1,12.7,15.14,0,0,591.949999,36,0,0
TTL Full Service Consumer,INTUIT,Tax Expert,PL1,Phone,Re-Hire,90-120 days,26-Feb,3,4,0,0,170.23,200.97,0,0,4943.683332,480,0,0
TTL Full Service Consumer,INTUIT,Tax Expert,PL1,Phone,Re-Hire,120+ days,26-Mar,0,3,0,0,78.86,89.76,0,0,3520.750001,190,0,0
TTL Full Service Consumer,INTUIT,Tax Expert,PL1,Phone,Re-Hire,30-60 days,Before Season,18,22,0,0,406.64,454.7,0,0,16908.33332,1032,0,0
TTL Full Service Consumer,INTUIT,Tax Expert,PL1,Phone,Re-Hire,< 30 days,26-Mar,3,4,1,1,51.68,58.63,0,0,2264.333334,142,0,0
TTL Full Service Consumer,INTUIT,Tax Expert,PL1,Phone,Re-Hire,120+ days,Before Season,9,9,3,3,87.5,100.09,0,0,8356.033333,480,0,0
TTL Full Service Consumer,INTUIT,Tax Expert,PL1,Phone,New Hire,120+ days,26-Feb,1,1,0,0,20.92,22.73,0,0,1168.766665,49,0,0
TTL Full Service Consumer,INTUIT,Tax Expert,PL1,Phone,New Hire,60-90 days,26-Mar,0,0,0,0,62.02,75.11,0,0,2438.733332,178,0,0
TTL Full Service Consumer,INTUIT,Tax Expert,PL1,Phone,New Hire,30-60 days,26-Mar,4,15,1,6,234.91,276.3,0,0,9423.933349,631,0,0
TTL Full Service Consumer,INTUIT,Tax Expert,PL1,Phone,Re-Hire,120+ days,26-Feb,6,7,4,4,116.56,132.21,0,0,4804.499997,313,0,0
TTL Full Service Consumer,INTUIT,Tax Expert,PL1,Phone,Re-Hire,< 30 days,26-Jan,0,2,1,1,66,74.63,0,0,4272.78333,165,0,0
TTL Full Service Consumer,INTUIT,Tax Expert,PL1,Phone,Re-Hire,60-90 days,Before Season,4,4,0,0,162.84,183.09,0,0,4928.966668,486,0,0
TTL Full Service Consumer,INTUIT,Tax Expert,PL1,Phone,Re-Hire,30-60 days,26-Mar,10,15,1,3,209.46,240.11,0,0,8775.183332,523,0,0
TTL Full Service Consumer,INTUIT,Tax Expert,PL1,Phone,Re-Hire,60-90 days,26-Jan,1,1,0,0,57.51,69.17,0,0,1386.083336,161,0,0
TTL Full Service Consumer,INTUIT,Tax Expert,PL1,Phone,New Hire,< 30 days,Before Season,5,5,2,2,21.93,25,0,0,501.366667,23,0,0
TTL Full Service Consumer,INTUIT,Tax Expert,PL1,Phone,New Hire,90-120 days,26-Feb,-1,1,0,0,26.19,33.05,0,0,774.983334,86,0,0
TTL Full Service Consumer,INTUIT,Tax Expert,PL1,Phone,Re-Hire,60-90 days,26-Mar,13,18,4,4,307.29,353.47,0,0,15392.78332,761,0,0
TTL Full Service Consumer,INTUIT,Tax Expert,PL1,Phone,Re-Hire,90-120 days,26-Mar,-1,1,0,0,70.14,84.95,0,0,3997.150006,243,0,0
TTL Full Service Consumer,INTUIT,Tax Expert,PL1,Phone,New Hire,120+ days,26-Mar,3,3,0,0,33.9,37.39,0,0,1614.3,95,0,0
TTL Full Service Consumer,INTUIT,Tax Expert,PL1,Phone,New Hire,< 30 days,26-Feb,4,14,5,7,222.4,255.43,0,0,8224.533325,524,0,0
TTL Full Service Consumer,INTUIT,Tax Expert,PL1,Phone,New Hire,60-90 days,Before Season,3,6,1,1,40.71,46.66,0,0,1574.433336,112,0,0
TTL Full Service Consumer,INTUIT,Tax Expert,PL1,Phone,New Hire,30-60 days,Before Season,3,7,0,1,119.81,145.35,0,0,3263.999999,339,0,0
TTL Full Service Consumer,INTUIT,Tax Expert,PL1,Phone,Re-Hire,< 30 days,Before Season,7,7,0,0,78.22,85.33,0,0,3058.349997,162,0,0
TTL Full Service Consumer,INTUIT,Tax Expert,PL1,Phone,Re-Hire,120+ days,After Season,1,3,0,0,72.78,89.25,0,0,3593.899995,175,0,0
TTL Full Service Consumer,INTUIT,Tax Expert,PL1,Phone,New Hire,30-60 days,26-Jan,0,0,0,0,26.6,31.46,0,0,581.250002,54,0,0
TTL Full Service Consumer,INTUIT,Tax Expert,PL1,Phone,Re-Hire,30-60 days,26-Jan,2,2,1,1,96.05,110.75,0,0,3606.450001,263,0,0
TTL Full Service Consumer,INTUIT,Tax Expert,PL1,Phone,New Hire,60-90 days,26-Feb,0,0,0,0,91.84,113.27,0,0,3621.46667,278,0,0
TTL Full Service Consumer,INTUIT,Tax Expert,PL1,Phone,Re-Hire,30-60 days,26-Feb,33,40,5,8,543.25,624.84,0,0,26982.23334,1362,0,0
TTL Full Service Consumer,INTUIT,Tax Expert,PL1,Phone,Re-Hire,120+ days,26-Jan,0,0,0,0,33.11,36,0,0,734.199998,84,0,0
TTL Full Service Consumer,INTUIT,Tax Expert,PL1,Phone,Re-Hire,< 30 days,26-Feb,9,9,0,1,134.01,157.5,0,0,5833.883333,329,0,0
TTL Full Service Consumer,INTUIT,Tax Expert,PL1,Phone,New Hire,60-90 days,26-Jan,0,0,0,0,11.65,13.82,0,0,402.533335,36,0,0
TTL Full Service Consumer,INTUIT,Tax Expert,PL1,Engagement,Re-Hire,< 30 days,26-Mar,0,0,0,0,0,0,23,41,0,0,0,0
TTL Full Service Consumer,INTUIT,Tax Expert,PL1,Phone,New Hire,90-120 days,26-Mar,0,0,0,0,19.37,23.4,0,0,641.549998,48,0,0
TTL Full Service Consumer,INTUIT,Tax Expert,PL1,Engagement,Re-Hire,60-90 days,Before Season,0,0,0,0,0,0,53,149,0,0,0,0
TTL Full Service Consumer,INTUIT,Tax Expert,PL1,Engagement,New Hire,N/A,Before Season,0,0,0,0,0,0,1,6,0,0,53.823257,26
TTL Full Service Consumer,INTUIT,Tax Expert,PL1,Engagement,Re-Hire,30-60 days,26-Jan,0,0,0,0,0,0,15,39,0,0,0,0
TTL Full Service Consumer,INTUIT,Tax Expert,PL1,Engagement,Re-Hire,30-60 days,26-Apr,0,0,0,0,0,0,94,172,0,0,0,0
TTL Full Service Consumer,INTUIT,Tax Expert,PL1,Engagement,New Hire,60-90 days,Before Season,0,0,0,0,0,0,16,44,0,0,0,0
TTL Full Service Consumer,INTUIT,Tax Expert,PL1,Engagement,New Hire,60-90 days,26-Apr,0,0,0,0,0,0,13,19,0,0,0,0
TTL Full Service Consumer,INTUIT,Tax Expert,PL1,Engagement,New Hire,120+ days,Before Season,0,0,0,0,0,0,5,21,0,0,0,0
TTL Full Service Consumer,INTUIT,Tax Expert,PL1,Engagement,Re-Hire,120+ days,26-Jan,0,0,0,0,0,0,8,12,0,0,0,0
TTL Full Service Consumer,INTUIT,Tax Expert,PL1,Engagement,Re-Hire,N/A,Before Season,0,0,0,0,0,0,0,1,0,0,247.455525,106
TTL Full Service Consumer,INTUIT,Tax Expert,PL1,Engagement,Re-Hire,< 30 days,After Season,0,0,0,0,0,0,0,1,0,0,0,0
TTL Full Service Consumer,INTUIT,Tax Expert,PL1,Engagement,Re-Hire,90-120 days,26-Mar,0,0,0,0,0,0,24,35,0,0,0,0
TTL Full Service Consumer,INTUIT,Tax Expert,PL1,Phone,New Hire,60-90 days,26-Apr,0,0,0,0,39.55,44.64,0,0,1155.500002,106,0,0
TTL Full Service Consumer,INTUIT,Tax Expert,PL1,Engagement,New Hire,120+ days,After Season,0,0,0,0,0,0,11,24,0,0,0,0
TTL Full Service Consumer,INTUIT,Tax Expert,PL1,Phone,New Hire,< 30 days,26-Apr,11,16,1,1,149.58,173.94,0,0,5134.816663,342,0,0
TTL Full Service Consumer,INTUIT,Tax Expert,PL1,Engagement,Re-Hire,120+ days,26-Mar,0,0,0,0,0,0,20,34,0,0,0,0
TTL Full Service Consumer,INTUIT,Tax Expert,PL1,Phone,Re-Hire,30-60 days,After Season,0,0,0,0,10.33,11.94,0,0,40.066666,8,0,0
TTL Full Service Consumer,INTUIT,Tax Expert,PL1,Engagement,New Hire,30-60 days,26-Feb,0,0,0,0,0,0,40,46,0,0,0,0
TTL Full Service Consumer,INTUIT,Tax Expert,PL1,Engagement,Re-Hire,60-90 days,26-Mar,0,0,0,0,0,0,149,223,0,0,0,0
TTL Full Service Consumer,INTUIT,Tax Expert,PL1,Engagement,Re-Hire,60-90 days,26-Apr,0,0,0,0,0,0,28,62,0,0,0,0
TTL Full Service Consumer,INTUIT,Tax Expert,PL1,Engagement,New Hire,90-120 days,26-Feb,0,0,0,0,0,0,4,6,0,0,0,0
TTL Full Service Consumer,INTUIT,Tax Expert,PL1,Phone,New Hire,90-120 days,26-Apr,0,0,0,0,4.56,4.84,0,0,265.733333,12,0,0
TTL Full Service Consumer,INTUIT,Tax Expert,PL1,Engagement,New Hire,90-120 days,After Season,0,0,0,0,0,0,2,12,0,0,0,0
TTL Full Service Consumer,INTUIT,Tax Expert,PL1,Engagement,Re-Hire,30-60 days,Before Season,0,0,0,0,0,0,176,476,0,0,0,0
TTL Full Service Consumer,INTUIT,Tax Expert,PL1,Phone,Re-Hire,90-120 days,26-Apr,0,2,0,0,80.02,94.06,0,0,5036.783333,185,0,0
TTL Full Service Consumer,INTUIT,Tax Expert,PL1,Engagement,New Hire,60-90 days,26-Mar,0,0,0,0,0,0,15,20,0,0,0,0
TTL Full Service Consumer,INTUIT,Tax Expert,PL1,Engagement,New Hire,30-60 days,26-Apr,0,0,0,0,0,0,100,164,0,0,0,0
TTL Full Service Consumer,INTUIT,Tax Expert,PL1,Engagement,Re-Hire,120+ days,After Season,0,0,0,0,0,0,13,41,0,0,0,0
TTL Full Service Consumer,INTUIT,Tax Expert,PL1,Engagement,Re-Hire,< 30 days,26-Feb,0,0,0,0,0,0,67,106,0,0,0,0
TTL Full Service Consumer,INTUIT,Tax Expert,PL1,Chat,Re-Hire,60-90 days,26-Mar,0,0,0,0,0,0,0,0,188.733333,8,0,0
TTL Full Service Consumer,INTUIT,Tax Expert,PL1,Engagement,New Hire,120+ days,26-Feb,0,0,0,0,0,0,10,11,0,0,0,0
TTL Full Service Consumer,INTUIT,Tax Expert,PL1,Chat,Re-Hire,30-60 days,26-Jan,0,0,0,0,0,0,0,0,19.866667,2,0,0
TTL Full Service Consumer,INTUIT,Tax Expert,PL1,Engagement,Re-Hire,N/A,26-Feb,0,0,0,0,0,0,1,1,0,0,3829.923915,1480
TTL Full Service Consumer,INTUIT,Tax Expert,PL1,Chat,New Hire,120+ days,After Season,0,0,0,0,0,0,0,0,46.316667,2,0,0
TTL Full Service Consumer,INTUIT,Tax Expert,PL1,Engagement,Re-Hire,30-60 days,26-Feb,0,0,0,0,0,0,203,328,0,0,0,0
TTL Full Service Consumer,INTUIT,Tax Expert,PL1,Engagement,Re-Hire,< 30 days,26-Jan,0,0,0,0,0,0,27,52,0,0,0,0
TTL Full Service Consumer,INTUIT,Tax Expert,PL1,Engagement,New Hire,< 30 days,26-Mar,0,0,0,0,0,0,114,178,0,0,0,0
TTL Full Service Consumer,INTUIT,Tax Expert,PL1,Engagement,New Hire,30-60 days,26-Jan,0,0,0,0,0,0,1,2,0,0,0,0
TTL Full Service Consumer,INTUIT,Tax Expert,PL1,Phone,New Hire,120+ days,26-Apr,1,1,0,0,35.91,39.76,0,0,2238.150003,94,0,0
TTL Full Service Consumer,INTUIT,Tax Expert,PL1,Engagement,New Hire,60-90 days,After Season,0,0,0,0,0,0,1,9,0,0,0,0
TTL Full Service Consumer,INTUIT,Tax Expert,PL1,Phone,New Hire,< 30 days,After Season,0,0,0,0,3.57,4.62,0,0,160.033334,7,0,0
TTL Full Service Consumer,INTUIT,Tax Expert,PL1,Engagement,New Hire,< 30 days,26-Feb,0,0,0,0,0,0,94,137,0,0,0,0
TTL Full Service Consumer,INTUIT,Tax Expert,PL1,Engagement,Re-Hire,30-60 days,26-Mar,0,0,0,0,0,0,59,113,0,0,0,0
TTL Full Service Consumer,INTUIT,Tax Expert,PL1,Chat,Re-Hire,120+ days,After Season,0,0,0,0,0,0,0,0,159.816666,4,0,0
TTL Full Service Consumer,INTUIT,Tax Expert,PL1,Phone,New Hire,120+ days,After Season,1,2,0,0,33.91,37.47,0,0,1870.200002,100,0,0
TTL Full Service Consumer,INTUIT,Tax Expert,PL1,Engagement,New Hire,60-90 days,26-Jan,0,0,0,0,0,0,1,2,0,0,0,0
TTL Full Service Consumer,INTUIT,Tax Expert,PL1,Engagement,Re-Hire,60-90 days,After Season,0,0,0,0,0,0,2,5,0,0,0,0
TTL Full Service Consumer,INTUIT,Tax Expert,PL1,Engagement,New Hire,60-90 days,26-Feb,0,0,0,0,0,0,12,27,0,0,0,0
TTL Full Service Consumer,INTUIT,Tax Expert,PL1,Engagement,New Hire,N/A,26-Jan,0,0,0,0,0,0,1,2,0,0,233.237629,100
TTL Full Service Consumer,INTUIT,Tax Expert,PL1,Engagement,Re-Hire,< 30 days,26-Apr,0,0,0,0,0,0,144,210,0,0,0,0
TTL Full Service Consumer,INTUIT,Tax Expert,PL1,Engagement,New Hire,< 30 days,26-Apr,0,0,0,0,0,0,70,115,0,0,0,0
TTL Full Service Consumer,INTUIT,Tax Expert,PL1,Engagement,New Hire,30-60 days,Before Season,0,0,0,0,0,0,47,146,0,0,0,0
TTL Full Service Consumer,INTUIT,Tax Expert,PL1,Engagement,New Hire,120+ days,26-Jan,0,0,0,0,0,0,2,2,0,0,0,0
TTL Full Service Consumer,INTUIT,Tax Expert,PL1,Chat,Re-Hire,90-120 days,26-Mar,0,0,0,0,0,0,0,0,26.616667,2,0,0
TTL Full Service Consumer,INTUIT,Tax Expert,PL1,Engagement,New Hire,< 30 days,Before Season,0,0,0,0,0,0,5,18,0,0,0,0
TTL Full Service Consumer,INTUIT,Tax Expert,PL1,Engagement,Re-Hire,90-120 days,26-Feb,0,0,0,0,0,0,28,44,0,0,0,0
TTL Full Service Consumer,INTUIT,Tax Expert,PL1,Engagement,New Hire,< 30 days,After Season,0,0,0,0,0,0,0,1,0,0,0,0
TTL Full Service Consumer,INTUIT,Tax Expert,PL1,Engagement,Re-Hire,< 30 days,Before Season,0,0,0,0,0,0,34,113,0,0,0,0
TTL Full Service Consumer,INTUIT,Tax Expert,PL1,Engagement,New Hire,120+ days,26-Mar,0,0,0,0,0,0,10,28,0,0,0,0
TTL Full Service Consumer,INTUIT,Tax Expert,PL1,Phone,Re-Hire,90-120 days,After Season,0,0,0,0,8,9.22,0,0,36.183333,4,0,0
TTL Full Service Consumer,INTUIT,Tax Expert,PL1,Engagement,Re-Hire,90-120 days,26-Apr,0,0,0,0,0,0,48,91,0,0,0,0
TTL Full Service Consumer,INTUIT,Tax Expert,PL1,Phone,Re-Hire,60-90 days,After Season,0,0,0,0,20.62,24.05,0,0,219.866666,25,0,0
TTL Full Service Consumer,INTUIT,Tax Expert,PL1,Phone,Re-Hire,120+ days,26-Apr,0,0,0,0,55.43,67.97,0,0,2850.38333,173,0,0
TTL Full Service Consumer,INTUIT,Tax Expert,PL1,Engagement,New Hire,30-60 days,26-Mar,0,0,0,0,0,0,72,113,0,0,0,0
TTL Full Service Consumer,INTUIT,Tax Expert,PL1,Chat,Re-Hire,120+ days,Before Season,0,0,0,0,1.48,1.6,0,0,143.55,4,0,0
TTL Full Service Consumer,INTUIT,Tax Expert,PL1,Engagement,Re-Hire,120+ days,Before Season,0,0,0,0,0,0,26,70,0,0,0,0
TTL Full Service Consumer,INTUIT,Tax Expert,PL1,Engagement,New Hire,120+ days,26-Apr,0,0,0,0,0,0,15,29,0,0,0,0
TTL Full Service Consumer,INTUIT,Tax Expert,PL1,Phone,New Hire,30-60 days,After Season,0,0,0,0,12.74,15.84,0,0,5.466667,2,0,0
TTL Full Service Consumer,INTUIT,Tax Expert,PL1,Phone,New Hire,< 30 days,26-Jan,0,0,0,0,9.53,10.73,0,0,409.416668,20,0,0
TTL Full Service Consumer,INTUIT,Tax Expert,PL1,Phone,Re-Hire,60-90 days,26-Apr,1,1,0,0,61.64,71.9,0,0,3198.05,169,0,0
TTL Full Service Consumer,INTUIT,Tax Expert,PL1,Engagement,Re-Hire,120+ days,26-Feb,0,0,0,0,0,0,32,45,0,0,0,0
TTL Full Service Consumer,INTUIT,Tax Expert,PL1,Engagement,Re-Hire,120+ days,26-Apr,0,0,0,0,0,0,23,42,0,0,0,0
TTL Full Service Consumer,INTUIT,Tax Expert,PL1,Engagement,New Hire,N/A,26-Mar,0,0,0,0,0,0,1,1,0,0,1038.684106,332
TTL Full Service Consumer,INTUIT,Tax Expert,PL1,Engagement,New Hire,90-120 days,26-Apr,0,0,0,0,0,0,2,2,0,0,0,0
TTL Full Service Consumer,INTUIT,Tax Expert,PL1,Chat,Re-Hire,60-90 days,Before Season,0,0,0,0,0,0,0,0,386.349999,20,0,0
TTL Full Service Consumer,INTUIT,Tax Expert,PL1,Chat,Re-Hire,< 30 days,26-Mar,0,0,0,0,0,0,0,0,93.2,1,0,0
TTL Full Service Consumer,INTUIT,Tax Expert,PL1,Engagement,New Hire,90-120 days,26-Mar,0,0,0,0,0,0,11,13,0,0,0,0
TTL Full Service Consumer,INTUIT,Tax Expert,PL1,Chat,New Hire,120+ days,26-Mar,0,0,0,0,0,0,0,0,17.133333,1,0,0
TTL Full Service Consumer,INTUIT,Tax Expert,PL1,Phone,Re-Hire,30-60 days,26-Apr,4,5,0,0,166.18,187.44,0,0,8102.399996,397,0,0
TTL Full Service Consumer,INTUIT,Tax Expert,PL1,Chat,Re-Hire,30-60 days,26-Feb,0,0,0,0,0,0,0,0,227.283334,7,0,0
TTL Full Service Consumer,INTUIT,Tax Expert,PL1,Engagement,Re-Hire,60-90 days,26-Jan,0,0,0,0,0,0,5,11,0,0,0,0
TTL Full Service Consumer,INTUIT,Tax Expert,PL1,Chat,Re-Hire,90-120 days,26-Apr,0,0,0,0,0,0,0,0,119.616667,1,0,0
TTL Full Service Consumer,INTUIT,Tax Expert,PL1,Chat,Re-Hire,60-90 days,26-Feb,0,0,0,0,0,0,0,0,476.350001,13,0,0
TTL Full Service Consumer,INTUIT,Tax Expert,PL1,Chat,Re-Hire,30-60 days,Before Season,0,0,0,0,0,0,0,0,313.566665,17,0,0
TTL Full Service Consumer,INTUIT,Tax Expert,PL1,Phone,New Hire,30-60 days,26-Feb,0,0,0,0,83.83,93.41,0,0,2429.633338,254,0,0
TTL Full Service Consumer,INTUIT,Tax Expert,PL1,Engagement,Re-Hire,60-90 days,26-Feb,0,0,0,0,0,0,149,206,0,0,0,0
TTL Full Service Consumer,INTUIT,Tax Expert,PL1,Engagement,New Hire,N/A,26-Feb,0,0,0,0,0,0,1,2,0,0,1125.023408,419
TTL Full Service Consumer,INTUIT,Tax Expert,PL1,Phone,Re-Hire,< 30 days,26-Apr,8,8,0,0,236.28,271.6,0,0,9324.266661,538,0,0
TTL Full Service Consumer,INTUIT,Tax Expert,PL1,Phone,New Hire,120+ days,26-Jan,1,2,0,0,5.58,6.1,0,0,198.066667,16,0,0
TTL Full Service Consumer,INTUIT,Tax Expert,PL1,Phone,New Hire,30-60 days,26-Apr,15,20,0,0,150.24,177.36,0,0,6677.449999,379,0,0
TTL Full Service Consumer,INTUIT,Tax Expert,PL1,Chat,Re-Hire,< 30 days,Before Season,0,0,0,0,0,0,0,0,106.033334,9,0,0
TTL Full Service Consumer,INTUIT,Tax Expert,PL1,Chat,Re-Hire,< 30 days,26-Jan,0,0,0,0,0,0,0,0,379.066667,5,0,0
TTL Full Service Consumer,INTUIT,Tax Expert,PL1,Chat,Re-Hire,< 30 days,26-Feb,0,0,0,0,0,0,0,0,9.016667,1,0,0
TTL Full Service Consumer,INTUIT,Tax Expert,PL1,Engagement,Re-Hire,N/A,26-Apr,0,0,0,0,0,0,0,0,0,0,1092.885935,543
TTL Full Service Consumer,INTUIT,Tax Expert,PL1,Engagement,New Hire,N/A,After Season,0,0,0,0,0,0,0,0,0,0,164.03571,67
TTL Full Service Consumer,INTUIT,Tax Expert,PL1,Engagement,New Hire,N/A,26-Apr,0,0,0,0,0,0,0,0,0,0,636.491683,272
TTL Full Service Consumer,INTUIT,Tax Expert,PL1,Engagement,Re-Hire,N/A,26-Jan,0,0,0,0,0,0,0,0,0,0,1046.431946,440
TTL Full Service Consumer,INTUIT,Tax Expert,PL1,Engagement,Re-Hire,N/A,After Season,0,0,0,0,0,0,0,0,0,0,193.429805,85
TTL Full Service Consumer,INTUIT,Tax Expert,PL1,Engagement,Re-Hire,N/A,26-Mar,0,0,0,0,0,0,0,0,0,0,1909.920828,681
TTL Full Service Consumer,INTUIT,Tax Expert,PL1,Phone,Re-Hire,90-120 days,Before Season,0,0,0,0,0,0,0,0,20.233334,2,0,0
TTL Full Service Consumer,INTUIT,Tax Specialist,PL1,Phone,Re-Hire,30-60 days,After Season,-1,3,1,3,41.83,54.18,0,0,3000.666667,80,0,0
TTL Full Service Consumer,INTUIT,Tax Specialist,PL1,Phone,Re-Hire,120+ days,After Season,0,0,0,0,22.13,26.73,0,0,575.016666,37,0,0
TTL Full Service Consumer,INTUIT,Tax Specialist,PL1,Phone,New Hire,30-60 days,After Season,30,40,14,17,1468.43,1789.29,0,0,51966.73333,2594,0,0
TTL Full Service Consumer,INTUIT,Tax Specialist,PL1,Phone,New Hire,< 30 days,26-Apr,229,343,36,66,5342.81,6259.57,0,0,231442.0001,11834,0,0
TTL Full Service Consumer,INTUIT,Tax Specialist,PL1,Phone,Re-Hire,30-60 days,26-Apr,14,30,1,3,656.17,784.73,0,0,29187.79999,1546,0,0
TTL Full Service Consumer,INTUIT,Tax Specialist,PL1,Phone,Re-Hire,< 30 days,26-Jan,101,124,1,1,1250.34,1386.8,0,0,85198.01666,3678,0,0
TTL Full Service Consumer,INTUIT,Tax Specialist,PL1,Phone,Re-Hire,30-60 days,26-Feb,159,212,0,0,2275.75,2550.74,0,0,104650.9667,5821,0,0
TTL Full Service Consumer,INTUIT,Tax Specialist,PL1,Phone,Re-Hire,< 30 days,After Season,0,1,0,0,8.33,11.64,0,0,325.033335,21,0,0
TTL Full Service Consumer,INTUIT,Tax Specialist,PL1,Phone,Re-Hire,90-120 days,After Season,0,0,0,0,15.51,17.93,0,0,407.616667,25,0,0
TTL Full Service Consumer,INTUIT,Tax Specialist,PL1,Phone,New Hire,60-90 days,26-Mar,2,2,0,0,12.66,14.49,0,0,1010.666665,92,0,0
TTL Full Service Consumer,INTUIT,Tax Specialist,PL1,Phone,Re-Hire,< 30 days,26-Apr,15,19,0,1,216.61,261.78,0,0,9865.466668,477,0,0
TTL Full Service Consumer,INTUIT,Tax Specialist,PL1,Phone,New Hire,60-90 days,26-Apr,30,47,2,3,1249.23,1478.1,0,0,57305.15001,2934,0,0
TTL Full Service Consumer,INTUIT,Tax Specialist,PL1,Phone,New Hire,< 30 days,26-Mar,218,418,93,164,4951.99,5884.25,0,0,201741.6833,9979,0,0
TTL Full Service Consumer,INTUIT,Tax Specialist,PL1,Phone,New Hire,30-60 days,26-Apr,567,827,52,98,16219.62,19086.2,0,0,732911.3333,38023,0,0
TTL Full Service Consumer,INTUIT,Tax Specialist,PL1,Phone,Re-Hire,90-120 days,26-Apr,5,6,1,1,158.54,188.49,0,0,7782.883332,388,0,0
TTL Full Service Consumer,INTUIT,Tax Specialist,PL1,Phone,Re-Hire,90-120 days,26-Mar,17,36,5,13,616.07,735.6,0,0,23090.29999,1527,0,0
TTL Full Service Consumer,INTUIT,Tax Specialist,PL1,Phone,New Hire,< 30 days,After Season,3,3,0,0,84.31,104.58,0,0,2502.583328,159,0,0
TTL Full Service Consumer,INTUIT,Tax Specialist,PL1,Phone,New Hire,30-60 days,26-Mar,77,165,43,69,2288.47,2736.98,0,0,85881.21664,4729,0,0
TTL Full Service Consumer,INTUIT,Tax Specialist,PL1,Phone,Re-Hire,30-60 days,26-Mar,1,5,1,3,139.62,167.24,0,0,3984.149996,316,0,0
TTL Full Service Consumer,INTUIT,Tax Specialist,PL1,Phone,Re-Hire,60-90 days,26-Mar,8,17,2,5,482.57,576.42,0,0,14055.28332,1319,0,0
TTL Full Service Consumer,INTUIT,Tax Specialist,PL1,Phone,Re-Hire,< 30 days,26-Mar,6,8,3,3,161.38,199.42,0,0,6315.450002,352,0,0
TTL Full Service Consumer,INTUIT,Tax Specialist,PL1,Phone,Re-Hire,< 30 days,26-Feb,178,237,0,0,2036.65,2256.26,0,0,109929.8833,4952,0,0
TTL Full Service Consumer,INTUIT,Tax Specialist,PL1,Phone,Re-Hire,60-90 days,After Season,0,0,0,0,8.02,9.7,0,0,370.533332,18,0,0
TTL Full Service Consumer,INTUIT,Tax Specialist,PL1,Phone,Re-Hire,60-90 days,26-Apr,0,2,0,1,88.06,101.92,0,0,4219.033338,203,0,0
TTL Full Service Consumer,INTUIT,Tax Specialist,PL1,Phone,Re-Hire,120+ days,26-Apr,0,0,0,0,68.59,80.44,0,0,4556.483337,167,0,0
TTL Full Service Consumer,INTUIT,Tax Specialist,PL1,Engagement,New Hire,< 30 days,After Season,0,0,0,0,0,0,3,14,0,0,0,0
TTL Full Service Consumer,INTUIT,Tax Specialist,PL1,Phone,New Hire,60-90 days,After Season,4,7,1,2,287.98,349.48,0,0,9786.733322,536,0,0
TTL Full Service Consumer,INTUIT,Tax Specialist,PL1,Engagement,Re-Hire,30-60 days,After Season,0,0,0,0,0,0,4,13,0,0,0,0
TTL Full Service Consumer,INTUIT,Tax Specialist,PL1,Phone,New Hire,90-120 days,After Season,0,0,0,0,22.43,27.13,0,0,689.916669,48,0,0
TTL Full Service Consumer,INTUIT,Tax Specialist,PL1,Engagement,New Hire,30-60 days,After Season,0,0,0,0,0,0,187,475,0,0,0,0
TTL Full Service Consumer,INTUIT,Tax Specialist,PL1,Engagement,New Hire,30-60 days,26-Apr,0,0,0,0,0,0,4445,8737,0,0,0,0
TTL Full Service Consumer,INTUIT,Tax Specialist,PL1,Engagement,New Hire,30-60 days,26-Feb,0,0,0,0,0,0,4,10,0,0,0,0
TTL Full Service Consumer,INTUIT,Tax Specialist,PL1,Engagement,Re-Hire,30-60 days,26-Jan,0,0,0,0,0,0,129,742,0,0,0,0
TTL Full Service Consumer,INTUIT,Tax Specialist,PL1,Engagement,New Hire,< 30 days,26-Apr,0,0,0,0,0,0,813,2253,0,0,0,0
TTL Full Service Consumer,INTUIT,Tax Specialist,PL1,Engagement,Re-Hire,120+ days,26-Apr,0,0,0,0,0,0,36,51,0,0,0,0
TTL Full Service Consumer,INTUIT,Tax Specialist,PL1,Engagement,New Hire,< 30 days,26-Jan,0,0,0,0,0,0,4,5,0,0,0,0
TTL Full Service Consumer,INTUIT,Tax Specialist,PL1,Engagement,New Hire,60-90 days,26-Mar,0,0,0,0,0,0,4,6,0,0,0,0
TTL Full Service Consumer,INTUIT,Tax Specialist,PL1,Engagement,Re-Hire,< 30 days,26-Mar,0,0,0,0,0,0,84,245,0,0,0,0
TTL Full Service Consumer,INTUIT,Tax Specialist,PL1,Engagement,Re-Hire,30-60 days,26-Mar,0,0,0,0,0,0,384,889,0,0,0,0
TTL Full Service Consumer,INTUIT,Tax Specialist,PL1,Engagement,Re-Hire,< 30 days,26-Apr,0,0,0,0,0,0,28,99,0,0,0,0
TTL Full Service Consumer,INTUIT,Tax Specialist,PL1,Phone,Re-Hire,60-90 days,26-Feb,201,297,0,0,3119.91,3504.56,0,0,126723.15,7395,0,0
TTL Full Service Consumer,INTUIT,Tax Specialist,PL1,Engagement,Re-Hire,30-60 days,26-Apr,0,0,0,0,0,0,165,372,0,0,0,0
TTL Full Service Consumer,INTUIT,Tax Specialist,PL1,Engagement,Re-Hire,60-90 days,26-Apr,0,0,0,0,0,0,41,67,0,0,0,0
TTL Full Service Consumer,INTUIT,Tax Specialist,PL1,Engagement,Re-Hire,120+ days,26-Feb,0,0,0,0,0,0,57,152,0,0,0,0
TTL Full Service Consumer,INTUIT,Tax Specialist,PL1,Engagement,New Hire,60-90 days,26-Apr,0,0,0,0,0,0,455,784,0,0,0,0
TTL Full Service Consumer,INTUIT,Tax Specialist,PL1,Engagement,New Hire,N/A,26-Mar,0,0,0,0,0,0,12,16,0,0,8844.124059,3514
TTL Full Service Consumer,INTUIT,Tax Specialist,PL1,Engagement,Re-Hire,120+ days,26-Mar,0,0,0,0,0,0,9,25,0,0,0,0
TTL Full Service Consumer,INTUIT,Tax Specialist,PL1,Engagement,New Hire,90-120 days,26-Apr,0,0,0,0,0,0,2,2,0,0,0,0
TTL Full Service Consumer,INTUIT,Tax Specialist,PL1,Engagement,Re-Hire,N/A,26-Feb,0,0,0,0,0,0,3,4,0,0,12859.57193,5510
TTL Full Service Consumer,INTUIT,Tax Specialist,PL1,Engagement,Re-Hire,60-90 days,26-Feb,0,0,0,0,0,0,775,1870,0,0,0,0
TTL Full Service Consumer,INTUIT,Tax Specialist,PL1,Engagement,New Hire,N/A,26-Jan,0,0,0,0,0,0,16,32,0,0,4791.783296,2093
TTL Full Service Consumer,INTUIT,Tax Specialist,PL1,Phone,Re-Hire,30-60 days,Before Season,49,52,0,0,658.96,735.76,0,0,30615.06666,1902,0,0
TTL Full Service Consumer,INTUIT,Tax Specialist,PL1,Engagement,New Hire,60-90 days,After Season,0,0,0,0,0,0,52,108,0,0,0,0
TTL Full Service Consumer,INTUIT,Tax Specialist,PL1,Engagement,Re-Hire,90-120 days,26-Apr,0,0,0,0,0,0,58,112,0,0,0,0
TTL Full Service Consumer,INTUIT,Tax Specialist,PL1,Engagement,Re-Hire,60-90 days,26-Mar,0,0,0,0,0,0,193,418,0,0,0,0
TTL Full Service Consumer,INTUIT,Tax Specialist,PL1,Engagement,Re-Hire,N/A,Before Season,0,0,0,0,0,0,5,12,0,0,386.097522,188
TTL Full Service Consumer,INTUIT,Tax Specialist,PL1,Phone,New Hire,90-120 days,26-Apr,0,0,0,0,1.64,1.96,0,0,88.116666,4,0,0
TTL Full Service Consumer,INTUIT,Tax Specialist,PL1,Engagement,Re-Hire,< 30 days,After Season,0,0,0,0,0,0,0,4,0,0,0,0
TTL Full Service Consumer,INTUIT,Tax Specialist,PL1,Engagement,Re-Hire,N/A,26-Jan,0,0,0,0,0,0,1,1,0,0,2822.257498,1387
TTL Full Service Consumer,INTUIT,Tax Specialist,PL1,Phone,New Hire,< 30 days,26-Feb,10,13,0,0,136.05,153.7,0,0,5446.4,316,0,0
TTL Full Service Consumer,INTUIT,Tax Specialist,PL1,Engagement,New Hire,< 30 days,26-Mar,0,0,0,0,0,0,3953,9049,0,0,0,0
TTL Full Service Consumer,INTUIT,Tax Specialist,PL1,Engagement,New Hire,< 30 days,26-Feb,0,0,0,0,0,0,1829,4957,0,0,0,0
TTL Full Service Consumer,INTUIT,Tax Specialist,PL1,Phone,Re-Hire,120+ days,26-Jan,0,0,0,0,7.85,8.17,0,0,471.383334,26,0,0
TTL Full Service Consumer,INTUIT,Tax Specialist,PL1,Engagement,Re-Hire,90-120 days,26-Mar,0,0,0,0,0,0,95,159,0,0,0,0
TTL Full Service Consumer,INTUIT,Tax Specialist,PL1,Engagement,Re-Hire,< 30 days,26-Jan,0,0,0,0,0,0,491,1537,0,0,0,0
TTL Full Service Consumer,INTUIT,Tax Specialist,PL1,Engagement,New Hire,90-120 days,After Season,0,0,0,0,0,0,0,3,0,0,0,0
TTL Full Service Consumer,INTUIT,Tax Specialist,PL1,Engagement,New Hire,N/A,26-Feb,0,0,0,0,0,0,52,98,0,0,15225.29215,6618
TTL Full Service Consumer,INTUIT,Tax Specialist,PL1,Phone,Re-Hire,< 30 days,Before Season,9,13,0,0,197.11,214.78,0,0,9866.583337,531,0,0
TTL Full Service Consumer,INTUIT,Tax Specialist,PL1,Phone,Re-Hire,30-60 days,26-Jan,76,85,0,0,754.24,848.81,0,0,37025.23333,2194,0,0
TTL Full Service Consumer,INTUIT,Tax Specialist,PL1,Phone,New Hire,< 30 days,26-Jan,1,1,1,1,1.3,1.83,0,0,94.75,3,0,0
TTL Full Service Consumer,INTUIT,Tax Specialist,PL1,Engagement,New Hire,N/A,Before Season,0,0,0,0,0,0,47,98,0,0,1673.296718,682
TTL Full Service Consumer,INTUIT,Tax Specialist,PL1,Engagement,Re-Hire,30-60 days,Before Season,0,0,0,0,0,0,395,2016,0,0,0,0
TTL Full Service Consumer,INTUIT,Tax Specialist,PL1,Engagement,Re-Hire,< 30 days,26-Feb,0,0,0,0,0,0,409,1586,0,0,0,0
TTL Full Service Consumer,INTUIT,Tax Specialist,PL1,Engagement,Re-Hire,60-90 days,After Season,0,0,0,0,0,0,2,4,0,0,0,0
TTL Full Service Consumer,INTUIT,Tax Specialist,PL1,Engagement,Re-Hire,< 30 days,Before Season,0,0,0,0,0,0,216,783,0,0,0,0
TTL Full Service Consumer,INTUIT,Tax Specialist,PL1,Phone,New Hire,30-60 days,26-Feb,2,2,0,0,29.27,31.44,0,0,957.033333,68,0,0
TTL Full Service Consumer,INTUIT,Tax Specialist,PL1,Chat,Re-Hire,30-60 days,26-Feb,0,0,0,0,0,0,0,0,19.916667,1,0,0
TTL Full Service Consumer,INTUIT,Tax Specialist,PL1,Engagement,Re-Hire,90-120 days,After Season,0,0,0,0,0,0,1,7,0,0,0,0
TTL Full Service Consumer,INTUIT,Tax Specialist,PL1,Engagement,Re-Hire,N/A,26-Apr,0,0,0,0,0,0,0,0,0,0,2238.020891,998
TTL Full Service Consumer,INTUIT,Tax Specialist,PL1,Engagement,New Hire,30-60 days,26-Mar,0,0,0,0,0,0,1581,3732,0,0,0,0
TTL Full Service Consumer,INTUIT,Tax Specialist,PL1,Engagement,New Hire,N/A,After Season,0,0,0,0,0,0,0,0,0,0,3726.18256,1585
TTL Full Service Consumer,INTUIT,Tax Specialist,PL1,Engagement,Re-Hire,30-60 days,26-Feb,0,0,0,0,0,0,1443,4538,0,0,0,0
TTL Full Service Consumer,INTUIT,Tax Specialist,PL1,Engagement,Re-Hire,N/A,26-Mar,0,0,0,0,0,0,0,0,0,0,4032.433629,1264
TTL Full Service Consumer,INTUIT,Tax Specialist,PL1,Engagement,Re-Hire,120+ days,26-Jan,0,0,0,0,0,0,8,23,0,0,0,0
TTL Full Service Consumer,INTUIT,Tax Specialist,PL1,Engagement,Re-Hire,120+ days,After Season,0,0,0,0,0,0,2,6,0,0,0,0
TTL Full Service Consumer,INTUIT,Tax Specialist,PL1,Engagement,Re-Hire,N/A,After Season,0,0,0,0,0,0,0,0,0,0,293.412309,112
TTL Full Service Consumer,INTUIT,Tax Specialist,PL1,Engagement,New Hire,N/A,26-Apr,0,0,0,0,0,0,0,0,0,0,32073.33384,15356
TTL Full Service Consumer,INTUIT,Tax Associate,PL2,Phone,Re-Hire,60-90 days,After Season,2,4,0,1,142.57,169.65,0,0,3814.66666,283,0,0
TTL Full Service Consumer,INTUIT,Tax Associate,PL2,Phone,New Hire,90-120 days,After Season,1,1,0,0,100.71,117.75,0,0,3683.566664,264,0,0
TTL Full Service Consumer,INTUIT,Tax Associate,PL2,Phone,Re-Hire,30-60 days,After Season,2,2,0,0,122.36,144.24,0,0,2436.749998,215,0,0
TTL Full Service Consumer,INTUIT,Tax Associate,PL2,Phone,New Hire,60-90 days,26-Jan,0,0,0,0,2.07,2.09,0,0,341.016666,9,0,0
TTL Full Service Consumer,INTUIT,Tax Associate,PL2,Phone,Re-Hire,30-60 days,26-Apr,21,32,3,4,759.54,887.83,0,0,38855.55,1840,0,0
TTL Full Service Consumer,INTUIT,Tax Associate,PL2,Phone,Re-Hire,30-60 days,Before Season,453,556,71,89,10194.9,11502.77,0,0,411329.35,28141,0,0
TTL Full Service Consumer,INTUIT,Tax Associate,PL2,Phone,Re-Hire,90-120 days,26-Feb,21,26,1,2,298.82,346.84,0,0,14285.3,865,0,0
TTL Full Service Consumer,INTUIT,Tax Associate,PL2,Phone,New Hire,90-120 days,26-Mar,19,38,9,14,612.05,709.41,0,0,24263.2,1726,0,0
TTL Full Service Consumer,INTUIT,Tax Associate,PL2,Phone,Re-Hire,90-120 days,26-Apr,192,286,23,44,7766.66,9110.22,0,0,403932.8333,19050,0,0
TTL Full Service Consumer,INTUIT,Tax Associate,PL2,Phone,Re-Hire,60-90 days,26-Feb,999,1616,362,547,23056.33,26328.48,0,0,1059562.317,57952,0,0
TTL Full Service Consumer,INTUIT,Tax Associate,PL2,Phone,New Hire,120+ days,26-Apr,6,8,0,1,380.74,453.91,0,0,15761.21667,1045,0,0
TTL Full Service Consumer,INTUIT,Tax Associate,PL2,Phone,Re-Hire,30-60 days,26-Mar,372,627,125,197,8446.76,9688.2,0,0,356145.8999,20474,0,0
TTL Full Service Consumer,INTUIT,Tax Associate,PL2,Phone,Re-Hire,< 30 days,26-Mar,51,92,11,22,1111.61,1276,0,0,51585.91666,2559,0,0
TTL Full Service Consumer,INTUIT,Tax Associate,PL2,Phone,Re-Hire,< 30 days,Before Season,100,125,20,23,2394.15,2718.79,0,0,86429.4667,5940,0,0
TTL Full Service Consumer,INTUIT,Tax Associate,PL2,Phone,New Hire,< 30 days,26-Apr,34,62,10,15,1205.93,1411.29,0,0,59192.93333,2749,0,0
TTL Full Service Consumer,INTUIT,Tax Associate,PL2,Phone,New Hire,< 30 days,Before Season,0,0,0,0,8.93,10.59,0,0,175.8,13,0,0
TTL Full Service Consumer,INTUIT,Tax Associate,PL2,Phone,New Hire,60-90 days,26-Mar,5,13,2,4,174.13,208.5,0,0,10153.98332,560,0,0
TTL Full Service Consumer,INTUIT,Tax Associate,PL2,Phone,New Hire,30-60 days,After Season,3,5,2,2,533.71,637.62,0,0,14964.99999,1012,0,0
TTL Full Service Consumer,INTUIT,Tax Associate,PL2,Phone,Re-Hire,< 30 days,26-Apr,9,11,1,1,344.98,403.69,0,0,17293.28333,833,0,0
TTL Full Service Consumer,INTUIT,Tax Associate,PL2,Phone,New Hire,90-120 days,26-Apr,2,4,0,0,145.79,168.16,0,0,7640.783332,411,0,0
TTL Full Service Consumer,INTUIT,Tax Associate,PL2,Phone,Re-Hire,60-90 days,26-Apr,63,116,13,20,3284.67,3834.3,0,0,146638.2833,7796,0,0
TTL Full Service Consumer,INTUIT,Tax Associate,PL2,Phone,Re-Hire,< 30 days,26-Feb,304,450,100,143,6143.26,6974.11,0,0,281606.4666,14382,0,0
TTL Full Service Consumer,INTUIT,Tax Associate,PL2,Phone,New Hire,30-60 days,26-Feb,1,1,0,0,52.22,59.96,0,0,1303.466669,141,0,0
TTL Full Service Consumer,INTUIT,Tax Associate,PL2,Phone,Re-Hire,120+ days,26-Mar,18,25,6,7,390.05,439.56,0,0,15557.91667,1051,0,0
TTL Full Service Consumer,INTUIT,Tax Associate,PL2,Phone,Re-Hire,120+ days,26-Apr,115,152,8,10,4302.87,5088.65,0,0,263554,11860,0,0
TTL Full Service Consumer,INTUIT,Tax Associate,PL2,Phone,Re-Hire,30-60 days,26-Feb,1179,1792,404,581,25849.12,29576.75,0,0,1090535.25,62044,0,0
TTL Full Service Consumer,INTUIT,Tax Associate,PL2,Phone,Re-Hire,120+ days,26-Feb,5,6,2,2,20.65,21.45,0,0,762.966669,39,0,0
TTL Full Service Consumer,INTUIT,Tax Associate,PL2,Phone,New Hire,< 30 days,26-Mar,145,284,40,68,3311.07,3831.69,0,0,190468.85,7979,0,0
TTL Full Service Consumer,INTUIT,Tax Associate,PL2,Phone,New Hire,30-60 days,Before Season,2,4,0,0,58.85,65.86,0,0,1807.38333,145,0,0
TTL Full Service Consumer,INTUIT,Tax Associate,PL2,Phone,Re-Hire,90-120 days,After Season,8,15,0,0,679.04,804.71,0,0,18897.11666,1226,0,0
TTL Full Service Consumer,INTUIT,Tax Associate,PL2,Phone,Re-Hire,< 30 days,26-Jan,120,166,31,41,2156.77,2471.42,0,0,119032.6333,5654,0,0
TTL Full Service Consumer,INTUIT,Tax Associate,PL2,Phone,New Hire,30-60 days,26-Jan,-1,1,0,1,33.74,37.13,0,0,1617.5,72,0,0
TTL Full Service Consumer,INTUIT,Tax Associate,PL2,Phone,New Hire,< 30 days,26-Feb,60,118,40,66,1154.08,1342.73,0,0,50970.66668,2648,0,0
TTL Full Service Consumer,INTUIT,Tax Associate,PL2,Phone,New Hire,120+ days,After Season,5,7,0,1,301.32,350.96,0,0,10982.18333,696,0,0
TTL Full Service Consumer,INTUIT,Tax Associate,PL2,Phone,Re-Hire,120+ days,After Season,24,52,3,7,2119.71,2522.68,0,0,79784.11668,4554,0,0
TTL Full Service Consumer,INTUIT,Tax Associate,PL2,Phone,New Hire,30-60 days,26-Apr,81,133,7,17,3733.29,4423.92,0,0,214940.6,9342,0,0
TTL Full Service Consumer,INTUIT,Tax Associate,PL2,Phone,New Hire,60-90 days,After Season,4,9,1,2,419.43,494.95,0,0,13730.48333,1053,0,0
TTL Full Service Consumer,INTUIT,Tax Associate,PL2,Phone,Re-Hire,90-120 days,26-Mar,413,637,42,74,9677.39,11121.74,0,0,531929.2166,27254,0,0
TTL Full Service Consumer,INTUIT,Tax Associate,PL2,Phone,New Hire,60-90 days,26-Feb,18,28,5,8,323.21,369.44,0,0,11997.78334,807,0,0
TTL Full Service Consumer,INTUIT,Tax Associate,PL2,Phone,Re-Hire,30-60 days,26-Jan,245,307,52,68,5960.73,6808.93,0,0,236851.1167,15337,0,0
TTL Full Service Consumer,INTUIT,Tax Associate,PL2,Engagement,New Hire,30-60 days,Before Season,0,0,0,0,0,0,16,62,0,0,0,0
TTL Full Service Consumer,INTUIT,Tax Associate,PL2,Phone,Re-Hire,60-90 days,26-Jan,7,9,1,1,97.75,109.77,0,0,4113.383323,249,0,0
TTL Full Service Consumer,INTUIT,Tax Associate,PL2,Engagement,New Hire,N/A,26-Mar,0,0,0,0,0,0,7,7,0,0,16209.43122,5351
TTL Full Service Consumer,INTUIT,Tax Associate,PL2,Phone,Re-Hire,60-90 days,Before Season,6,9,1,1,128.61,144.23,0,0,6368.916666,364,0,0
TTL Full Service Consumer,INTUIT,Tax Associate,PL2,Engagement,New Hire,30-60 days,After Season,0,0,0,0,0,0,71,184,0,0,0,0
TTL Full Service Consumer,INTUIT,Tax Associate,PL2,Phone,New Hire,30-60 days,26-Mar,170,263,37,63,3551.16,4063.64,0,0,169196,8943,0,0
TTL Full Service Consumer,INTUIT,Tax Associate,PL2,Engagement,Re-Hire,60-90 days,26-Apr,0,0,0,0,0,0,1347,1995,0,0,0,0
TTL Full Service Consumer,INTUIT,Tax Associate,PL2,Phone,Re-Hire,60-90 days,26-Mar,796,1307,158,271,18571.58,21171.3,0,0,910193.9167,47095,0,0
TTL Full Service Consumer,INTUIT,Tax Associate,PL2,Engagement,Re-Hire,< 30 days,26-Feb,0,0,0,0,0,0,2509,3916,0,0,0,0
TTL Full Service Consumer,INTUIT,Tax Associate,PL2,Phone,New Hire,60-90 days,26-Apr,29,47,5,8,1274.56,1484.25,0,0,67043.73335,3247,0,0
TTL Full Service Consumer,INTUIT,Tax Associate,PL2,Engagement,New Hire,60-90 days,26-Feb,0,0,0,0,0,0,73,108,0,0,0,0
TTL Full Service Consumer,INTUIT,Tax Associate,PL2,Engagement,Re-Hire,60-90 days,26-Feb,0,0,0,0,0,0,8549,12657,0,0,0,0
TTL Full Service Consumer,INTUIT,Tax Associate,PL2,Chat,Re-Hire,120+ days,26-Mar,0,0,0,0,0,0,0,0,170.55,5,0,0
TTL Full Service Consumer,INTUIT,Tax Associate,PL2,Chat,Re-Hire,< 30 days,26-Apr,0,0,0,0,0,0,0,0,917.25,2,0,0
TTL Full Service Consumer,INTUIT,Tax Associate,PL2,Engagement,New Hire,60-90 days,After Season,0,0,0,0,0,0,57,148,0,0,0,0
TTL Full Service Consumer,INTUIT,Tax Associate,PL2,Engagement,New Hire,< 30 days,26-Apr,0,0,0,0,0,0,517,739,0,0,0,0
TTL Full Service Consumer,INTUIT,Tax Associate,PL2,Engagement,New Hire,< 30 days,26-Feb,0,0,0,0,0,0,357,528,0,0,0,0
TTL Full Service Consumer,INTUIT,Tax Associate,PL2,Engagement,Re-Hire,< 30 days,26-Jan,0,0,0,0,0,0,913,1636,0,0,0,0
TTL Full Service Consumer,INTUIT,Tax Associate,PL2,Engagement,Re-Hire,120+ days,26-Feb,0,0,0,0,0,0,6,9,0,0,0,0
TTL Full Service Consumer,INTUIT,Tax Associate,PL2,Engagement,Re-Hire,60-90 days,26-Jan,0,0,0,0,0,0,39,61,0,0,0,0
TTL Full Service Consumer,INTUIT,Tax Associate,PL2,Engagement,New Hire,90-120 days,26-Mar,0,0,0,0,0,0,181,272,0,0,0,0
TTL Full Service Consumer,INTUIT,Tax Associate,PL2,Engagement,New Hire,< 30 days,After Season,0,0,0,0,0,0,1,1,0,0,0,0
TTL Full Service Consumer,INTUIT,Tax Associate,PL2,Engagement,Re-Hire,60-90 days,26-Mar,0,0,0,0,0,0,8841,12870,0,0,0,0
TTL Full Service Consumer,INTUIT,Tax Associate,PL2,Chat,Re-Hire,30-60 days,Before Season,2,2,0,0,11.44,12.5,0,0,51310.35,1911,0,0
TTL Full Service Consumer,INTUIT,Tax Associate,PL2,Engagement,Re-Hire,120+ days,26-Apr,0,0,0,0,0,0,2165,3317,0,0,0,0
TTL Full Service Consumer,INTUIT,Tax Associate,PL2,Chat,Re-Hire,90-120 days,26-Apr,0,0,0,0,0.55,0.61,0,0,7248.266661,148,0,0
TTL Full Service Consumer,INTUIT,Tax Associate,PL2,Engagement,Re-Hire,N/A,26-Mar,0,0,0,0,0,0,1,2,0,0,69079.32061,25307
TTL Full Service Consumer,INTUIT,Tax Associate,PL2,Engagement,Re-Hire,N/A,26-Jan,0,0,0,0,0,0,3,7,0,0,14137.30715,6606
TTL Full Service Consumer,INTUIT,Tax Associate,PL2,Phone,New Hire,< 30 days,After Season,1,1,0,0,27.17,30.88,0,0,557.166666,24,0,0
TTL Full Service Consumer,INTUIT,Tax Associate,PL2,Engagement,Re-Hire,< 30 days,Before Season,0,0,0,0,0,0,955,3626,0,0,0,0
TTL Full Service Consumer,INTUIT,Tax Associate,PL2,Chat,New Hire,90-120 days,26-Mar,0,0,0,0,0,0,0,0,89.05,9,0,0
TTL Full Service Consumer,INTUIT,Tax Associate,PL2,Engagement,New Hire,90-120 days,After Season,0,0,0,0,0,0,10,30,0,0,0,0
TTL Full Service Consumer,INTUIT,Tax Associate,PL2,Chat,Re-Hire,< 30 days,26-Feb,0,1,0,0,0.61,0.61,0,0,2947.166671,77,0,0
TTL Full Service Consumer,INTUIT,Tax Associate,PL2,Engagement,New Hire,30-60 days,26-Jan,0,0,0,0,0,0,9,15,0,0,0,0
TTL Full Service Consumer,INTUIT,Tax Associate,PL2,Chat,Re-Hire,< 30 days,Before Season,0,0,0,0,4.32,4.46,0,0,53847.38334,2074,0,0
TTL Full Service Consumer,INTUIT,Tax Associate,PL2,Engagement,Re-Hire,90-120 days,26-Mar,0,0,0,0,0,0,4962,7200,0,0,0,0
TTL Full Service Consumer,INTUIT,Tax Associate,PL2,Engagement,Re-Hire,30-60 days,26-Apr,0,0,0,0,0,0,392,564,0,0,0,0
TTL Full Service Consumer,INTUIT,Tax Associate,PL2,Engagement,Re-Hire,90-120 days,26-Feb,0,0,0,0,0,0,126,176,0,0,0,0
TTL Full Service Consumer,INTUIT,Tax Associate,PL2,Engagement,New Hire,30-60 days,26-Feb,0,0,0,0,0,0,20,20,0,0,0,0
TTL Full Service Consumer,INTUIT,Tax Associate,PL2,Chat,Re-Hire,30-60 days,26-Jan,0,0,0,0,2.72,3,0,0,4120.099999,136,0,0
TTL Full Service Consumer,INTUIT,Tax Associate,PL2,Engagement,Re-Hire,N/A,Before Season,0,0,0,0,0,0,43,71,0,0,2590.715424,1190
TTL Full Service Consumer,INTUIT,Tax Associate,PL2,Engagement,New Hire,N/A,26-Jan,0,0,0,0,0,0,3,5,0,0,1927.176063,842
TTL Full Service Consumer,INTUIT,Tax Associate,PL2,Engagement,Re-Hire,90-120 days,After Season,0,0,0,0,0,0,81,218,0,0,0,0
TTL Full Service Consumer,INTUIT,Tax Associate,PL2,Chat,New Hire,30-60 days,26-Mar,0,0,0,0,0,0,0,0,618.65,27,0,0
TTL Full Service Consumer,INTUIT,Tax Associate,PL2,Engagement,Re-Hire,N/A,26-Feb,0,0,0,0,0,0,4,4,0,0,72789.25966,31040
TTL Full Service Consumer,INTUIT,Tax Associate,PL2,Chat,Re-Hire,90-120 days,26-Mar,1,1,0,0,0.69,0.71,0,0,25220.01667,705,0,0
TTL Full Service Consumer,INTUIT,Tax Associate,PL2,Chat,Re-Hire,< 30 days,26-Mar,0,0,0,0,0,0,0,0,1514.683332,25,0,0
TTL Full Service Consumer,INTUIT,Tax Associate,PL2,Engagement,New Hire,120+ days,26-Apr,0,0,0,0,0,0,112,190,0,0,0,0
TTL Full Service Consumer,INTUIT,Tax Associate,PL2,Chat,Re-Hire,30-60 days,26-Feb,1,1,0,0,4.71,5.33,0,0,17461.15,514,0,0
TTL Full Service Consumer,INTUIT,Tax Associate,PL2,Engagement,New Hire,30-60 days,26-Apr,0,0,0,0,0,0,1813,2610,0,0,0,0
TTL Full Service Consumer,INTUIT,Tax Associate,PL2,Phone,New Hire,120+ days,26-Mar,0,0,0,0,0,0,0,0,255.183332,13,0,0
TTL Full Service Consumer,INTUIT,Tax Associate,PL2,Engagement,Re-Hire,120+ days,26-Mar,0,0,0,0,0,0,154,229,0,0,0,0
TTL Full Service Consumer,INTUIT,Tax Associate,PL2,Chat,Re-Hire,60-90 days,26-Apr,0,0,0,0,0.42,0.57,0,0,1767.666665,45,0,0
TTL Full Service Consumer,INTUIT,Tax Associate,PL2,Engagement,Re-Hire,120+ days,After Season,0,0,0,0,0,0,392,914,0,0,0,0
TTL Full Service Consumer,INTUIT,Tax Associate,PL2,Phone,New Hire,< 30 days,26-Jan,0,0,0,0,3.62,4.25,0,0,55.450001,8,0,0
TTL Full Service Consumer,INTUIT,Tax Associate,PL2,Chat,Re-Hire,30-60 days,26-Mar,0,0,0,0,0.99,1.01,0,0,12160.65,279,0,0
TTL Full Service Consumer,INTUIT,Tax Associate,PL2,Engagement,New Hire,90-120 days,26-Apr,0,0,0,0,0,0,34,56,0,0,0,0
TTL Full Service Consumer,INTUIT,Tax Associate,PL2,Chat,Re-Hire,< 30 days,26-Jan,0,0,0,0,0.2,0.24,0,0,1130.866664,37,0,0
TTL Full Service Consumer,INTUIT,Tax Associate,PL2,Chat,Re-Hire,120+ days,26-Apr,0,0,0,0,0,0,0,0,271.55,5,0,0
TTL Full Service Consumer,INTUIT,Tax Associate,PL2,Engagement,New Hire,< 30 days,26-Jan,0,0,0,0,0,0,4,4,0,0,0,0
TTL Full Service Consumer,INTUIT,Tax Associate,PL2,Engagement,New Hire,N/A,Before Season,0,0,0,0,0,0,14,31,0,0,249.005732,110
TTL Full Service Consumer,INTUIT,Tax Associate,PL2,Engagement,Re-Hire,90-120 days,26-Apr,0,0,0,0,0,0,3491,5181,0,0,0,0
TTL Full Service Consumer,INTUIT,Tax Associate,PL2,Engagement,New Hire,30-60 days,26-Mar,0,0,0,0,0,0,1589,2168,0,0,0,0
TTL Full Service Consumer,INTUIT,Tax Associate,PL2,Engagement,Re-Hire,< 30 days,26-Apr,0,0,0,0,0,0,129,200,0,0,0,0
TTL Full Service Consumer,INTUIT,Tax Associate,PL2,Engagement,Re-Hire,60-90 days,After Season,0,0,0,0,0,0,28,47,0,0,0,0
TTL Full Service Consumer,INTUIT,Tax Associate,PL2,Chat,Re-Hire,90-120 days,After Season,0,0,0,0,0,0,0,0,395.766667,8,0,0
TTL Full Service Consumer,INTUIT,Tax Associate,PL2,Engagement,Re-Hire,60-90 days,Before Season,0,0,0,0,0,0,48,132,0,0,0,0
TTL Full Service Consumer,INTUIT,Tax Associate,PL2,Engagement,New Hire,< 30 days,26-Mar,0,0,0,0,0,0,1594,2253,0,0,0,0
TTL Full Service Consumer,INTUIT,Tax Associate,PL2,Chat,Re-Hire,60-90 days,Before Season,0,0,0,0,0,0,0,0,1728.266665,46,0,0
TTL Full Service Consumer,INTUIT,Tax Associate,PL2,Chat,Re-Hire,120+ days,After Season,0,0,0,0,0,0,0,0,698.800001,16,0,0
TTL Full Service Consumer,INTUIT,Tax Associate,PL2,Engagement,Re-Hire,< 30 days,26-Mar,0,0,0,0,0,0,500,721,0,0,0,0
TTL Full Service Consumer,INTUIT,Tax Associate,PL2,Chat,Re-Hire,60-90 days,26-Mar,2,2,0,0,6.46,6.8,0,0,41962.78334,977,0,0
TTL Full Service Consumer,INTUIT,Tax Associate,PL2,Chat,New Hire,120+ days,After Season,0,0,0,0,0,0,0,0,56.066667,2,0,0
TTL Full Service Consumer,INTUIT,Tax Associate,PL2,Chat,Re-Hire,30-60 days,26-Apr,0,0,0,0,0,0,0,0,99.533332,5,0,0
TTL Full Service Consumer,INTUIT,Tax Associate,PL2,Engagement,Re-Hire,N/A,26-Apr,0,0,0,0,0,0,0,0,0,0,39264.6135,14527
TTL Full Service Consumer,INTUIT,Tax Associate,PL2,Engagement,Re-Hire,30-60 days,26-Feb,0,0,0,0,0,0,9998,15066,0,0,0,0
TTL Full Service Consumer,INTUIT,Tax Associate,PL2,Engagement,Re-Hire,N/A,After Season,0,0,0,0,0,0,0,0,0,0,7169.706466,2720
TTL Full Service Consumer,INTUIT,Tax Associate,PL2,Engagement,Re-Hire,30-60 days,Before Season,0,0,0,0,0,0,3621,8989,0,0,0,0
TTL Full Service Consumer,INTUIT,Tax Associate,PL2,Engagement,New Hire,N/A,26-Apr,0,0,0,0,0,0,0,0,0,0,16256.45082,6077
TTL Full Service Consumer,INTUIT,Tax Associate,PL2,Engagement,New Hire,60-90 days,26-Mar,0,0,0,0,0,0,40,53,0,0,0,0
TTL Full Service Consumer,INTUIT,Tax Associate,PL2,Phone,New Hire,120+ days,Before Season,0,0,0,0,0,0,0,0,1022.266666,84,0,0
TTL Full Service Consumer,INTUIT,Tax Associate,PL2,Engagement,Re-Hire,30-60 days,26-Jan,0,0,0,0,0,0,2096,3643,0,0,0,0
TTL Full Service Consumer,INTUIT,Tax Associate,PL2,Engagement,Re-Hire,30-60 days,26-Mar,0,0,0,0,0,0,3282,4902,0,0,0,0
TTL Full Service Consumer,INTUIT,Tax Associate,PL2,Engagement,New Hire,60-90 days,26-Apr,0,0,0,0,0,0,566,829,0,0,0,0
TTL Full Service Consumer,INTUIT,Tax Associate,PL2,Engagement,New Hire,< 30 days,Before Season,0,0,0,0,0,0,2,12,0,0,0,0
TTL Full Service Consumer,INTUIT,Tax Associate,PL2,Engagement,New Hire,60-90 days,26-Jan,0,0,0,0,0,0,3,5,0,0,0,0
TTL Full Service Consumer,INTUIT,Tax Associate,PL2,Chat,Re-Hire,60-90 days,26-Feb,1,1,0,0,4.14,4.26,0,0,20020.6,590,0,0
TTL Full Service Consumer,INTUIT,Tax Associate,PL2,Engagement,New Hire,120+ days,After Season,0,0,0,0,0,0,55,125,0,0,0,0
TTL Full Service Consumer,INTUIT,Tax Associate,PL2,Engagement,Re-Hire,30-60 days,After Season,0,0,0,0,0,0,7,17,0,0,0,0
TTL Full Service Consumer,INTUIT,Tax Associate,PL2,Engagement,New Hire,N/A,26-Feb,0,0,0,0,0,0,12,20,0,0,10860.8246,3925
TTL Full Service Consumer,INTUIT,Tax Associate,PL2,Chat,New Hire,60-90 days,26-Apr,0,0,0,0,0,0,0,0,18.616667,1,0,0
TTL Full Service Consumer,INTUIT,Tax Associate,PL2,Chat,New Hire,120+ days,26-Apr,0,0,0,0,0,0,0,0,15.066667,2,0,0
TTL Full Service Consumer,INTUIT,Tax Associate,PL2,Engagement,New Hire,N/A,After Season,0,0,0,0,0,0,0,0,0,0,2849.877246,1141
TTL Full Service Consumer,INTUIT,Tax Associate,PL2,Phone,Re-Hire,120+ days,Before Season,3,3,0,0,0,0,0,0,455.933333,82,0,0
TTL Full Service Consumer,INTUIT,Tax Expert,PL2,Phone,Re-Hire,60-90 days,Before Season,1,3,0,1,121.06,134.96,0,0,3863.833333,328,0,0
TTL Full Service Consumer,INTUIT,Tax Expert,PL2,Phone,Re-Hire,30-60 days,26-Apr,12,15,1,1,407.54,473.3,0,0,26271.31667,999,0,0
TTL Full Service Consumer,INTUIT,Tax Expert,PL2,Phone,Re-Hire,30-60 days,26-Feb,135,206,26,36,3058.88,3476.39,0,0,156468.3166,7845,0,0
TTL Full Service Consumer,INTUIT,Tax Expert,PL2,Phone,New Hire,60-90 days,After Season,0,0,0,0,51.35,61.03,0,0,1567.866668,105,0,0
TTL Full Service Consumer,INTUIT,Tax Expert,PL2,Phone,Re-Hire,30-60 days,After Season,0,2,0,0,134.08,159.64,0,0,5043.8,250,0,0
TTL Full Service Consumer,INTUIT,Tax Expert,PL2,Phone,New Hire,60-90 days,26-Mar,1,1,0,0,20.15,23.88,0,0,1397.816664,71,0,0
TTL Full Service Consumer,INTUIT,Tax Expert,PL2,Phone,Re-Hire,60-90 days,26-Feb,84,120,14,20,2039.83,2297.48,0,0,99263.81667,5482,0,0
TTL Full Service Consumer,INTUIT,Tax Expert,PL2,Phone,New Hire,120+ days,26-Mar,-4,4,0,1,33.97,53.35,0,0,1911.283329,133,0,0
TTL Full Service Consumer,INTUIT,Tax Expert,PL2,Phone,New Hire,< 30 days,Before Season,0,0,0,0,0,0,0,0,3.1,2,0,0
TTL Full Service Consumer,INTUIT,Tax Expert,PL2,Phone,New Hire,60-90 days,26-Apr,6,6,0,0,241.01,286.97,0,0,8930.016661,631,0,0
TTL Full Service Consumer,INTUIT,Tax Expert,PL2,Phone,Re-Hire,90-120 days,26-Feb,10,18,3,5,332.52,379.62,0,0,11983.05,971,0,0
TTL Full Service Consumer,INTUIT,Tax Expert,PL2,Phone,New Hire,90-120 days,26-Mar,0,0,0,0,68.15,86.59,0,0,1766.333334,210,0,0
TTL Full Service Consumer,INTUIT,Tax Expert,PL2,Phone,Re-Hire,< 30 days,26-Jan,35,40,5,7,454.38,523.37,0,0,30042.83332,1241,0,0
TTL Full Service Consumer,INTUIT,Tax Expert,PL2,Phone,New Hire,60-90 days,26-Feb,0,0,0,0,9.05,10.76,0,0,302.149999,28,0,0
TTL Full Service Consumer,INTUIT,Tax Expert,PL2,Phone,Re-Hire,120+ days,26-Feb,29,29,3,3,297.48,338.27,0,0,15464.51667,754,0,0
TTL Full Service Consumer,INTUIT,Tax Expert,PL2,Phone,Re-Hire,60-90 days,26-Apr,7,9,0,0,202.4,235.09,0,0,13000.03333,492,0,0
TTL Full Service Consumer,INTUIT,Tax Expert,PL2,Phone,Re-Hire,< 30 days,26-Feb,47,68,6,11,946.41,1085.07,0,0,50032.73332,2290,0,0
TTL Full Service Consumer,INTUIT,Tax Expert,PL2,Phone,Re-Hire,30-60 days,Before Season,46,62,2,2,1130.12,1265.34,0,0,48684.91665,3174,0,0
TTL Full Service Consumer,INTUIT,Tax Expert,PL2,Phone,Re-Hire,30-60 days,26-Mar,33,60,4,9,919.44,1042.57,0,0,51117.93332,2281,0,0
TTL Full Service Consumer,INTUIT,Tax Expert,PL2,Phone,Re-Hire,90-120 days,After Season,2,2,0,0,55.72,70.32,0,0,5015.616665,113,0,0
TTL Full Service Consumer,INTUIT,Tax Expert,PL2,Phone,New Hire,30-60 days,Before Season,0,0,0,0,7.87,10.24,0,0,167.383334,13,0,0
TTL Full Service Consumer,INTUIT,Tax Expert,PL2,Phone,New Hire,30-60 days,26-Apr,28,45,2,4,1266.01,1476.26,0,0,71515.85001,3146,0,0
TTL Full Service Consumer,INTUIT,Tax Expert,PL2,Phone,Re-Hire,90-120 days,26-Mar,35,40,3,3,862.87,989.17,0,0,44579.6,2642,0,0
TTL Full Service Consumer,INTUIT,Tax Expert,PL2,Phone,Re-Hire,120+ days,26-Jan,5,5,0,0,43.11,48.24,0,0,1996.833333,113,0,0
TTL Full Service Consumer,INTUIT,Tax Expert,PL2,Phone,Re-Hire,120+ days,26-Apr,14,22,1,1,770.29,908.07,0,0,36580.5,2079,0,0
TTL Full Service Consumer,INTUIT,Tax Expert,PL2,Phone,New Hire,< 30 days,26-Apr,8,15,1,1,377.71,443.39,0,0,17114.11666,880,0,0
TTL Full Service Consumer,INTUIT,Tax Expert,PL2,Phone,Re-Hire,< 30 days,Before Season,13,20,0,0,346.65,388.52,0,0,13272.45,920,0,0
TTL Full Service Consumer,INTUIT,Tax Expert,PL2,Phone,New Hire,30-60 days,After Season,-2,2,0,1,111.29,135.34,0,0,2061.033333,139,0,0
TTL Full Service Consumer,INTUIT,Tax Expert,PL2,Phone,Re-Hire,60-90 days,After Season,1,2,0,0,18.6,26.41,0,0,848.866665,64,0,0
TTL Full Service Consumer,INTUIT,Tax Expert,PL2,Phone,Re-Hire,90-120 days,26-Apr,35,43,0,2,765.37,892.45,0,0,48560.23335,1809,0,0
TTL Full Service Consumer,INTUIT,Tax Expert,PL2,Phone,Re-Hire,30-60 days,26-Jan,23,29,2,3,555.25,634.4,0,0,21227.46666,1491,0,0
TTL Full Service Consumer,INTUIT,Tax Expert,PL2,Phone,Re-Hire,120+ days,After Season,13,16,0,0,375.17,444.76,0,0,13264.86667,856,0,0
TTL Full Service Consumer,INTUIT,Tax Expert,PL2,Phone,New Hire,< 30 days,26-Feb,22,42,8,14,405.62,466.28,0,0,20379.60001,983,0,0
TTL Full Service Consumer,INTUIT,Tax Expert,PL2,Phone,Re-Hire,60-90 days,26-Mar,79,104,4,9,1631.64,1868,0,0,91538.56665,4444,0,0
TTL Full Service Consumer,INTUIT,Tax Expert,PL2,Phone,Re-Hire,120+ days,26-Mar,21,27,6,6,524.86,606.47,0,0,22289.96667,1487,0,0
TTL Full Service Consumer,INTUIT,Tax Expert,PL2,Phone,Re-Hire,60-90 days,26-Jan,2,2,0,0,80.69,92.88,0,0,2708.61667,212,0,0
TTL Full Service Consumer,INTUIT,Tax Expert,PL2,Engagement,New Hire,120+ days,26-Apr,0,0,0,0,0,0,6,7,0,0,0,0
TTL Full Service Consumer,INTUIT,Tax Expert,PL2,Phone,New Hire,30-60 days,26-Feb,0,0,0,0,29.21,33.12,0,0,1190.050003,80,0,0
TTL Full Service Consumer,INTUIT,Tax Expert,PL2,Chat,Re-Hire,30-60 days,26-Apr,0,0,0,0,0,0,0,0,83.5,3,0,0
TTL Full Service Consumer,INTUIT,Tax Expert,PL2,Phone,New Hire,< 30 days,26-Mar,36,56,5,7,972.45,1125.36,0,0,50980.08335,2452,0,0
TTL Full Service Consumer,INTUIT,Tax Expert,PL2,Chat,Re-Hire,30-60 days,26-Mar,0,0,0,0,0,0,0,0,834.516667,17,0,0
TTL Full Service Consumer,INTUIT,Tax Expert,PL2,Phone,New Hire,90-120 days,26-Feb,1,1,1,1,27.36,32.64,0,0,562.399996,71,0,0
TTL Full Service Consumer,INTUIT,Tax Expert,PL2,Engagement,New Hire,30-60 days,26-Feb,0,0,0,0,0,0,15,16,0,0,0,0
TTL Full Service Consumer,INTUIT,Tax Expert,PL2,Phone,Re-Hire,< 30 days,26-Apr,4,4,0,0,200.29,233.91,0,0,12364.55,467,0,0
TTL Full Service Consumer,INTUIT,Tax Expert,PL2,Engagement,Re-Hire,30-60 days,After Season,0,0,0,0,0,0,21,54,0,0,0,0
TTL Full Service Consumer,INTUIT,Tax Expert,PL2,Phone,New Hire,30-60 days,26-Mar,13,29,3,4,650.51,745.21,0,0,30440.15001,1661,0,0
TTL Full Service Consumer,INTUIT,Tax Expert,PL2,Engagement,Re-Hire,90-120 days,After Season,0,0,0,0,0,0,15,26,0,0,0,0
TTL Full Service Consumer,INTUIT,Tax Expert,PL2,Phone,Re-Hire,120+ days,Before Season,23,25,5,7,100.44,110.33,0,0,12700.08333,919,0,0
TTL Full Service Consumer,INTUIT,Tax Expert,PL2,Engagement,Re-Hire,60-90 days,26-Feb,0,0,0,0,0,0,931,1346,0,0,0,0
TTL Full Service Consumer,INTUIT,Tax Expert,PL2,Phone,Re-Hire,< 30 days,26-Mar,10,20,4,4,299.83,355.02,0,0,20981.5,725,0,0
TTL Full Service Consumer,INTUIT,Tax Expert,PL2,Phone,New Hire,120+ days,After Season,0,0,0,0,17.42,19.79,0,0,691.75,30,0,0
TTL Full Service Consumer,INTUIT,Tax Expert,PL2,Engagement,New Hire,120+ days,26-Mar,0,0,0,0,0,0,8,13,0,0,0,0
TTL Full Service Consumer,INTUIT,Tax Expert,PL2,Chat,Re-Hire,90-120 days,26-Mar,0,0,0,0,0,0,0,0,960.566665,34,0,0
TTL Full Service Consumer,INTUIT,Tax Expert,PL2,Engagement,New Hire,60-90 days,26-Apr,0,0,0,0,0,0,123,182,0,0,0,0
TTL Full Service Consumer,INTUIT,Tax Expert,PL2,Engagement,Re-Hire,N/A,26-Jan,0,0,0,0,0,0,1,1,0,0,2788.494611,1248
TTL Full Service Consumer,INTUIT,Tax Expert,PL2,Chat,Re-Hire,60-90 days,26-Feb,0,0,0,0,0,0,0,0,1132.183334,34,0,0
TTL Full Service Consumer,INTUIT,Tax Expert,PL2,Engagement,New Hire,30-60 days,Before Season,0,0,0,0,0,0,2,7,0,0,0,0
TTL Full Service Consumer,INTUIT,Tax Expert,PL2,Chat,Re-Hire,< 30 days,26-Feb,0,0,0,0,0,0,0,0,435.116665,20,0,0
TTL Full Service Consumer,INTUIT,Tax Expert,PL2,Engagement,New Hire,90-120 days,26-Mar,0,0,0,0,0,0,21,24,0,0,0,0
TTL Full Service Consumer,INTUIT,Tax Expert,PL2,Engagement,Re-Hire,90-120 days,26-Mar,0,0,0,0,0,0,357,535,0,0,0,0
TTL Full Service Consumer,INTUIT,Tax Expert,PL2,Chat,Re-Hire,60-90 days,Before Season,0,0,0,0,0,0,0,0,489.716668,33,0,0
TTL Full Service Consumer,INTUIT,Tax Expert,PL2,Engagement,Re-Hire,< 30 days,26-Jan,0,0,0,0,0,0,246,429,0,0,0,0
TTL Full Service Consumer,INTUIT,Tax Expert,PL2,Chat,Re-Hire,120+ days,26-Feb,0,0,0,0,0,0,0,0,49.183333,2,0,0
TTL Full Service Consumer,INTUIT,Tax Expert,PL2,Engagement,Re-Hire,120+ days,26-Feb,0,0,0,0,0,0,119,167,0,0,0,0
TTL Full Service Consumer,INTUIT,Tax Expert,PL2,Chat,Re-Hire,120+ days,After Season,0,0,0,0,0,0,0,0,4.533333,1,0,0
TTL Full Service Consumer,INTUIT,Tax Expert,PL2,Engagement,New Hire,30-60 days,After Season,0,0,0,0,0,0,7,26,0,0,0,0
TTL Full Service Consumer,INTUIT,Tax Expert,PL2,Engagement,Re-Hire,30-60 days,26-Apr,0,0,0,0,0,0,246,355,0,0,0,0
TTL Full Service Consumer,INTUIT,Tax Expert,PL2,Engagement,New Hire,30-60 days,26-Apr,0,0,0,0,0,0,658,1040,0,0,0,0
TTL Full Service Consumer,INTUIT,Tax Expert,PL2,Engagement,New Hire,90-120 days,26-Apr,0,0,0,0,0,0,3,6,0,0,0,0
TTL Full Service Consumer,INTUIT,Tax Expert,PL2,Engagement,New Hire,< 30 days,26-Mar,0,0,0,0,0,0,621,835,0,0,0,0
TTL Full Service Consumer,INTUIT,Tax Expert,PL2,Engagement,Re-Hire,30-60 days,Before Season,0,0,0,0,0,0,467,1092,0,0,0,0
TTL Full Service Consumer,INTUIT,Tax Expert,PL2,Engagement,Re-Hire,30-60 days,26-Jan,0,0,0,0,0,0,205,354,0,0,0,0
TTL Full Service Consumer,INTUIT,Tax Expert,PL2,Engagement,Re-Hire,120+ days,Before Season,0,0,0,0,0,0,34,121,0,0,0,0
TTL Full Service Consumer,INTUIT,Tax Expert,PL2,Engagement,New Hire,< 30 days,26-Apr,0,0,0,0,0,0,197,274,0,0,0,0
TTL Full Service Consumer,INTUIT,Tax Expert,PL2,Chat,Re-Hire,60-90 days,26-Mar,0,0,0,0,0,0,0,0,2831.566668,50,0,0
TTL Full Service Consumer,INTUIT,Tax Expert,PL2,Chat,Re-Hire,< 30 days,Before Season,0,0,0,0,1.24,1.5,0,0,6208.800003,288,0,0
TTL Full Service Consumer,INTUIT,Tax Expert,PL2,Phone,New Hire,120+ days,26-Apr,0,0,0,0,10.55,11.95,0,0,973.683332,40,0,0
TTL Full Service Consumer,INTUIT,Tax Expert,PL2,Phone,New Hire,< 30 days,After Season,0,0,0,0,22.29,27.45,0,0,646.366664,38,0,0
TTL Full Service Consumer,INTUIT,Tax Expert,PL2,Engagement,New Hire,30-60 days,26-Mar,0,0,0,0,0,0,334,478,0,0,0,0
TTL Full Service Consumer,INTUIT,Tax Expert,PL2,Phone,New Hire,< 30 days,26-Jan,0,0,0,0,1.56,1.64,0,0,137.016667,5,0,0
TTL Full Service Consumer,INTUIT,Tax Expert,PL2,Engagement,Re-Hire,< 30 days,Before Season,0,0,0,0,0,0,183,584,0,0,0,0
TTL Full Service Consumer,INTUIT,Tax Expert,PL2,Chat,Re-Hire,90-120 days,26-Feb,0,0,0,0,0,0,0,0,96.266666,6,0,0
TTL Full Service Consumer,INTUIT,Tax Expert,PL2,Engagement,New Hire,60-90 days,26-Mar,0,0,0,0,0,0,9,9,0,0,0,0
TTL Full Service Consumer,INTUIT,Tax Expert,PL2,Engagement,New Hire,N/A,Before Season,0,0,0,0,0,0,2,7,0,0,31.060895,13
TTL Full Service Consumer,INTUIT,Tax Expert,PL2,Engagement,Re-Hire,N/A,Before Season,0,0,0,0,0,0,6,10,0,0,407.368497,182
TTL Full Service Consumer,INTUIT,Tax Expert,PL2,Engagement,Re-Hire,90-120 days,26-Apr,0,0,0,0,0,0,368,538,0,0,0,0
TTL Full Service Consumer,INTUIT,Tax Expert,PL2,Engagement,Re-Hire,120+ days,26-Apr,0,0,0,0,0,0,241,387,0,0,0,0
TTL Full Service Consumer,INTUIT,Tax Expert,PL2,Engagement,Re-Hire,90-120 days,26-Feb,0,0,0,0,0,0,118,164,0,0,0,0
TTL Full Service Consumer,INTUIT,Tax Expert,PL2,Engagement,Re-Hire,120+ days,After Season,0,0,0,0,0,0,54,150,0,0,0,0
TTL Full Service Consumer,INTUIT,Tax Expert,PL2,Chat,Re-Hire,30-60 days,26-Jan,0,0,0,0,0,0,0,0,105.983333,4,0,0
TTL Full Service Consumer,INTUIT,Tax Expert,PL2,Engagement,New Hire,< 30 days,26-Jan,0,0,0,0,0,0,0,2,0,0,0,0
TTL Full Service Consumer,INTUIT,Tax Expert,PL2,Chat,Re-Hire,120+ days,26-Mar,0,0,0,0,0,0,0,0,6.45,1,0,0
TTL Full Service Consumer,INTUIT,Tax Expert,PL2,Engagement,New Hire,120+ days,After Season,0,0,0,0,0,0,1,5,0,0,0,0
TTL Full Service Consumer,INTUIT,Tax Expert,PL2,Engagement,Re-Hire,120+ days,26-Jan,0,0,0,0,0,0,16,27,0,0,0,0
TTL Full Service Consumer,INTUIT,Tax Expert,PL2,Engagement,New Hire,90-120 days,26-Feb,0,0,0,0,0,0,6,12,0,0,0,0
TTL Full Service Consumer,INTUIT,Tax Expert,PL2,Engagement,New Hire,< 30 days,After Season,0,0,0,0,0,0,1,5,0,0,0,0
TTL Full Service Consumer,INTUIT,Tax Expert,PL2,Engagement,Re-Hire,30-60 days,26-Feb,0,0,0,0,0,0,1402,2110,0,0,0,0
TTL Full Service Consumer,INTUIT,Tax Expert,PL2,Engagement,Re-Hire,60-90 days,26-Jan,0,0,0,0,0,0,22,34,0,0,0,0
TTL Full Service Consumer,INTUIT,Tax Expert,PL2,Engagement,Re-Hire,< 30 days,26-Feb,0,0,0,0,0,0,495,760,0,0,0,0
TTL Full Service Consumer,INTUIT,Tax Expert,PL2,Engagement,Re-Hire,30-60 days,26-Mar,0,0,0,0,0,0,461,645,0,0,0,0
TTL Full Service Consumer,INTUIT,Tax Expert,PL2,Engagement,New Hire,N/A,After Season,0,0,0,0,0,0,0,0,0,0,593.669932,216
TTL Full Service Consumer,INTUIT,Tax Expert,PL2,Engagement,Re-Hire,< 30 days,26-Mar,0,0,0,0,0,0,189,259,0,0,0,0
TTL Full Service Consumer,INTUIT,Tax Expert,PL2,Phone,New Hire,90-120 days,26-Apr,0,0,0,0,6.47,7.91,0,0,279.633335,20,0,0
TTL Full Service Consumer,INTUIT,Tax Expert,PL2,Engagement,Re-Hire,60-90 days,After Season,0,0,0,0,0,0,7,17,0,0,0,0
TTL Full Service Consumer,INTUIT,Tax Expert,PL2,Chat,Re-Hire,30-60 days,Before Season,0,0,0,0,0,0,0,0,2964.949997,157,0,0
TTL Full Service Consumer,INTUIT,Tax Expert,PL2,Engagement,Re-Hire,60-90 days,26-Apr,0,0,0,0,0,0,100,136,0,0,0,0
TTL Full Service Consumer,INTUIT,Tax Expert,PL2,Engagement,Re-Hire,< 30 days,26-Apr,0,0,0,0,0,0,94,131,0,0,0,0
TTL Full Service Consumer,INTUIT,Tax Expert,PL2,Chat,Re-Hire,30-60 days,26-Feb,0,0,0,0,0,0,0,0,2863.099998,79,0,0
TTL Full Service Consumer,INTUIT,Tax Expert,PL2,Engagement,Re-Hire,60-90 days,Before Season,0,0,0,0,0,0,33,86,0,0,0,0
TTL Full Service Consumer,INTUIT,Tax Expert,PL2,Engagement,Re-Hire,N/A,26-Mar,0,0,0,0,0,0,1,3,0,0,11982.99432,4239
TTL Full Service Consumer,INTUIT,Tax Expert,PL2,Chat,Re-Hire,120+ days,Before Season,0,0,0,0,1.26,1.93,0,0,199.599999,14,0,0
TTL Full Service Consumer,INTUIT,Tax Expert,PL2,Engagement,Re-Hire,N/A,26-Feb,0,0,0,0,0,0,1,3,0,0,15182.77805,6406
TTL Full Service Consumer,INTUIT,Tax Expert,PL2,Engagement,New Hire,60-90 days,26-Feb,0,0,0,0,0,0,2,3,0,0,0,0
TTL Full Service Consumer,INTUIT,Tax Expert,PL2,Engagement,Re-Hire,120+ days,26-Mar,0,0,0,0,0,0,216,279,0,0,0,0
TTL Full Service Consumer,INTUIT,Tax Expert,PL2,Engagement,New Hire,N/A,26-Feb,0,0,0,0,0,0,9,11,0,0,2262.137911,892
TTL Full Service Consumer,INTUIT,Tax Expert,PL2,Engagement,New Hire,< 30 days,26-Feb,0,0,0,0,0,0,207,295,0,0,0,0
TTL Full Service Consumer,INTUIT,Tax Expert,PL2,Engagement,New Hire,60-90 days,After Season,0,0,0,0,0,0,8,17,0,0,0,0
TTL Full Service Consumer,INTUIT,Tax Expert,PL2,Engagement,Re-Hire,60-90 days,26-Mar,0,0,0,0,0,0,822,1187,0,0,0,0
TTL Full Service Consumer,INTUIT,Tax Expert,PL2,Engagement,New Hire,< 30 days,Before Season,0,0,0,0,0,0,0,2,0,0,0,0
TTL Full Service Consumer,INTUIT,Tax Expert,PL2,Engagement,New Hire,N/A,26-Mar,0,0,0,0,0,0,2,4,0,0,3626.919371,1254
TTL Full Service Consumer,INTUIT,Tax Expert,PL2,Chat,Re-Hire,60-90 days,26-Apr,0,0,0,0,0,0,0,0,45.016667,2,0,0
TTL Full Service Consumer,INTUIT,Tax Expert,PL2,Chat,Re-Hire,120+ days,26-Jan,0,0,0,0,0,0,0,0,0.55,1,0,0
TTL Full Service Consumer,INTUIT,Tax Expert,PL2,Chat,Re-Hire,< 30 days,26-Jan,0,0,0,0,0,0,0,0,146.783333,7,0,0
TTL Full Service Consumer,INTUIT,Tax Expert,PL2,Chat,Re-Hire,90-120 days,26-Apr,0,0,0,0,0,0,0,0,126.299999,6,0,0
TTL Full Service Consumer,INTUIT,Tax Expert,PL2,Engagement,Re-Hire,N/A,After Season,0,0,0,0,0,0,0,0,0,0,1292.463815,479
TTL Full Service Consumer,INTUIT,Tax Expert,PL2,Engagement,New Hire,N/A,26-Apr,0,0,0,0,0,0,0,0,0,0,3870.308412,1517
TTL Full Service Consumer,INTUIT,Tax Expert,PL2,Engagement,New Hire,N/A,26-Jan,0,0,0,0,0,0,0,0,0,0,398.470202,155
TTL Full Service Consumer,INTUIT,Tax Expert,PL2,Engagement,Re-Hire,N/A,26-Apr,0,0,0,0,0,0,0,0,0,0,7117.392542,2788
TTL Full Service Consumer,INTUIT,Tax Specialist,PL2,Phone,New Hire,30-60 days,26-Apr,308,738,242,397,16169.33,19418.17,0,0,601852.8334,34215,0,0
TTL Full Service Consumer,INTUIT,Tax Specialist,PL2,Phone,New Hire,90-120 days,After Season,1,3,0,0,240.58,287.47,0,0,7881.550002,597,0,0
TTL Full Service Consumer,INTUIT,Tax Specialist,PL2,Phone,New Hire,60-90 days,After Season,12,81,22,49,2361.59,2888.35,0,0,71927.83333,4976,0,0
TTL Full Service Consumer,INTUIT,Tax Specialist,PL2,Phone,New Hire,60-90 days,26-Apr,140,328,111,173,8324.97,10075.2,0,0,317986.1167,18000,0,0
TTL Full Service Consumer,INTUIT,Tax Specialist,PL2,Phone,New Hire,30-60 days,26-Mar,398,794,202,336,11504.36,13624.63,0,0,381699.25,23560,0,0
TTL Full Service Consumer,INTUIT,Tax Specialist,PL2,Phone,Re-Hire,120+ days,26-Apr,38,96,30,55,2599.52,3163.97,0,0,101002.7,5771,0,0
TTL Full Service Consumer,INTUIT,Tax Specialist,PL2,Phone,Re-Hire,30-60 days,After Season,-1,1,0,0,27.98,35.8,0,0,720.583334,56,0,0
TTL Full Service Consumer,INTUIT,Tax Specialist,PL2,Phone,Re-Hire,30-60 days,26-Apr,2,8,3,5,306.2,372.44,0,0,9102.383344,609,0,0
TTL Full Service Consumer,INTUIT,Tax Specialist,PL2,Phone,Re-Hire,60-90 days,After Season,3,6,0,3,141.18,167.76,0,0,5767.900006,333,0,0
TTL Full Service Consumer,INTUIT,Tax Specialist,PL2,Phone,Re-Hire,60-90 days,26-Apr,63,143,42,74,3373.89,4006.2,0,0,128379.5333,7029,0,0
TTL Full Service Consumer,INTUIT,Tax Specialist,PL2,Phone,New Hire,30-60 days,After Season,8,26,10,19,822.9,1033.96,0,0,25391.5,1627,0,0
TTL Full Service Consumer,INTUIT,Tax Specialist,PL2,Phone,Re-Hire,120+ days,After Season,5,27,8,17,713.76,870.28,0,0,22579.38333,1578,0,0
TTL Full Service Consumer,INTUIT,Tax Specialist,PL2,Phone,New Hire,< 30 days,26-Apr,0,3,0,0,88.88,102.69,0,0,4117.916664,176,0,0
TTL Full Service Consumer,INTUIT,Tax Specialist,PL2,Phone,Re-Hire,120+ days,26-Mar,7,10,2,3,132.65,150.19,0,0,4137.833327,256,0,0
TTL Full Service Consumer,INTUIT,Tax Specialist,PL2,Phone,New Hire,< 30 days,26-Mar,17,29,9,11,244.45,281.7,0,0,9808.416663,568,0,0
TTL Full Service Consumer,INTUIT,Tax Specialist,PL2,Phone,Re-Hire,90-120 days,26-Apr,87,167,54,76,4095.21,4936.63,0,0,166752.3667,8976,0,0
TTL Full Service Consumer,INTUIT,Tax Specialist,PL2,Phone,New Hire,60-90 days,26-Mar,-1,1,1,1,6.94,10.27,0,0,5395.983333,414,0,0
TTL Full Service Consumer,INTUIT,Tax Specialist,PL2,Phone,Re-Hire,30-60 days,26-Mar,63,82,3,6,1047.44,1165.45,0,0,40642.19999,2576,0,0
TTL Full Service Consumer,INTUIT,Tax Specialist,PL2,Phone,Re-Hire,60-90 days,26-Mar,551,752,92,125,8531.79,9716.63,0,0,345565.1167,20397,0,0
TTL Full Service Consumer,INTUIT,Tax Specialist,PL2,Phone,Re-Hire,90-120 days,After Season,14,33,9,18,1110.86,1333.83,0,0,32880.48335,2433,0,0
TTL Full Service Consumer,INTUIT,Tax Specialist,PL2,Engagement,Re-Hire,60-90 days,26-Mar,0,0,0,0,0,0,2144,3562,0,0,0,0
TTL Full Service Consumer,INTUIT,Tax Specialist,PL2,Phone,Re-Hire,90-120 days,26-Mar,250,365,45,76,3843.49,4477.38,0,0,154026.2834,9531,0,0
TTL Full Service Consumer,INTUIT,Tax Specialist,PL2,Engagement,Re-Hire,120+ days,26-Apr,0,0,0,0,0,0,351,559,0,0,0,0
TTL Full Service Consumer,INTUIT,Tax Specialist,PL2,Phone,Re-Hire,60-90 days,26-Feb,883,1134,1,1,9659.22,10577.17,0,0,422471.3334,23989,0,0
TTL Full Service Consumer,INTUIT,Tax Specialist,PL2,Engagement,New Hire,30-60 days,26-Mar,0,0,0,0,0,0,2500,4269,0,0,0,0
TTL Full Service Consumer,INTUIT,Tax Specialist,PL2,Engagement,Re-Hire,N/A,Before Season,0,0,0,0,0,0,1,7,0,0,137.481848,72
TTL Full Service Consumer,INTUIT,Tax Specialist,PL2,Engagement,New Hire,60-90 days,26-Apr,0,0,0,0,0,0,1373,2247,0,0,0,0
TTL Full Service Consumer,INTUIT,Tax Specialist,PL2,Engagement,New Hire,30-60 days,After Season,0,0,0,0,0,0,80,226,0,0,0,0
TTL Full Service Consumer,INTUIT,Tax Specialist,PL2,Engagement,New Hire,90-120 days,After Season,0,0,0,0,0,0,9,68,0,0,0,0
TTL Full Service Consumer,INTUIT,Tax Specialist,PL2,Engagement,Re-Hire,60-90 days,After Season,0,0,0,0,0,0,8,48,0,0,0,0
TTL Full Service Consumer,INTUIT,Tax Specialist,PL2,Engagement,New Hire,< 30 days,26-Mar,0,0,0,0,0,0,187,372,0,0,0,0
TTL Full Service Consumer,INTUIT,Tax Specialist,PL2,Engagement,Re-Hire,30-60 days,26-Mar,0,0,0,0,0,0,438,695,0,0,0,0
TTL Full Service Consumer,INTUIT,Tax Specialist,PL2,Engagement,New Hire,< 30 days,26-Apr,0,0,0,0,0,0,12,23,0,0,0,0
TTL Full Service Consumer,INTUIT,Tax Specialist,PL2,Engagement,Re-Hire,< 30 days,Before Season,0,0,0,0,0,0,234,1033,0,0,0,0
TTL Full Service Consumer,INTUIT,Tax Specialist,PL2,Phone,Re-Hire,< 30 days,Before Season,5,5,0,0,66.39,74.18,0,0,1197.983331,66,0,0
TTL Full Service Consumer,INTUIT,Tax Specialist,PL2,Engagement,Re-Hire,90-120 days,26-Apr,0,0,0,0,0,0,805,1225,0,0,0,0
TTL Full Service Consumer,INTUIT,Tax Specialist,PL2,Engagement,Re-Hire,120+ days,26-Mar,0,0,0,0,0,0,18,33,0,0,0,0
TTL Full Service Consumer,INTUIT,Tax Specialist,PL2,Engagement,Re-Hire,< 30 days,26-Mar,0,0,0,0,0,0,3,12,0,0,0,0
TTL Full Service Consumer,INTUIT,Tax Specialist,PL2,Engagement,New Hire,< 30 days,26-Feb,0,0,0,0,0,0,1,1,0,0,0,0
TTL Full Service Consumer,INTUIT,Tax Specialist,PL2,Engagement,Re-Hire,30-60 days,26-Jan,0,0,0,0,0,0,434,1460,0,0,0,0
TTL Full Service Consumer,INTUIT,Tax Specialist,PL2,Engagement,Re-Hire,30-60 days,26-Apr,0,0,0,0,0,0,53,90,0,0,0,0
TTL Full Service Consumer,INTUIT,Tax Specialist,PL2,Engagement,Re-Hire,< 30 days,26-Feb,0,0,0,0,0,0,36,93,0,0,0,0
TTL Full Service Consumer,INTUIT,Tax Specialist,PL2,Phone,Re-Hire,30-60 days,Before Season,247,270,0,0,2046.38,2235.46,0,0,92786.73335,5449,0,0
TTL Full Service Consumer,INTUIT,Tax Specialist,PL2,Phone,Re-Hire,30-60 days,26-Jan,320,378,0,0,2472.25,2709.53,0,0,107809.4667,6033,0,0
TTL Full Service Consumer,INTUIT,Tax Specialist,PL2,Phone,Re-Hire,< 30 days,26-Mar,2,2,0,0,10.12,11.29,0,0,1036.483335,28,0,0
TTL Full Service Consumer,INTUIT,Tax Specialist,PL2,Phone,Re-Hire,< 30 days,26-Feb,16,21,0,0,186.69,201.54,0,0,7111.200002,436,0,0
TTL Full Service Consumer,INTUIT,Tax Specialist,PL2,Engagement,New Hire,N/A,26-Apr,0,0,0,0,0,0,0,0,0,0,32877.81429,11936
TTL Full Service Consumer,INTUIT,Tax Specialist,PL2,Engagement,Re-Hire,60-90 days,26-Feb,0,0,0,0,0,0,2551,4643,0,0,0,0
TTL Full Service Consumer,INTUIT,Tax Specialist,PL2,Engagement,Re-Hire,N/A,After Season,0,0,0,0,0,0,0,0,0,0,1701.763118,537
TTL Full Service Consumer,INTUIT,Tax Specialist,PL2,Engagement,Re-Hire,60-90 days,26-Apr,0,0,0,0,0,0,838,1233,0,0,0,0
TTL Full Service Consumer,INTUIT,Tax Specialist,PL2,Engagement,New Hire,N/A,26-Jan,0,0,0,0,0,0,0,0,0,0,82.591242,30
TTL Full Service Consumer,INTUIT,Tax Specialist,PL2,Phone,Re-Hire,30-60 days,26-Feb,515,615,0,0,4270.07,4673.28,0,0,173185.0667,10061,0,0
TTL Full Service Consumer,INTUIT,Tax Specialist,PL2,Engagement,New Hire,60-90 days,26-Mar,0,0,0,0,0,0,0,1,0,0,0,0
TTL Full Service Consumer,INTUIT,Tax Specialist,PL2,Engagement,Re-Hire,90-120 days,26-Mar,0,0,0,0,0,0,776,1353,0,0,0,0
TTL Full Service Consumer,INTUIT,Tax Specialist,PL2,Engagement,Re-Hire,30-60 days,Before Season,0,0,0,0,0,0,868,3608,0,0,0,0
TTL Full Service Consumer,INTUIT,Tax Specialist,PL2,Engagement,New Hire,60-90 days,After Season,0,0,0,0,0,0,177,676,0,0,0,0
TTL Full Service Consumer,INTUIT,Tax Specialist,PL2,Engagement,New Hire,30-60 days,26-Apr,0,0,0,0,0,0,2840,4533,0,0,0,0
TTL Full Service Consumer,INTUIT,Tax Specialist,PL2,Engagement,Re-Hire,120+ days,After Season,0,0,0,0,0,0,50,180,0,0,0,0
TTL Full Service Consumer,INTUIT,Tax Specialist,PL2,Engagement,Re-Hire,90-120 days,After Season,0,0,0,0,0,0,76,269,0,0,0,0
TTL Full Service Consumer,INTUIT,Tax Specialist,PL2,Phone,Re-Hire,< 30 days,26-Jan,6,8,0,0,83.37,89.8,0,0,3855.516667,208,0,0
TTL Full Service Consumer,INTUIT,Tax Specialist,PL2,Engagement,Re-Hire,< 30 days,26-Jan,0,0,0,0,0,0,34,66,0,0,0,0
TTL Full Service Consumer,INTUIT,Tax Specialist,PL2,Engagement,Re-Hire,30-60 days,After Season,0,0,0,0,0,0,3,12,0,0,0,0
TTL Full Service Consumer,INTUIT,Tax Specialist,PL2,Engagement,Re-Hire,30-60 days,26-Feb,0,0,0,0,0,0,846,2218,0,0,0,0
TTL Full Service Consumer,INTUIT,Tax Specialist,PL2,Engagement,New Hire,N/A,26-Mar,0,0,0,0,0,0,0,0,0,0,12780.36213,5228
TTL Full Service Consumer,INTUIT,Tax Specialist,PL2,Engagement,Re-Hire,N/A,26-Mar,0,0,0,0,0,0,0,0,0,0,18683.27472,7474
TTL Full Service Consumer,INTUIT,Tax Specialist,PL2,Engagement,New Hire,N/A,Before Season,0,0,0,0,0,0,0,0,0,0,31.701523,13
TTL Full Service Consumer,INTUIT,Tax Specialist,PL2,Engagement,Re-Hire,N/A,26-Apr,0,0,0,0,0,0,0,0,0,0,15551.15648,5380
TTL Full Service Consumer,INTUIT,Tax Specialist,PL2,Engagement,New Hire,N/A,After Season,0,0,0,0,0,0,0,0,0,0,2622.979234,991
TTL Full Service Consumer,INTUIT,Tax Specialist,PL2,Engagement,New Hire,N/A,26-Feb,0,0,0,0,0,0,0,0,0,0,1956.888814,956
TTL Full Service Consumer,INTUIT,Tax Specialist,PL2,Engagement,Re-Hire,N/A,26-Jan,0,0,0,0,0,0,0,0,0,0,2905.762637,1583
TTL Full Service Consumer,INTUIT,Tax Specialist,PL2,Engagement,Re-Hire,N/A,26-Feb,0,0,0,0,0,0,0,0,0,0,20654.49107,9855
TTL Full Service Consumer,INTUIT,Tax Associate,PL3,Phone,Re-Hire,60-90 days,After Season,5,16,8,14,404.91,476.95,0,0,11562.66666,829,0,0
TTL Full Service Consumer,INTUIT,Tax Associate,PL3,Phone,New Hire,30-60 days,After Season,3,4,3,3,164.69,185.94,0,0,5191.533331,303,0,0
TTL Full Service Consumer,INTUIT,Tax Associate,PL3,Phone,Re-Hire,30-60 days,26-Feb,652,876,186,271,11925.39,13462.93,0,0,505838.5167,28467,0,0
TTL Full Service Consumer,INTUIT,Tax Associate,PL3,Phone,New Hire,60-90 days,After Season,-2,4,0,2,409.33,494.3,0,0,11277.61666,992,0,0
TTL Full Service Consumer,INTUIT,Tax Associate,PL3,Phone,New Hire,60-90 days,26-Mar,1,5,2,3,108.38,127.3,0,0,3904.866666,317,0,0
TTL Full Service Consumer,INTUIT,Tax Associate,PL3,Phone,New Hire,90-120 days,26-Feb,3,5,0,0,141.04,157.77,0,0,4554.599993,386,0,0
TTL Full Service Consumer,INTUIT,Tax Associate,PL3,Phone,Re-Hire,60-90 days,26-Mar,613,960,170,224,14157.94,15975.33,0,0,701170.7666,33944,0,0
TTL Full Service Consumer,INTUIT,Tax Associate,PL3,Phone,New Hire,30-60 days,26-Apr,24,44,15,25,1360.33,1600.4,0,0,65662.01666,3115,0,0
TTL Full Service Consumer,INTUIT,Tax Associate,PL3,Phone,New Hire,90-120 days,26-Apr,1,1,1,1,286.19,354.81,0,0,7934.666661,655,0,0
TTL Full Service Consumer,INTUIT,Tax Associate,PL3,Phone,New Hire,90-120 days,After Season,8,14,6,9,247.76,294.89,0,0,8477.666663,651,0,0
TTL Full Service Consumer,INTUIT,Tax Associate,PL3,Phone,Re-Hire,30-60 days,After Season,-1,1,0,1,78.65,90.95,0,0,2073.433337,143,0,0
TTL Full Service Consumer,INTUIT,Tax Associate,PL3,Phone,Re-Hire,30-60 days,Before Season,303,374,40,59,6396.54,7199.83,0,0,244271.1166,17502,0,0
TTL Full Service Consumer,INTUIT,Tax Associate,PL3,Phone,New Hire,< 30 days,26-Mar,35,86,10,16,1099.86,1251.21,0,0,62983.53333,2607,0,0
TTL Full Service Consumer,INTUIT,Tax Associate,PL3,Phone,Re-Hire,90-120 days,26-Mar,560,971,165,230,14032.02,15997.91,0,0,727133.3666,35178,0,0
TTL Full Service Consumer,INTUIT,Tax Associate,PL3,Phone,New Hire,60-90 days,Before Season,1,1,0,0,158.1,174.6,0,0,4393.183338,415,0,0
TTL Full Service Consumer,INTUIT,Tax Associate,PL3,Phone,Re-Hire,30-60 days,26-Mar,247,362,63,84,4922.25,5542.2,0,0,222869.9167,11605,0,0
TTL Full Service Consumer,INTUIT,Tax Associate,PL3,Phone,New Hire,120+ days,After Season,3,10,2,4,460.6,548.1,0,0,12346.20002,1049,0,0
TTL Full Service Consumer,INTUIT,Tax Associate,PL3,Phone,Re-Hire,60-90 days,Before Season,7,13,1,3,391.83,439.73,0,0,12903.93333,1032,0,0
TTL Full Service Consumer,INTUIT,Tax Associate,PL3,Phone,New Hire,120+ days,26-Apr,7,10,3,5,482.91,568.06,0,0,17765.01666,1219,0,0
TTL Full Service Consumer,INTUIT,Tax Associate,PL3,Phone,Re-Hire,90-120 days,Before Season,5,5,0,0,126.22,144.96,0,0,4180.749992,344,0,0
TTL Full Service Consumer,INTUIT,Tax Associate,PL3,Phone,Re-Hire,90-120 days,After Season,13,42,14,31,1311.54,1543.32,0,0,40785.03336,2806,0,0
TTL Full Service Consumer,INTUIT,Tax Associate,PL3,Phone,New Hire,120+ days,26-Mar,2,7,2,6,105.9,122.35,0,0,3768.649997,283,0,0
TTL Full Service Consumer,INTUIT,Tax Associate,PL3,Phone,New Hire,60-90 days,26-Apr,32,58,20,24,1356.98,1569.9,0,0,56541.75,3062,0,0
TTL Full Service Consumer,INTUIT,Tax Associate,PL3,Phone,Re-Hire,120+ days,26-Jan,32,37,11,13,676.41,768.32,0,0,23408.28335,1620,0,0
TTL Full Service Consumer,INTUIT,Tax Associate,PL3,Phone,Re-Hire,< 30 days,26-Feb,164,242,64,79,2828.35,3202.95,0,0,122657.3166,6616,0,0
TTL Full Service Consumer,INTUIT,Tax Associate,PL3,Phone,New Hire,60-90 days,26-Feb,12,12,2,2,329.5,371.8,0,0,11473.85,971,0,0
TTL Full Service Consumer,INTUIT,Tax Associate,PL3,Phone,Re-Hire,120+ days,After Season,39,177,47,98,5077.56,5981.48,0,0,176410.3667,11469,0,0
TTL Full Service Consumer,INTUIT,Tax Associate,PL3,Phone,New Hire,30-60 days,26-Mar,135,220,35,53,2947.31,3352.26,0,0,137018.3167,6980,0,0
TTL Full Service Consumer,INTUIT,Tax Associate,PL3,Phone,Re-Hire,30-60 days,26-Apr,9,17,5,7,464.53,539.67,0,0,21023.65,1046,0,0
TTL Full Service Consumer,INTUIT,Tax Associate,PL3,Phone,New Hire,90-120 days,26-Mar,9,15,3,3,375.26,448.71,0,0,13375.13332,1031,0,0
TTL Full Service Consumer,INTUIT,Tax Associate,PL3,Phone,New Hire,< 30 days,26-Feb,28,60,14,24,769.38,882.9,0,0,46582.54999,1818,0,0
TTL Full Service Consumer,INTUIT,Tax Associate,PL3,Phone,Re-Hire,90-120 days,26-Apr,198,411,123,182,9848.17,11589.22,0,0,423958.3333,22560,0,0
TTL Full Service Consumer,INTUIT,Tax Associate,PL3,Phone,Re-Hire,< 30 days,26-Jan,56,77,16,20,1086.34,1233.18,0,0,57003.68332,2793,0,0
TTL Full Service Consumer,INTUIT,Tax Associate,PL3,Phone,Re-Hire,< 30 days,Before Season,106,153,14,22,1446.64,1620.97,0,0,79227.51669,5625,0,0
TTL Full Service Consumer,INTUIT,Tax Associate,PL3,Phone,Re-Hire,90-120 days,26-Feb,25,32,1,1,616.7,695.36,0,0,21712.09999,1640,0,0
TTL Full Service Consumer,INTUIT,Tax Associate,PL3,Phone,Re-Hire,< 30 days,26-Apr,5,7,3,4,101.31,113.51,0,0,4240.883334,228,0,0
TTL Full Service Consumer,INTUIT,Tax Associate,PL3,Phone,Re-Hire,< 30 days,26-Mar,20,34,5,8,372.84,417.42,0,0,24099.43334,842,0,0
TTL Full Service Consumer,INTUIT,Tax Associate,PL3,Phone,Re-Hire,30-60 days,26-Jan,184,219,36,46,3680.87,4169.25,0,0,143116.1333,9344,0,0
TTL Full Service Consumer,INTUIT,Tax Associate,PL3,Phone,Re-Hire,120+ days,26-Apr,94,223,54,94,6344.62,7552.67,0,0,288160.8333,15388,0,0
TTL Full Service Consumer,INTUIT,Tax Associate,PL3,Phone,New Hire,30-60 days,26-Jan,4,4,0,0,111.71,130.29,0,0,4114.616674,320,0,0
TTL Full Service Consumer,INTUIT,Tax Associate,PL3,Phone,Re-Hire,120+ days,26-Feb,161,249,61,87,3480.6,3919.45,0,0,140408.5667,8187,0,0
TTL Full Service Consumer,INTUIT,Tax Associate,PL3,Phone,Re-Hire,120+ days,Before Season,32,35,8,8,702.94,786.85,0,0,34609.16666,2528,0,0
TTL Full Service Consumer,INTUIT,Tax Associate,PL3,Phone,New Hire,60-90 days,26-Jan,2,2,0,0,61.37,69.31,0,0,2162.333333,165,0,0
TTL Full Service Consumer,INTUIT,Tax Associate,PL3,Phone,New Hire,30-60 days,Before Season,14,15,0,0,297.74,344.12,0,0,10136.26665,789,0,0
TTL Full Service Consumer,INTUIT,Tax Associate,PL3,Phone,Re-Hire,60-90 days,26-Apr,97,209,68,102,4345.49,5064.75,0,0,177596.8,9618,0,0
TTL Full Service Consumer,INTUIT,Tax Associate,PL3,Phone,Re-Hire,120+ days,26-Mar,79,142,21,34,2486.36,2803.63,0,0,120510.2667,6031,0,0
TTL Full Service Consumer,INTUIT,Tax Associate,PL3,Phone,New Hire,30-60 days,26-Feb,0,0,0,0,42.4,49.18,0,0,1157.350002,161,0,0
TTL Full Service Consumer,INTUIT,Tax Associate,PL3,Phone,Re-Hire,60-90 days,26-Feb,539,794,162,230,11832.64,13354.94,0,0,547366.8666,29101,0,0
TTL Full Service Consumer,INTUIT,Tax Associate,PL3,Phone,Re-Hire,60-90 days,26-Jan,9,13,0,0,211.25,234.29,0,0,7472.083331,531,0,0
TTL Full Service Consumer,INTUIT,Tax Associate,PL3,Phone,New Hire,< 30 days,Before Season,2,2,0,0,14.53,17.31,0,0,542.416667,39,0,0
TTL Full Service Consumer,INTUIT,Tax Associate,PL3,Phone,Re-Hire,< 30 days,After Season,0,0,0,0,2.36,2.6,0,0,20.25,2,0,0
TTL Full Service Consumer,INTUIT,Tax Associate,PL3,Phone,New Hire,< 30 days,26-Apr,7,10,5,6,203.97,238.27,0,0,8572.716668,406,0,0
TTL Full Service Consumer,INTUIT,Tax Associate,PL3,Engagement,Re-Hire,30-60 days,26-Jan,0,0,0,0,0,0,1259,2186,0,0,0,0
TTL Full Service Consumer,INTUIT,Tax Associate,PL3,Engagement,Re-Hire,120+ days,After Season,0,0,0,0,0,0,570,1457,0,0,0,0
TTL Full Service Consumer,INTUIT,Tax Associate,PL3,Engagement,New Hire,60-90 days,After Season,0,0,0,0,0,0,44,108,0,0,0,0
TTL Full Service Consumer,INTUIT,Tax Associate,PL3,Engagement,Re-Hire,60-90 days,After Season,0,0,0,0,0,0,33,101,0,0,0,0
TTL Full Service Consumer,INTUIT,Tax Associate,PL3,Engagement,Re-Hire,120+ days,26-Mar,0,0,0,0,0,0,1106,1477,0,0,0,0
TTL Full Service Consumer,INTUIT,Tax Associate,PL3,Engagement,New Hire,60-90 days,Before Season,0,0,0,0,0,0,61,120,0,0,0,0
TTL Full Service Consumer,INTUIT,Tax Associate,PL3,Engagement,New Hire,< 30 days,26-Feb,0,0,0,0,0,0,310,428,0,0,0,0
TTL Full Service Consumer,INTUIT,Tax Associate,PL3,Engagement,New Hire,120+ days,26-Mar,0,0,0,0,0,0,35,42,0,0,0,0
TTL Full Service Consumer,INTUIT,Tax Associate,PL3,Engagement,New Hire,60-90 days,26-Feb,0,0,0,0,0,0,111,144,0,0,0,0
TTL Full Service Consumer,INTUIT,Tax Associate,PL3,Chat,New Hire,60-90 days,26-Apr,0,0,0,0,0,0,0,0,83.85,2,0,0
TTL Full Service Consumer,INTUIT,Tax Associate,PL3,Engagement,Re-Hire,120+ days,Before Season,0,0,0,0,0,0,246,641,0,0,0,0
TTL Full Service Consumer,INTUIT,Tax Associate,PL3,Chat,New Hire,30-60 days,26-Mar,0,0,0,0,0,0,0,0,13.8,2,0,0
TTL Full Service Consumer,INTUIT,Tax Associate,PL3,Engagement,New Hire,120+ days,26-Apr,0,0,0,0,0,0,114,211,0,0,0,0
TTL Full Service Consumer,INTUIT,Tax Associate,PL3,Engagement,Re-Hire,120+ days,26-Jan,0,0,0,0,0,0,236,428,0,0,0,0
TTL Full Service Consumer,INTUIT,Tax Associate,PL3,Engagement,Re-Hire,N/A,26-Jan,0,0,0,0,0,0,4,5,0,0,6338.556935,2996
TTL Full Service Consumer,INTUIT,Tax Associate,PL3,Engagement,New Hire,90-120 days,26-Mar,0,0,0,0,0,0,128,174,0,0,0,0
TTL Full Service Consumer,INTUIT,Tax Associate,PL3,Engagement,New Hire,N/A,26-Jan,0,0,0,0,0,0,1,5,0,0,270.118179,111
TTL Full Service Consumer,INTUIT,Tax Associate,PL3,Engagement,Re-Hire,N/A,26-Feb,0,0,0,0,0,0,1,2,0,0,38812.21071,14931
TTL Full Service Consumer,INTUIT,Tax Associate,PL3,Chat,Re-Hire,30-60 days,26-Jan,0,0,0,0,0,0,0,0,2845.400005,77,0,0
TTL Full Service Consumer,INTUIT,Tax Associate,PL3,Engagement,Re-Hire,30-60 days,26-Apr,0,0,0,0,0,0,128,186,0,0,0,0
TTL Full Service Consumer,INTUIT,Tax Associate,PL3,Engagement,Re-Hire,90-120 days,26-Feb,0,0,0,0,0,0,252,326,0,0,0,0
TTL Full Service Consumer,INTUIT,Tax Associate,PL3,Engagement,New Hire,90-120 days,26-Apr,0,0,0,0,0,0,57,87,0,0,0,0
TTL Full Service Consumer,INTUIT,Tax Associate,PL3,Engagement,Re-Hire,< 30 days,26-Feb,0,0,0,0,0,0,1275,1905,0,0,0,0
TTL Full Service Consumer,INTUIT,Tax Associate,PL3,Engagement,Re-Hire,30-60 days,26-Feb,0,0,0,0,0,0,4862,7128,0,0,0,0
TTL Full Service Consumer,INTUIT,Tax Associate,PL3,Chat,Re-Hire,120+ days,26-Mar,0,0,0,0,0,0,0,0,859.5,29,0,0
TTL Full Service Consumer,INTUIT,Tax Associate,PL3,Chat,Re-Hire,60-90 days,Before Season,0,0,0,0,1.42,1.56,0,0,2408.266664,91,0,0
TTL Full Service Consumer,INTUIT,Tax Associate,PL3,Chat,Re-Hire,< 30 days,Before Season,2,2,0,0,8.52,9.65,0,0,30902.14998,1269,0,0
TTL Full Service Consumer,INTUIT,Tax Associate,PL3,Engagement,Re-Hire,90-120 days,Before Season,0,0,0,0,0,0,72,170,0,0,0,0
TTL Full Service Consumer,INTUIT,Tax Associate,PL3,Engagement,New Hire,30-60 days,After Season,0,0,0,0,0,0,13,34,0,0,0,0
TTL Full Service Consumer,INTUIT,Tax Associate,PL3,Chat,Re-Hire,90-120 days,26-Mar,1,1,0,0,0.61,0.61,0,0,6463.866661,133,0,0
TTL Full Service Consumer,INTUIT,Tax Associate,PL3,Engagement,New Hire,N/A,26-Mar,0,0,0,0,0,0,0,1,0,0,16915.15853,4361
TTL Full Service Consumer,INTUIT,Tax Associate,PL3,Engagement,Re-Hire,60-90 days,26-Jan,0,0,0,0,0,0,96,134,0,0,0,0
TTL Full Service Consumer,INTUIT,Tax Associate,PL3,Engagement,Re-Hire,60-90 days,Before Season,0,0,0,0,0,0,128,385,0,0,0,0
TTL Full Service Consumer,INTUIT,Tax Associate,PL3,Engagement,New Hire,90-120 days,After Season,0,0,0,0,0,0,18,67,0,0,0,0
TTL Full Service Consumer,INTUIT,Tax Associate,PL3,Engagement,Re-Hire,120+ days,26-Feb,0,0,0,0,0,0,1356,1959,0,0,0,0
TTL Full Service Consumer,INTUIT,Tax Associate,PL3,Engagement,New Hire,30-60 days,26-Feb,0,0,0,0,0,0,16,23,0,0,0,0
TTL Full Service Consumer,INTUIT,Tax Associate,PL3,Chat,Re-Hire,< 30 days,26-Feb,0,0,0,0,0.2,0.2,0,0,2861.050002,44,0,0
TTL Full Service Consumer,INTUIT,Tax Associate,PL3,Engagement,Re-Hire,120+ days,26-Apr,0,0,0,0,0,0,1805,2807,0,0,0,0
TTL Full Service Consumer,INTUIT,Tax Associate,PL3,Engagement,New Hire,< 30 days,Before Season,0,0,0,0,0,0,4,12,0,0,0,0
TTL Full Service Consumer,INTUIT,Tax Associate,PL3,Chat,Re-Hire,120+ days,26-Feb,0,0,0,0,0,0,0,0,2380.383334,77,0,0
TTL Full Service Consumer,INTUIT,Tax Associate,PL3,Chat,Re-Hire,60-90 days,26-Mar,1,1,0,0,1.18,1.22,0,0,5175.866671,145,0,0
TTL Full Service Consumer,INTUIT,Tax Associate,PL3,Engagement,New Hire,< 30 days,26-Mar,0,0,0,0,0,0,490,643,0,0,0,0
TTL Full Service Consumer,INTUIT,Tax Associate,PL3,Phone,New Hire,< 30 days,After Season,0,0,0,0,0.27,0.61,0,0,0,0,0,0
TTL Full Service Consumer,INTUIT,Tax Associate,PL3,Engagement,Re-Hire,90-120 days,26-Apr,0,0,0,0,0,0,2564,3730,0,0,0,0
TTL Full Service Consumer,INTUIT,Tax Associate,PL3,Engagement,New Hire,30-60 days,26-Jan,0,0,0,0,0,0,36,58,0,0,0,0
TTL Full Service Consumer,INTUIT,Tax Associate,PL3,Engagement,Re-Hire,90-120 days,After Season,0,0,0,0,0,0,127,338,0,0,0,0
TTL Full Service Consumer,INTUIT,Tax Associate,PL3,Engagement,Re-Hire,N/A,26-Mar,0,0,0,0,0,0,1,1,0,0,78920.30749,22767
TTL Full Service Consumer,INTUIT,Tax Associate,PL3,Chat,Re-Hire,< 30 days,26-Jan,0,0,0,0,0,0,0,0,572.566667,20,0,0
TTL Full Service Consumer,INTUIT,Tax Associate,PL3,Chat,Re-Hire,90-120 days,Before Season,0,0,0,0,0,0,0,0,671.399999,40,0,0
TTL Full Service Consumer,INTUIT,Tax Associate,PL3,Engagement,Re-Hire,60-90 days,26-Feb,0,0,0,0,0,0,4426,6250,0,0,0,0
TTL Full Service Consumer,INTUIT,Tax Associate,PL3,Engagement,Re-Hire,< 30 days,Before Season,0,0,0,0,0,0,683,2236,0,0,0,0
TTL Full Service Consumer,INTUIT,Tax Associate,PL3,Engagement,New Hire,60-90 days,26-Jan,0,0,0,0,0,0,29,47,0,0,0,0
TTL Full Service Consumer,INTUIT,Tax Associate,PL3,Engagement,New Hire,60-90 days,26-Apr,0,0,0,0,0,0,345,522,0,0,0,0
TTL Full Service Consumer,INTUIT,Tax Associate,PL3,Chat,Re-Hire,30-60 days,26-Feb,0,0,0,0,0.2,0.24,0,0,7757.233339,243,0,0
TTL Full Service Consumer,INTUIT,Tax Associate,PL3,Engagement,Re-Hire,< 30 days,26-Apr,0,0,0,0,0,0,35,55,0,0,0,0
TTL Full Service Consumer,INTUIT,Tax Associate,PL3,Chat,Re-Hire,120+ days,Before Season,0,0,0,0,0.61,0.61,0,0,4840.599995,106,0,0
TTL Full Service Consumer,INTUIT,Tax Associate,PL3,Engagement,New Hire,N/A,26-Feb,0,0,0,0,0,0,2,3,0,0,3867.483769,1364
TTL Full Service Consumer,INTUIT,Tax Associate,PL3,Phone,New Hire,< 30 days,26-Jan,0,0,0,0,2.58,2.74,0,0,25.283334,6,0,0
TTL Full Service Consumer,INTUIT,Tax Associate,PL3,Engagement,Re-Hire,N/A,Before Season,0,0,0,0,0,0,24,39,0,0,1163.509608,590
TTL Full Service Consumer,INTUIT,Tax Associate,PL3,Chat,Re-Hire,60-90 days,26-Feb,0,0,0,0,0.59,0.61,0,0,10126.85,224,0,0
TTL Full Service Consumer,INTUIT,Tax Associate,PL3,Engagement,New Hire,< 30 days,26-Jan,0,0,0,0,0,0,1,3,0,0,0,0
TTL Full Service Consumer,INTUIT,Tax Associate,PL3,Engagement,Re-Hire,< 30 days,26-Jan,0,0,0,0,0,0,486,801,0,0,0,0
TTL Full Service Consumer,INTUIT,Tax Associate,PL3,Chat,Re-Hire,30-60 days,Before Season,3,4,0,0,3.86,4.3,0,0,30194.55,1135,0,0
TTL Full Service Consumer,INTUIT,Tax Associate,PL3,Chat,Re-Hire,30-60 days,26-Mar,1,1,0,0,0.69,0.71,0,0,2483.833334,64,0,0
TTL Full Service Consumer,INTUIT,Tax Associate,PL3,Chat,Re-Hire,120+ days,26-Jan,0,0,0,0,0.2,0.2,0,0,839.399999,24,0,0
TTL Full Service Consumer,INTUIT,Tax Associate,PL3,Engagement,New Hire,60-90 days,26-Mar,0,0,0,0,0,0,35,42,0,0,0,0
TTL Full Service Consumer,INTUIT,Tax Associate,PL3,Engagement,Re-Hire,60-90 days,26-Mar,0,0,0,0,0,0,6604,8662,0,0,0,0
TTL Full Service Consumer,INTUIT,Tax Associate,PL3,Engagement,New Hire,30-60 days,26-Apr,0,0,0,0,0,0,393,546,0,0,0,0
TTL Full Service Consumer,INTUIT,Tax Associate,PL3,Engagement,New Hire,30-60 days,26-Mar,0,0,0,0,0,0,1237,1637,0,0,0,0
TTL Full Service Consumer,INTUIT,Tax Associate,PL3,Chat,Re-Hire,90-120 days,26-Apr,0,0,0,0,0,0,0,0,471.783332,11,0,0
TTL Full Service Consumer,INTUIT,Tax Associate,PL3,Engagement,New Hire,30-60 days,Before Season,0,0,0,0,0,0,85,246,0,0,0,0
TTL Full Service Consumer,INTUIT,Tax Associate,PL3,Engagement,New Hire,120+ days,After Season,0,0,0,0,0,0,70,176,0,0,0,0
TTL Full Service Consumer,INTUIT,Tax Associate,PL3,Engagement,New Hire,N/A,Before Season,0,0,0,0,0,0,13,16,0,0,45.982804,15
TTL Full Service Consumer,INTUIT,Tax Associate,PL3,Engagement,Re-Hire,30-60 days,Before Season,0,0,0,0,0,0,2400,5822,0,0,0,0
TTL Full Service Consumer,INTUIT,Tax Associate,PL3,Engagement,Re-Hire,60-90 days,26-Apr,0,0,0,0,0,0,1114,1601,0,0,0,0
TTL Full Service Consumer,INTUIT,Tax Associate,PL3,Engagement,Re-Hire,30-60 days,26-Mar,0,0,0,0,0,0,2192,2925,0,0,0,0
TTL Full Service Consumer,INTUIT,Tax Associate,PL3,Engagement,Re-Hire,30-60 days,After Season,0,0,0,0,0,0,4,10,0,0,0,0
TTL Full Service Consumer,INTUIT,Tax Associate,PL3,Engagement,Re-Hire,< 30 days,26-Mar,0,0,0,0,0,0,181,245,0,0,0,0
TTL Full Service Consumer,INTUIT,Tax Associate,PL3,Engagement,New Hire,90-120 days,26-Feb,0,0,0,0,0,0,54,72,0,0,0,0
TTL Full Service Consumer,INTUIT,Tax Associate,PL3,Chat,Re-Hire,120+ days,After Season,0,0,0,0,0,0,0,0,942.616666,32,0,0
TTL Full Service Consumer,INTUIT,Tax Associate,PL3,Chat,Re-Hire,< 30 days,26-Mar,0,0,0,0,0,0,0,0,46.116667,1,0,0
TTL Full Service Consumer,INTUIT,Tax Associate,PL3,Engagement,New Hire,< 30 days,26-Apr,0,0,0,0,0,0,43,66,0,0,0,0
TTL Full Service Consumer,INTUIT,Tax Associate,PL3,Chat,Re-Hire,60-90 days,After Season,0,0,0,0,0,0,0,0,158.85,2,0,0
TTL Full Service Consumer,INTUIT,Tax Associate,PL3,Engagement,Re-Hire,90-120 days,26-Mar,0,0,0,0,0,0,6473,8491,0,0,0,0
TTL Full Service Consumer,INTUIT,Tax Associate,PL3,Engagement,Re-Hire,N/A,After Season,0,0,0,0,0,0,0,0,0,0,8825.740804,2729
TTL Full Service Consumer,INTUIT,Tax Associate,PL3,Chat,New Hire,60-90 days,After Season,0,0,0,0,0,0,0,0,19.583333,1,0,0
TTL Full Service Consumer,INTUIT,Tax Associate,PL3,Engagement,New Hire,N/A,After Season,0,0,0,0,0,0,0,0,0,0,2292.023181,725
TTL Full Service Consumer,INTUIT,Tax Associate,PL3,Chat,Re-Hire,60-90 days,26-Apr,0,0,0,0,0,0,0,0,303.149999,8,0,0
TTL Full Service Consumer,INTUIT,Tax Associate,PL3,Phone,New Hire,120+ days,Before Season,0,0,0,0,0,0,0,0,262.1,24,0,0
TTL Full Service Consumer,INTUIT,Tax Associate,PL3,Chat,Re-Hire,90-120 days,After Season,0,0,0,0,0,0,0,0,226.583332,6,0,0
TTL Full Service Consumer,INTUIT,Tax Associate,PL3,Chat,New Hire,90-120 days,After Season,0,0,0,0,0,0,0,0,31.316667,1,0,0
TTL Full Service Consumer,INTUIT,Tax Associate,PL3,Engagement,Re-Hire,N/A,26-Apr,0,0,0,0,0,0,0,0,0,0,51691.54236,13356
TTL Full Service Consumer,INTUIT,Tax Associate,PL3,Engagement,New Hire,N/A,26-Apr,0,0,0,0,0,0,0,0,0,0,14922.23493,3960
TTL Full Service Consumer,INTUIT,Tax Expert,PL3,Phone,New Hire,< 30 days,26-Apr,3,3,0,0,68.77,77.3,0,0,3573.150003,134,0,0
TTL Full Service Consumer,INTUIT,Tax Expert,PL3,Phone,Re-Hire,30-60 days,26-Feb,122,169,21,29,2646.61,3014.15,0,0,109390.9001,6506,0,0
TTL Full Service Consumer,INTUIT,Tax Expert,PL3,Phone,New Hire,90-120 days,26-Feb,6,6,1,1,196.34,224.82,0,0,5464.650006,518,0,0
TTL Full Service Consumer,INTUIT,Tax Expert,PL3,Phone,Re-Hire,30-60 days,26-Jan,31,36,5,7,645.92,742.84,0,0,22936.05,1687,0,0
TTL Full Service Consumer,INTUIT,Tax Expert,PL3,Phone,Re-Hire,< 30 days,26-Feb,47,70,14,20,899.33,1017.6,0,0,38160.50001,2203,0,0
TTL Full Service Consumer,INTUIT,Tax Expert,PL3,Phone,Re-Hire,90-120 days,26-Apr,44,70,4,6,2380.89,2762.26,0,0,126935.9333,5489,0,0
TTL Full Service Consumer,INTUIT,Tax Expert,PL3,Phone,Re-Hire,90-120 days,After Season,4,4,3,3,216.1,258.11,0,0,4901.199993,379,0,0
TTL Full Service Consumer,INTUIT,Tax Expert,PL3,Phone,New Hire,120+ days,26-Mar,4,6,2,2,103.21,117.96,0,0,2871.300005,270,0,0
TTL Full Service Consumer,INTUIT,Tax Expert,PL3,Phone,New Hire,120+ days,After Season,9,13,2,3,224.36,271.81,0,0,8258.016666,532,0,0
TTL Full Service Consumer,INTUIT,Tax Expert,PL3,Phone,Re-Hire,120+ days,After Season,9,28,15,22,934.98,1097.17,0,0,38854.01667,2012,0,0
TTL Full Service Consumer,INTUIT,Tax Expert,PL3,Phone,New Hire,< 30 days,Before Season,1,1,0,0,16.06,17.14,0,0,640.016665,42,0,0
TTL Full Service Consumer,INTUIT,Tax Expert,PL3,Phone,New Hire,30-60 days,26-Apr,32,40,0,1,874.1,1033.92,0,0,45492.88332,1989,0,0
TTL Full Service Consumer,INTUIT,Tax Expert,PL3,Phone,Re-Hire,60-90 days,Before Season,13,17,1,1,369.97,417.9,0,0,10896.36666,1047,0,0
TTL Full Service Consumer,INTUIT,Tax Expert,PL3,Phone,Re-Hire,30-60 days,Before Season,75,97,9,9,1407.61,1589.09,0,0,57593.08334,3886,0,0
TTL Full Service Consumer,INTUIT,Tax Expert,PL3,Phone,New Hire,120+ days,26-Apr,6,8,3,4,258.78,311.37,0,0,6005.466664,632,0,0
TTL Full Service Consumer,INTUIT,Tax Expert,PL3,Phone,Re-Hire,30-60 days,After Season,0,2,1,2,27.53,30.11,0,0,790.149998,54,0,0
TTL Full Service Consumer,INTUIT,Tax Expert,PL3,Phone,Re-Hire,90-120 days,26-Mar,84,115,14,24,2123.92,2421.28,0,0,104492.3333,5430,0,0
TTL Full Service Consumer,INTUIT,Tax Expert,PL3,Phone,New Hire,30-60 days,26-Jan,3,3,1,1,66.74,74.09,0,0,3180.983327,165,0,0
TTL Full Service Consumer,INTUIT,Tax Expert,PL3,Phone,Re-Hire,< 30 days,Before Season,22,26,1,1,297.12,337.75,0,0,17095.86667,1254,0,0
TTL Full Service Consumer,INTUIT,Tax Expert,PL3,Phone,Re-Hire,120+ days,26-Mar,25,38,3,6,702.62,795.33,0,0,25940.53334,1765,0,0
TTL Full Service Consumer,INTUIT,Tax Expert,PL3,Phone,Re-Hire,120+ days,26-Apr,45,49,9,9,1672.88,1948.55,0,0,85359.55,4025,0,0
TTL Full Service Consumer,INTUIT,Tax Expert,PL3,Phone,New Hire,60-90 days,26-Mar,4,4,2,2,52.64,60.65,0,0,1963.550009,176,0,0
TTL Full Service Consumer,INTUIT,Tax Expert,PL3,Phone,New Hire,< 30 days,26-Mar,10,15,0,1,313.81,354.5,0,0,15106.2,796,0,0
TTL Full Service Consumer,INTUIT,Tax Expert,PL3,Phone,Re-Hire,90-120 days,Before Season,2,2,0,0,10.56,11.97,0,0,242.400002,41,0,0
TTL Full Service Consumer,INTUIT,Tax Expert,PL3,Phone,Re-Hire,< 30 days,26-Mar,12,19,0,1,243.19,278.06,0,0,12938.56667,534,0,0
TTL Full Service Consumer,INTUIT,Tax Expert,PL3,Phone,Re-Hire,60-90 days,After Season,5,5,3,3,77.16,87.94,0,0,1864.366668,117,0,0
TTL Full Service Consumer,INTUIT,Tax Expert,PL3,Phone,Re-Hire,120+ days,Before Season,20,23,4,5,211.29,235.43,0,0,15881.66666,1196,0,0
TTL Full Service Consumer,INTUIT,Tax Expert,PL3,Phone,Re-Hire,60-90 days,26-Feb,97,141,16,23,2153.83,2413.13,0,0,104574.95,5706,0,0
TTL Full Service Consumer,INTUIT,Tax Expert,PL3,Phone,Re-Hire,30-60 days,26-Mar,73,95,15,16,1311.6,1486.93,0,0,64348.55,3108,0,0
TTL Full Service Consumer,INTUIT,Tax Expert,PL3,Phone,Re-Hire,< 30 days,26-Jan,15,15,2,2,252.12,283.57,0,0,11738.58333,641,0,0
TTL Full Service Consumer,INTUIT,Tax Expert,PL3,Phone,New Hire,90-120 days,After Season,0,2,1,2,71.31,84.31,0,0,3985.616665,183,0,0
TTL Full Service Consumer,INTUIT,Tax Expert,PL3,Phone,New Hire,90-120 days,26-Apr,0,0,0,0,20.55,23.73,0,0,627.63333,54,0,0
TTL Full Service Consumer,INTUIT,Tax Expert,PL3,Phone,Re-Hire,60-90 days,26-Jan,8,8,0,1,122.87,139.84,0,0,3647.149997,342,0,0
TTL Full Service Consumer,INTUIT,Tax Expert,PL3,Phone,New Hire,60-90 days,After Season,-1,5,0,2,98.36,116.55,0,0,3224.883335,146,0,0
TTL Full Service Consumer,INTUIT,Tax Expert,PL3,Phone,Re-Hire,30-60 days,26-Apr,14,14,1,1,283.7,327.17,0,0,14155.51667,608,0,0
TTL Full Service Consumer,INTUIT,Tax Expert,PL3,Phone,Re-Hire,60-90 days,26-Apr,42,50,5,7,1155.21,1334.58,0,0,52832.51667,2615,0,0
TTL Full Service Consumer,INTUIT,Tax Expert,PL3,Phone,Re-Hire,120+ days,26-Jan,13,14,4,5,174.45,196.01,0,0,5268.766672,461,0,0
TTL Full Service Consumer,INTUIT,Tax Expert,PL3,Phone,Re-Hire,90-120 days,26-Feb,-1,14,2,5,437.85,492.24,0,0,14200.09999,1207,0,0
TTL Full Service Consumer,INTUIT,Tax Expert,PL3,Phone,Re-Hire,120+ days,26-Feb,64,67,10,10,869.12,985.66,0,0,29456.35,2220,0,0
TTL Full Service Consumer,INTUIT,Tax Expert,PL3,Phone,New Hire,90-120 days,26-Mar,5,9,5,8,218.53,257.86,0,0,4946.366674,576,0,0
TTL Full Service Consumer,INTUIT,Tax Expert,PL3,Chat,Re-Hire,120+ days,26-Jan,0,0,0,0,0,0,0,0,46.316667,3,0,0
TTL Full Service Consumer,INTUIT,Tax Expert,PL3,Phone,New Hire,60-90 days,Before Season,11,11,0,0,132.69,153.73,0,0,3525.76667,375,0,0
TTL Full Service Consumer,INTUIT,Tax Expert,PL3,Engagement,New Hire,30-60 days,26-Jan,0,0,0,0,0,0,35,48,0,0,0,0
TTL Full Service Consumer,INTUIT,Tax Expert,PL3,Phone,Re-Hire,60-90 days,26-Mar,120,173,11,14,2986.56,3387.39,0,0,157215.5833,7534,0,0
TTL Full Service Consumer,INTUIT,Tax Expert,PL3,Chat,Re-Hire,120+ days,Before Season,0,0,0,0,0,0,0,0,525.266666,24,0,0
TTL Full Service Consumer,INTUIT,Tax Expert,PL3,Phone,New Hire,60-90 days,26-Feb,1,6,0,0,238.61,265.69,0,0,7664.416659,631,0,0
TTL Full Service Consumer,INTUIT,Tax Expert,PL3,Engagement,New Hire,N/A,Before Season,0,0,0,0,0,0,2,4,0,0,55.04931,13
TTL Full Service Consumer,INTUIT,Tax Expert,PL3,Phone,New Hire,60-90 days,26-Apr,24,26,5,5,679.31,786.46,0,0,31873.95,1523,0,0
TTL Full Service Consumer,INTUIT,Tax Expert,PL3,Engagement,Re-Hire,120+ days,26-Feb,0,0,0,0,0,0,387,566,0,0,0,0
TTL Full Service Consumer,INTUIT,Tax Expert,PL3,Phone,New Hire,30-60 days,26-Mar,71,97,9,12,1076.42,1213.99,0,0,45200.23335,2573,0,0
TTL Full Service Consumer,INTUIT,Tax Expert,PL3,Engagement,Re-Hire,60-90 days,26-Apr,0,0,0,0,0,0,592,802,0,0,0,0
TTL Full Service Consumer,INTUIT,Tax Expert,PL3,Phone,New Hire,30-60 days,After Season,0,0,0,0,47.17,54.07,0,0,994.583332,47,0,0
TTL Full Service Consumer,INTUIT,Tax Expert,PL3,Engagement,New Hire,30-60 days,26-Feb,0,0,0,0,0,0,23,29,0,0,0,0
TTL Full Service Consumer,INTUIT,Tax Expert,PL3,Phone,New Hire,30-60 days,Before Season,6,7,1,1,168.9,192,0,0,4596.116665,402,0,0
TTL Full Service Consumer,INTUIT,Tax Expert,PL3,Engagement,New Hire,30-60 days,After Season,0,0,0,0,0,0,6,9,0,0,0,0
TTL Full Service Consumer,INTUIT,Tax Expert,PL3,Phone,New Hire,60-90 days,26-Jan,3,3,0,0,51.24,58.87,0,0,1677.783333,122,0,0
TTL Full Service Consumer,INTUIT,Tax Expert,PL3,Engagement,New Hire,30-60 days,26-Mar,0,0,0,0,0,0,641,831,0,0,0,0
TTL Full Service Consumer,INTUIT,Tax Expert,PL3,Phone,New Hire,30-60 days,26-Feb,5,5,1,1,44.52,50.62,0,0,3853.050006,125,0,0
TTL Full Service Consumer,INTUIT,Tax Expert,PL3,Engagement,Re-Hire,90-120 days,Before Season,0,0,0,0,0,0,17,24,0,0,0,0
TTL Full Service Consumer,INTUIT,Tax Expert,PL3,Phone,New Hire,< 30 days,26-Feb,15,24,4,6,319.67,364.95,0,0,15775.53333,798,0,0
TTL Full Service Consumer,INTUIT,Tax Expert,PL3,Chat,Re-Hire,120+ days,After Season,0,0,0,0,0,0,0,0,648.216665,18,0,0
TTL Full Service Consumer,INTUIT,Tax Expert,PL3,Engagement,New Hire,< 30 days,26-Apr,0,0,0,0,0,0,38,57,0,0,0,0
TTL Full Service Consumer,INTUIT,Tax Expert,PL3,Engagement,Re-Hire,120+ days,26-Apr,0,0,0,0,0,0,653,1074,0,0,0,0
TTL Full Service Consumer,INTUIT,Tax Expert,PL3,Engagement,Re-Hire,N/A,26-Feb,0,0,0,0,0,0,2,4,0,0,12125.21284,4593
TTL Full Service Consumer,INTUIT,Tax Expert,PL3,Engagement,New Hire,60-90 days,After Season,0,0,0,0,0,0,11,24,0,0,0,0
TTL Full Service Consumer,INTUIT,Tax Expert,PL3,Engagement,Re-Hire,N/A,Before Season,0,0,0,0,0,0,10,16,0,0,201.843058,98
TTL Full Service Consumer,INTUIT,Tax Expert,PL3,Phone,New Hire,< 30 days,26-Jan,0,0,0,0,1.59,2.16,0,0,18.583333,6,0,0
TTL Full Service Consumer,INTUIT,Tax Expert,PL3,Engagement,Re-Hire,< 30 days,26-Apr,0,0,0,0,0,0,3,4,0,0,0,0
TTL Full Service Consumer,INTUIT,Tax Expert,PL3,Engagement,New Hire,30-60 days,Before Season,0,0,0,0,0,0,46,159,0,0,0,0
TTL Full Service Consumer,INTUIT,Tax Expert,PL3,Chat,Re-Hire,60-90 days,26-Feb,0,0,0,0,0,0,0,0,819.299998,32,0,0
TTL Full Service Consumer,INTUIT,Tax Expert,PL3,Engagement,Re-Hire,30-60 days,Before Season,0,0,0,0,0,0,583,1452,0,0,0,0
TTL Full Service Consumer,INTUIT,Tax Expert,PL3,Engagement,Re-Hire,60-90 days,26-Mar,0,0,0,0,0,0,1712,2261,0,0,0,0
TTL Full Service Consumer,INTUIT,Tax Expert,PL3,Engagement,Re-Hire,60-90 days,26-Feb,0,0,0,0,0,0,1063,1437,0,0,0,0
TTL Full Service Consumer,INTUIT,Tax Expert,PL3,Phone,Re-Hire,< 30 days,26-Apr,0,0,0,0,6.75,7.29,0,0,321.516666,10,0,0
TTL Full Service Consumer,INTUIT,Tax Expert,PL3,Engagement,Re-Hire,60-90 days,After Season,0,0,0,0,0,0,10,26,0,0,0,0
TTL Full Service Consumer,INTUIT,Tax Expert,PL3,Chat,Re-Hire,60-90 days,Before Season,0,0,0,0,0,0,0,0,1667.083333,98,0,0
TTL Full Service Consumer,INTUIT,Tax Expert,PL3,Engagement,Re-Hire,30-60 days,After Season,0,0,0,0,0,0,1,4,0,0,0,0
TTL Full Service Consumer,INTUIT,Tax Expert,PL3,Engagement,New Hire,60-90 days,26-Apr,0,0,0,0,0,0,338,533,0,0,0,0
TTL Full Service Consumer,INTUIT,Tax Expert,PL3,Engagement,Re-Hire,90-120 days,After Season,0,0,0,0,0,0,18,36,0,0,0,0
TTL Full Service Consumer,INTUIT,Tax Expert,PL3,Engagement,Re-Hire,60-90 days,Before Season,0,0,0,0,0,0,111,324,0,0,0,0
TTL Full Service Consumer,INTUIT,Tax Expert,PL3,Engagement,New Hire,< 30 days,26-Feb,0,0,0,0,0,0,187,241,0,0,0,0
TTL Full Service Consumer,INTUIT,Tax Expert,PL3,Engagement,Re-Hire,120+ days,Before Season,0,0,0,0,0,0,101,216,0,0,0,0
TTL Full Service Consumer,INTUIT,Tax Expert,PL3,Engagement,Re-Hire,60-90 days,26-Jan,0,0,0,0,0,0,51,72,0,0,0,0
TTL Full Service Consumer,INTUIT,Tax Expert,PL3,Engagement,New Hire,60-90 days,26-Mar,0,0,0,0,0,0,18,25,0,0,0,0
TTL Full Service Consumer,INTUIT,Tax Expert,PL3,Engagement,Re-Hire,90-120 days,26-Feb,0,0,0,0,0,0,167,222,0,0,0,0
TTL Full Service Consumer,INTUIT,Tax Expert,PL3,Chat,Re-Hire,< 30 days,Before Season,0,0,0,0,0.2,0.22,0,0,5909.716667,288,0,0
TTL Full Service Consumer,INTUIT,Tax Expert,PL3,Engagement,Re-Hire,N/A,26-Jan,0,0,0,0,0,0,1,1,0,0,1306.759344,587
TTL Full Service Consumer,INTUIT,Tax Expert,PL3,Engagement,Re-Hire,120+ days,26-Jan,0,0,0,0,0,0,55,106,0,0,0,0
TTL Full Service Consumer,INTUIT,Tax Expert,PL3,Engagement,New Hire,60-90 days,26-Feb,0,0,0,0,0,0,100,126,0,0,0,0
TTL Full Service Consumer,INTUIT,Tax Expert,PL3,Engagement,Re-Hire,30-60 days,26-Mar,0,0,0,0,0,0,701,940,0,0,0,0
TTL Full Service Consumer,INTUIT,Tax Expert,PL3,Engagement,New Hire,90-120 days,26-Mar,0,0,0,0,0,0,40,53,0,0,0,0
TTL Full Service Consumer,INTUIT,Tax Expert,PL3,Engagement,Re-Hire,120+ days,26-Mar,0,0,0,0,0,0,326,445,0,0,0,0
TTL Full Service Consumer,INTUIT,Tax Expert,PL3,Engagement,New Hire,90-120 days,After Season,0,0,0,0,0,0,12,26,0,0,0,0
TTL Full Service Consumer,INTUIT,Tax Expert,PL3,Engagement,Re-Hire,< 30 days,26-Mar,0,0,0,0,0,0,159,197,0,0,0,0
TTL Full Service Consumer,INTUIT,Tax Expert,PL3,Chat,Re-Hire,30-60 days,26-Feb,0,0,0,0,0,0,0,0,1052.266666,52,0,0
TTL Full Service Consumer,INTUIT,Tax Expert,PL3,Chat,Re-Hire,90-120 days,26-Mar,0,0,0,0,0,0,0,0,465.283334,11,0,0
TTL Full Service Consumer,INTUIT,Tax Expert,PL3,Engagement,New Hire,< 30 days,26-Mar,0,0,0,0,0,0,211,259,0,0,0,0
TTL Full Service Consumer,INTUIT,Tax Expert,PL3,Engagement,Re-Hire,90-120 days,26-Apr,0,0,0,0,0,0,1219,1848,0,0,0,0
TTL Full Service Consumer,INTUIT,Tax Expert,PL3,Engagement,New Hire,90-120 days,26-Apr,0,0,0,0,0,0,7,11,0,0,0,0
TTL Full Service Consumer,INTUIT,Tax Expert,PL3,Engagement,New Hire,< 30 days,Before Season,0,0,0,0,0,0,6,20,0,0,0,0
TTL Full Service Consumer,INTUIT,Tax Expert,PL3,Chat,Re-Hire,120+ days,26-Mar,0,0,0,0,0,0,0,0,36.816667,6,0,0
TTL Full Service Consumer,INTUIT,Tax Expert,PL3,Chat,Re-Hire,< 30 days,26-Jan,0,0,0,0,0,0,0,0,210.533333,7,0,0
TTL Full Service Consumer,INTUIT,Tax Expert,PL3,Chat,Re-Hire,< 30 days,26-Mar,0,0,0,0,0,0,0,0,2.566667,1,0,0
TTL Full Service Consumer,INTUIT,Tax Expert,PL3,Engagement,Re-Hire,< 30 days,Before Season,0,0,0,0,0,0,154,544,0,0,0,0
TTL Full Service Consumer,INTUIT,Tax Expert,PL3,Engagement,New Hire,N/A,After Season,0,0,0,0,0,0,0,0,0,0,898.999752,292
TTL Full Service Consumer,INTUIT,Tax Expert,PL3,Engagement,New Hire,30-60 days,26-Apr,0,0,0,0,0,0,545,795,0,0,0,0
TTL Full Service Consumer,INTUIT,Tax Expert,PL3,Engagement,Re-Hire,N/A,26-Apr,0,0,0,0,0,0,0,0,0,0,13582.34406,4573
TTL Full Service Consumer,INTUIT,Tax Expert,PL3,Engagement,New Hire,120+ days,26-Mar,0,0,0,0,0,0,54,62,0,0,0,0
TTL Full Service Consumer,INTUIT,Tax Expert,PL3,Engagement,Re-Hire,N/A,After Season,0,0,0,0,0,0,0,0,0,0,2090.416212,757
TTL Full Service Consumer,INTUIT,Tax Expert,PL3,Engagement,Re-Hire,30-60 days,26-Feb,0,0,0,0,0,0,1301,1894,0,0,0,0
TTL Full Service Consumer,INTUIT,Tax Expert,PL3,Phone,New Hire,120+ days,Before Season,0,0,0,0,0,0,0,0,46.166666,13,0,0
TTL Full Service Consumer,INTUIT,Tax Expert,PL3,Engagement,Re-Hire,< 30 days,26-Jan,0,0,0,0,0,0,146,233,0,0,0,0
TTL Full Service Consumer,INTUIT,Tax Expert,PL3,Engagement,Re-Hire,30-60 days,26-Apr,0,0,0,0,0,0,177,253,0,0,0,0
TTL Full Service Consumer,INTUIT,Tax Expert,PL3,Engagement,Re-Hire,30-60 days,26-Jan,0,0,0,0,0,0,237,430,0,0,0,0
TTL Full Service Consumer,INTUIT,Tax Expert,PL3,Engagement,Re-Hire,90-120 days,26-Mar,0,0,0,0,0,0,942,1263,0,0,0,0
TTL Full Service Consumer,INTUIT,Tax Expert,PL3,Engagement,New Hire,120+ days,26-Apr,0,0,0,0,0,0,77,112,0,0,0,0
TTL Full Service Consumer,INTUIT,Tax Expert,PL3,Engagement,New Hire,90-120 days,26-Feb,0,0,0,0,0,0,86,109,0,0,0,0
TTL Full Service Consumer,INTUIT,Tax Expert,PL3,Engagement,New Hire,N/A,26-Feb,0,0,0,0,0,0,0,1,0,0,1775.039763,644
TTL Full Service Consumer,INTUIT,Tax Expert,PL3,Engagement,New Hire,< 30 days,26-Jan,0,0,0,0,0,0,2,2,0,0,0,0
TTL Full Service Consumer,INTUIT,Tax Expert,PL3,Engagement,New Hire,120+ days,After Season,0,0,0,0,0,0,39,94,0,0,0,0
TTL Full Service Consumer,INTUIT,Tax Expert,PL3,Chat,Re-Hire,30-60 days,26-Jan,0,0,0,0,0,0,0,0,491.483332,28,0,0
TTL Full Service Consumer,INTUIT,Tax Expert,PL3,Engagement,New Hire,60-90 days,Before Season,0,0,0,0,0,0,48,111,0,0,0,0
TTL Full Service Consumer,INTUIT,Tax Expert,PL3,Engagement,New Hire,N/A,26-Jan,0,0,0,0,0,0,1,3,0,0,123.921978,58
TTL Full Service Consumer,INTUIT,Tax Expert,PL3,Chat,Re-Hire,30-60 days,Before Season,0,0,0,0,0.2,0.2,0,0,4919.166674,253,0,0
TTL Full Service Consumer,INTUIT,Tax Expert,PL3,Engagement,Re-Hire,< 30 days,26-Feb,0,0,0,0,0,0,508,702,0,0,0,0
TTL Full Service Consumer,INTUIT,Tax Expert,PL3,Engagement,Re-Hire,120+ days,After Season,0,0,0,0,0,0,117,301,0,0,0,0
TTL Full Service Consumer,INTUIT,Tax Expert,PL3,Chat,Re-Hire,60-90 days,26-Mar,0,0,0,0,0,0,0,0,462.200002,16,0,0
TTL Full Service Consumer,INTUIT,Tax Expert,PL3,Engagement,New Hire,60-90 days,26-Jan,0,0,0,0,0,0,22,28,0,0,0,0
TTL Full Service Consumer,INTUIT,Tax Expert,PL3,Chat,Re-Hire,< 30 days,26-Feb,0,0,0,0,0,0,0,0,315.616667,6,0,0
TTL Full Service Consumer,INTUIT,Tax Expert,PL3,Chat,Re-Hire,120+ days,26-Feb,0,0,0,0,0,0,0,0,209.316669,17,0,0
TTL Full Service Consumer,INTUIT,Tax Expert,PL3,Chat,New Hire,30-60 days,26-Mar,0,0,0,0,0,0,0,0,89.966666,5,0,0
TTL Full Service Consumer,INTUIT,Tax Expert,PL3,Chat,Re-Hire,90-120 days,After Season,0,0,0,0,0,0,0,0,36.85,3,0,0
TTL Full Service Consumer,INTUIT,Tax Expert,PL3,Chat,Re-Hire,30-60 days,26-Mar,0,0,0,0,0,0,0,0,66.566667,6,0,0
TTL Full Service Consumer,INTUIT,Tax Expert,PL3,Engagement,New Hire,N/A,26-Mar,0,0,0,0,0,0,0,0,0,0,5422.980095,1621
TTL Full Service Consumer,INTUIT,Tax Expert,PL3,Engagement,New Hire,N/A,26-Apr,0,0,0,0,0,0,0,0,0,0,4859.110391,1651
TTL Full Service Consumer,INTUIT,Tax Expert,PL3,Engagement,Re-Hire,N/A,26-Mar,0,0,0,0,0,0,0,0,0,0,20284.47875,6117
TTL Full Service Consumer,INTUIT,Tax Specialist,PL3,Phone,New Hire,30-60 days,26-Mar,3,4,2,2,37.51,46.73,0,0,1555.033332,80,0,0
TTL Full Service Consumer,INTUIT,Tax Specialist,PL3,Phone,New Hire,60-90 days,After Season,1,1,1,1,18.65,24.57,0,0,518.5,38,0,0
TTL Full Service Consumer,INTUIT,Tax Specialist,PL3,Phone,Re-Hire,90-120 days,26-Mar,573,818,138,201,5396.01,6221.51,0,0,258355.1,11606,0,0
TTL Full Service Consumer,INTUIT,Tax Specialist,PL3,Phone,New Hire,< 30 days,26-Mar,1,1,0,0,15.16,17.66,0,0,381.916668,29,0,0
TTL Full Service Consumer,INTUIT,Tax Specialist,PL3,Phone,New Hire,30-60 days,After Season,0,0,0,0,4,6.06,0,0,47.483333,2,0,0
TTL Full Service Consumer,INTUIT,Tax Specialist,PL3,Phone,Re-Hire,90-120 days,After Season,-1,1,0,1,66.35,78.95,0,0,1532.000006,90,0,0
TTL Full Service Consumer,INTUIT,Tax Specialist,PL3,Phone,Re-Hire,90-120 days,26-Apr,146,328,108,161,4413.12,5238.19,0,0,176809.6167,8438,0,0
TTL Full Service Consumer,INTUIT,Tax Specialist,PL3,Phone,New Hire,30-60 days,26-Apr,2,4,2,2,117,148.69,0,0,2855.116663,226,0,0
TTL Full Service Consumer,INTUIT,Tax Specialist,PL3,Phone,Re-Hire,60-90 days,26-Apr,6,18,6,9,206.24,248.95,0,0,9180.199996,412,0,0
TTL Full Service Consumer,INTUIT,Tax Specialist,PL3,Phone,Re-Hire,120+ days,After Season,18,61,30,46,1467.22,1745.17,0,0,36131.25,2047,0,0
TTL Full Service Consumer,INTUIT,Tax Specialist,PL3,Phone,New Hire,90-120 days,After Season,0,0,0,0,15.64,20.07,0,0,807.583332,54,0,0
TTL Full Service Consumer,INTUIT,Tax Specialist,PL3,Phone,Re-Hire,120+ days,26-Apr,155,366,164,245,6035.42,7294.49,0,0,254646.4167,12265,0,0
TTL Full Service Consumer,INTUIT,Tax Specialist,PL3,Phone,Re-Hire,60-90 days,After Season,0,0,0,0,37.5,48.84,0,0,999.716668,81,0,0
TTL Full Service Consumer,INTUIT,Tax Specialist,PL3,Phone,Re-Hire,60-90 days,26-Mar,129,174,7,12,1222.35,1334.27,0,0,58637.20003,2770,0,0
TTL Full Service Consumer,INTUIT,Tax Specialist,PL3,Engagement,Re-Hire,60-90 days,26-Mar,0,0,0,0,0,0,566,782,0,0,0,0
TTL Full Service Consumer,INTUIT,Tax Specialist,PL3,Engagement,Re-Hire,120+ days,After Season,0,0,0,0,0,0,63,243,0,0,0,0
TTL Full Service Consumer,INTUIT,Tax Specialist,PL3,Engagement,New Hire,60-90 days,After Season,0,0,0,0,0,0,1,4,0,0,0,0
TTL Full Service Consumer,INTUIT,Tax Specialist,PL3,Engagement,Re-Hire,60-90 days,26-Apr,0,0,0,0,0,0,48,67,0,0,0,0
TTL Full Service Consumer,INTUIT,Tax Specialist,PL3,Engagement,Re-Hire,30-60 days,Before Season,0,0,0,0,0,0,88,280,0,0,0,0
TTL Full Service Consumer,INTUIT,Tax Specialist,PL3,Phone,Re-Hire,30-60 days,Before Season,21,25,0,0,80.64,87.45,0,0,4354.383326,238,0,0
TTL Full Service Consumer,INTUIT,Tax Specialist,PL3,Phone,Re-Hire,30-60 days,26-Jan,28,28,0,0,146.5,157.78,0,0,7338.91666,333,0,0
TTL Full Service Consumer,INTUIT,Tax Specialist,PL3,Engagement,New Hire,30-60 days,26-Apr,0,0,0,0,0,0,7,15,0,0,0,0
TTL Full Service Consumer,INTUIT,Tax Specialist,PL3,Engagement,New Hire,< 30 days,26-Mar,0,0,0,0,0,0,1,1,0,0,0,0
TTL Full Service Consumer,INTUIT,Tax Specialist,PL3,Phone,Re-Hire,30-60 days,26-Feb,47,51,0,0,253.56,274.96,0,0,13035.23334,549,0,0
TTL Full Service Consumer,INTUIT,Tax Specialist,PL3,Phone,Re-Hire,30-60 days,26-Mar,1,2,0,0,8.67,8.95,0,0,228.95,22,0,0
TTL Full Service Consumer,INTUIT,Tax Specialist,PL3,Engagement,Re-Hire,N/A,Before Season,0,0,0,0,0,0,1,1,0,0,0.793151,1
TTL Full Service Consumer,INTUIT,Tax Specialist,PL3,Engagement,New Hire,30-60 days,After Season,0,0,0,0,0,0,0,1,0,0,0,0
TTL Full Service Consumer,INTUIT,Tax Specialist,PL3,Engagement,Re-Hire,60-90 days,After Season,0,0,0,0,0,0,2,10,0,0,0,0
TTL Full Service Consumer,INTUIT,Tax Specialist,PL3,Engagement,Re-Hire,90-120 days,26-Apr,0,0,0,0,0,0,846,1098,0,0,0,0
TTL Full Service Consumer,INTUIT,Tax Specialist,PL3,Engagement,Re-Hire,30-60 days,26-Mar,0,0,0,0,0,0,1,3,0,0,0,0
TTL Full Service Consumer,INTUIT,Tax Specialist,PL3,Engagement,New Hire,90-120 days,After Season,0,0,0,0,0,0,1,2,0,0,0,0
TTL Full Service Consumer,INTUIT,Tax Specialist,PL3,Engagement,Re-Hire,120+ days,26-Apr,0,0,0,0,0,0,245,391,0,0,0,0
TTL Full Service Consumer,INTUIT,Tax Specialist,PL3,Engagement,Re-Hire,30-60 days,26-Jan,0,0,0,0,0,0,88,147,0,0,0,0
TTL Full Service Consumer,INTUIT,Tax Specialist,PL3,Engagement,Re-Hire,< 30 days,Before Season,0,0,0,0,0,0,31,88,0,0,0,0
TTL Full Service Consumer,INTUIT,Tax Specialist,PL3,Engagement,Re-Hire,N/A,After Season,0,0,0,0,0,0,0,0,0,0,1340.556727,342
TTL Full Service Consumer,INTUIT,Tax Specialist,PL3,Phone,Re-Hire,60-90 days,26-Feb,76,85,0,0,505.75,540.43,0,0,30752.84999,1268,0,0
TTL Full Service Consumer,INTUIT,Tax Specialist,PL3,Engagement,New Hire,N/A,26-Apr,0,0,0,0,0,0,0,0,0,0,88.886253,31
TTL Full Service Consumer,INTUIT,Tax Specialist,PL3,Engagement,Re-Hire,90-120 days,After Season,0,0,0,0,0,0,1,5,0,0,0,0
TTL Full Service Consumer,INTUIT,Tax Specialist,PL3,Engagement,Re-Hire,N/A,26-Jan,0,0,0,0,0,0,0,0,0,0,261.479991,168
TTL Full Service Consumer,INTUIT,Tax Specialist,PL3,Engagement,Re-Hire,30-60 days,26-Feb,0,0,0,0,0,0,271,394,0,0,0,0
TTL Full Service Consumer,INTUIT,Tax Specialist,PL3,Engagement,Re-Hire,90-120 days,26-Mar,0,0,0,0,0,0,1327,1962,0,0,0,0
TTL Full Service Consumer,INTUIT,Tax Specialist,PL3,Engagement,Re-Hire,60-90 days,26-Feb,0,0,0,0,0,0,458,614,0,0,0,0
TTL Full Service Consumer,INTUIT,Tax Specialist,PL3,Engagement,New Hire,30-60 days,26-Mar,0,0,0,0,0,0,6,12,0,0,0,0
TTL Full Service Consumer,INTUIT,Tax Specialist,PL3,Engagement,Re-Hire,N/A,26-Feb,0,0,0,0,0,0,0,0,0,0,2381.469063,1135
TTL Full Service Consumer,INTUIT,Tax Specialist,PL3,Engagement,Re-Hire,N/A,26-Mar,0,0,0,0,0,0,0,0,0,0,11679.48501,3477
TTL Full Service Consumer,INTUIT,Tax Specialist,PL3,Engagement,New Hire,N/A,After Season,0,0,0,0,0,0,0,0,0,0,39.811644,15
TTL Full Service Consumer,INTUIT,Tax Specialist,PL3,Engagement,New Hire,N/A,26-Mar,0,0,0,0,0,0,0,0,0,0,32.675504,7
TTL Full Service Consumer,INTUIT,Tax Specialist,PL3,Engagement,Re-Hire,N/A,26-Apr,0,0,0,0,0,0,0,0,0,0,14509.69833,3446
TTL Full Service Consumer,INTUIT,Tax Associate,PL4,Phone,Re-Hire,60-90 days,26-Feb,1017,1364,253,355,21474.46,24142.46,0,0,1083862.783,57665,0,0
TTL Full Service Consumer,INTUIT,Tax Associate,PL4,Phone,New Hire,30-60 days,26-Mar,40,60,3,4,928.67,1062.07,0,0,47853.69999,2346,0,0
TTL Full Service Consumer,INTUIT,Tax Associate,PL4,Phone,Re-Hire,60-90 days,26-Apr,304,414,89,105,9787.49,11329.61,0,0,496185.6499,23187,0,0
TTL Full Service Consumer,INTUIT,Tax Associate,PL4,Phone,Re-Hire,30-60 days,26-Mar,523,715,66,99,11099.03,12405.46,0,0,576616.1333,28072,0,0
TTL Full Service Consumer,INTUIT,Tax Associate,PL4,Phone,Re-Hire,120+ days,26-Apr,802,1123,157,209,32470.44,37811.8,0,0,1722739.533,81540,0,0
TTL Full Service Consumer,INTUIT,Tax Associate,PL4,Phone,Re-Hire,120+ days,26-Jan,300,370,71,95,6839.89,7706.59,0,0,241385.6833,17463,0,0
TTL Full Service Consumer,INTUIT,Tax Associate,PL4,Phone,Re-Hire,90-120 days,After Season,47,136,48,78,4260.07,5020.4,0,0,150043.9333,9179,0,0
TTL Full Service Consumer,INTUIT,Tax Associate,PL4,Phone,New Hire,< 30 days,26-Apr,1,1,0,0,14.26,18.22,0,0,1266.950002,44,0,0
TTL Full Service Consumer,INTUIT,Tax Associate,PL4,Phone,New Hire,30-60 days,26-Apr,14,16,2,3,438.56,500.31,0,0,26598.05,1000,0,0
TTL Full Service Consumer,INTUIT,Tax Associate,PL4,Phone,Re-Hire,120+ days,Before Season,361,425,103,112,7129.05,7957.35,0,0,356004.2833,26463,0,0
TTL Full Service Consumer,INTUIT,Tax Associate,PL4,Phone,Re-Hire,30-60 days,26-Feb,1618,2154,382,516,31042.58,34875.97,0,0,1532858.633,79133,0,0
TTL Full Service Consumer,INTUIT,Tax Associate,PL4,Phone,New Hire,120+ days,26-Apr,5,5,0,0,262.78,301.61,0,0,11479.39999,698,0,0
TTL Full Service Consumer,INTUIT,Tax Associate,PL4,Phone,New Hire,60-90 days,26-Feb,0,0,0,0,5.03,5.63,0,0,120.816667,10,0,0
TTL Full Service Consumer,INTUIT,Tax Associate,PL4,Phone,Re-Hire,90-120 days,26-Feb,86,111,14,22,2960.53,3362.02,0,0,107323.2833,8242,0,0
TTL Full Service Consumer,INTUIT,Tax Associate,PL4,Phone,Re-Hire,30-60 days,After Season,1,1,0,0,105.8,122.95,0,0,3326.766668,220,0,0
TTL Full Service Consumer,INTUIT,Tax Associate,PL4,Phone,Re-Hire,< 30 days,Before Season,394,518,128,158,3120.55,3491.92,0,0,438157.7,26732,0,0
TTL Full Service Consumer,INTUIT,Tax Associate,PL4,Phone,Re-Hire,60-90 days,26-Mar,1389,1887,153,202,29934.48,33671.46,0,0,1697852.667,77916,0,0
TTL Full Service Consumer,INTUIT,Tax Associate,PL4,Phone,Re-Hire,60-90 days,After Season,11,14,4,7,360.03,425.44,0,0,11079.91667,793,0,0
TTL Full Service Consumer,INTUIT,Tax Associate,PL4,Phone,Re-Hire,60-90 days,Before Season,71,78,11,15,2003.21,2236.14,0,0,73299.76665,5863,0,0
TTL Full Service Consumer,INTUIT,Tax Associate,PL4,Phone,Re-Hire,30-60 days,26-Apr,10,18,1,3,550.99,640.25,0,0,34411.00001,1379,0,0
TTL Full Service Consumer,INTUIT,Tax Associate,PL4,Phone,Re-Hire,30-60 days,26-Jan,238,290,47,60,5717.35,6475.71,0,0,214221.1666,14749,0,0
TTL Full Service Consumer,INTUIT,Tax Associate,PL4,Phone,Re-Hire,< 30 days,26-Jan,238,303,49,65,4445.13,5030.57,0,0,208411.8834,11810,0,0
TTL Full Service Consumer,INTUIT,Tax Associate,PL4,Phone,New Hire,60-90 days,26-Apr,17,17,2,2,482.32,565.66,0,0,26213.01665,1256,0,0
TTL Full Service Consumer,INTUIT,Tax Associate,PL4,Phone,New Hire,60-90 days,26-Mar,0,0,0,0,13.52,15.72,0,0,781.733334,86,0,0
TTL Full Service Consumer,INTUIT,Tax Associate,PL4,Phone,Re-Hire,90-120 days,Before Season,66,72,12,13,1605.88,1793.56,0,0,53104.3,4352,0,0
TTL Full Service Consumer,INTUIT,Tax Associate,PL4,Phone,Re-Hire,< 30 days,26-Mar,14,19,2,3,475.27,546.5,0,0,27352.25,1305,0,0
TTL Full Service Consumer,INTUIT,Tax Associate,PL4,Phone,New Hire,120+ days,26-Mar,1,1,0,0,22.94,26.46,0,0,1132.016669,62,0,0
TTL Full Service Consumer,INTUIT,Tax Associate,PL4,Phone,Re-Hire,< 30 days,26-Apr,7,15,3,4,197.71,225.95,0,0,11640.5,515,0,0
TTL Full Service Consumer,INTUIT,Tax Associate,PL4,Phone,Re-Hire,< 30 days,26-Feb,447,548,76,100,8468.12,9515.67,0,0,383788.0667,21137,0,0
TTL Full Service Consumer,INTUIT,Tax Associate,PL4,Phone,Re-Hire,60-90 days,26-Jan,14,24,3,5,870.59,988.7,0,0,26527.38333,2423,0,0
TTL Full Service Consumer,INTUIT,Tax Associate,PL4,Engagement,Re-Hire,60-90 days,26-Feb,0,0,0,0,0,0,9088,12207,0,0,0,0
TTL Full Service Consumer,INTUIT,Tax Associate,PL4,Phone,Re-Hire,120+ days,26-Feb,1623,2028,359,455,33011.64,37079.08,0,0,1482546.15,85282,0,0
TTL Full Service Consumer,INTUIT,Tax Associate,PL4,Engagement,Re-Hire,120+ days,26-Mar,0,0,0,0,0,0,17561,22278,0,0,0,0
TTL Full Service Consumer,INTUIT,Tax Associate,PL4,Phone,Re-Hire,120+ days,After Season,306,724,254,408,20344.17,23946.97,0,0,775230.0833,49235,0,0
TTL Full Service Consumer,INTUIT,Tax Associate,PL4,Chat,Re-Hire,< 30 days,26-Feb,0,0,0,0,2.52,2.54,0,0,7201.983338,232,0,0
TTL Full Service Consumer,INTUIT,Tax Associate,PL4,Phone,Re-Hire,120+ days,26-Mar,1510,1891,164,195,33065.22,37281.73,0,0,1715039.467,86264,0,0
TTL Full Service Consumer,INTUIT,Tax Associate,PL4,Engagement,Re-Hire,30-60 days,26-Mar,0,0,0,0,0,0,5679,7648,0,0,0,0
TTL Full Service Consumer,INTUIT,Tax Associate,PL4,Phone,New Hire,90-120 days,After Season,-1,3,1,2,72.45,88.59,0,0,3321.400003,187,0,0
TTL Full Service Consumer,INTUIT,Tax Associate,PL4,Chat,Re-Hire,120+ days,26-Feb,6,6,0,0,11.52,12.16,0,0,29026.35,832,0,0
TTL Full Service Consumer,INTUIT,Tax Associate,PL4,Phone,Re-Hire,90-120 days,26-Mar,1018,1341,149,177,22933.44,26091.97,0,0,1268509.833,60833,0,0
TTL Full Service Consumer,INTUIT,Tax Associate,PL4,Chat,Re-Hire,60-90 days,26-Feb,2,2,0,0,7.17,7.88,0,0,19253.6,509,0,0
TTL Full Service Consumer,INTUIT,Tax Associate,PL4,Phone,Re-Hire,30-60 days,Before Season,545,663,99,123,11440.71,12800.8,0,0,491398.4167,34544,0,0
TTL Full Service Consumer,INTUIT,Tax Associate,PL4,Engagement,Re-Hire,60-90 days,After Season,0,0,0,0,0,0,51,116,0,0,0,0
TTL Full Service Consumer,INTUIT,Tax Associate,PL4,Phone,Re-Hire,90-120 days,26-Apr,633,881,132,157,23239.15,26962,0,0,1310648.483,56311,0,0
TTL Full Service Consumer,INTUIT,Tax Associate,PL4,Engagement,Re-Hire,60-90 days,26-Jan,0,0,0,0,0,0,231,387,0,0,0,0
TTL Full Service Consumer,INTUIT,Tax Associate,PL4,Phone,New Hire,120+ days,After Season,6,15,3,6,281.43,328.87,0,0,11355.98334,700,0,0
TTL Full Service Consumer,INTUIT,Tax Associate,PL4,Chat,Re-Hire,120+ days,After Season,0,0,0,0,2.54,2.74,0,0,15123.5,426,0,0
TTL Full Service Consumer,INTUIT,Tax Associate,PL4,Phone,New Hire,< 30 days,26-Mar,10,12,3,3,194.59,213.26,0,0,9177.083334,438,0,0
TTL Full Service Consumer,INTUIT,Tax Associate,PL4,Engagement,Re-Hire,< 30 days,26-Apr,0,0,0,0,0,0,73,101,0,0,0,0
TTL Full Service Consumer,INTUIT,Tax Associate,PL4,Phone,New Hire,90-120 days,26-Mar,3,3,0,0,138.94,161.89,0,0,5908.566676,412,0,0
TTL Full Service Consumer,INTUIT,Tax Associate,PL4,Engagement,Re-Hire,120+ days,26-Apr,0,0,0,0,0,0,12472,18180,0,0,0,0
TTL Full Service Consumer,INTUIT,Tax Associate,PL4,Phone,New Hire,60-90 days,After Season,1,3,1,2,221.32,259.73,0,0,8983.88334,465,0,0
TTL Full Service Consumer,INTUIT,Tax Associate,PL4,Chat,Re-Hire,120+ days,Before Season,4,4,0,0,19.53,20.94,0,0,21324,890,0,0
TTL Full Service Consumer,INTUIT,Tax Associate,PL4,Phone,New Hire,< 30 days,26-Feb,2,2,0,0,118.71,132.06,0,0,5823.65,277,0,0
TTL Full Service Consumer,INTUIT,Tax Associate,PL4,Phone,New Hire,30-60 days,After Season,1,1,0,0,34.83,40.1,0,0,877.433336,53,0,0
TTL Full Service Consumer,INTUIT,Tax Associate,PL4,Chat,Re-Hire,60-90 days,26-Jan,0,0,0,0,0.57,0.61,0,0,306.299999,8,0,0
TTL Full Service Consumer,INTUIT,Tax Associate,PL4,Chat,Re-Hire,90-120 days,26-Mar,0,0,0,0,4,4.24,0,0,13238.71666,365,0,0
TTL Full Service Consumer,INTUIT,Tax Associate,PL4,Chat,Re-Hire,30-60 days,26-Jan,-1,1,0,0,1.89,2.44,0,0,4758.916668,165,0,0
TTL Full Service Consumer,INTUIT,Tax Associate,PL4,Engagement,Re-Hire,N/A,Before Season,0,0,0,0,0,0,62,89,0,0,4402.115011,2382
TTL Full Service Consumer,INTUIT,Tax Associate,PL4,Engagement,Re-Hire,< 30 days,26-Feb,0,0,0,0,0,0,4187,6149,0,0,0,0
TTL Full Service Consumer,INTUIT,Tax Associate,PL4,Chat,Re-Hire,30-60 days,Before Season,13,13,0,0,31.07,33.68,0,0,70352.55,3039,0,0
TTL Full Service Consumer,INTUIT,Tax Associate,PL4,Phone,New Hire,90-120 days,26-Apr,0,0,0,0,25.4,30.66,0,0,791.933333,82,0,0
TTL Full Service Consumer,INTUIT,Tax Associate,PL4,Chat,Re-Hire,< 30 days,26-Mar,0,0,0,0,0,0,0,0,235.433332,9,0,0
TTL Full Service Consumer,INTUIT,Tax Associate,PL4,Engagement,Re-Hire,N/A,26-Feb,0,0,0,0,0,0,3,4,0,0,191986.6896,69333
TTL Full Service Consumer,INTUIT,Tax Associate,PL4,Engagement,New Hire,90-120 days,After Season,0,0,0,0,0,0,8,13,0,0,0,0
TTL Full Service Consumer,INTUIT,Tax Associate,PL4,Engagement,Re-Hire,< 30 days,26-Jan,0,0,0,0,0,0,2095,3468,0,0,0,0
TTL Full Service Consumer,INTUIT,Tax Associate,PL4,Chat,Re-Hire,60-90 days,After Season,0,0,0,0,0,0,0,0,110.166666,7,0,0
TTL Full Service Consumer,INTUIT,Tax Associate,PL4,Engagement,Re-Hire,30-60 days,26-Apr,0,0,0,0,0,0,257,366,0,0,0,0
TTL Full Service Consumer,INTUIT,Tax Associate,PL4,Engagement,New Hire,90-120 days,26-Apr,0,0,0,0,0,0,6,16,0,0,0,0
TTL Full Service Consumer,INTUIT,Tax Associate,PL4,Engagement,Re-Hire,30-60 days,After Season,0,0,0,0,0,0,17,29,0,0,0,0
TTL Full Service Consumer,INTUIT,Tax Associate,PL4,Engagement,Re-Hire,90-120 days,Before Season,0,0,0,0,0,0,628,1708,0,0,0,0
TTL Full Service Consumer,INTUIT,Tax Associate,PL4,Chat,Re-Hire,90-120 days,26-Apr,1,1,0,0,3.13,3.41,0,0,6330.400001,192,0,0
TTL Full Service Consumer,INTUIT,Tax Associate,PL4,Engagement,New Hire,< 30 days,26-Mar,0,0,0,0,0,0,79,100,0,0,0,0
TTL Full Service Consumer,INTUIT,Tax Associate,PL4,Engagement,Re-Hire,120+ days,26-Feb,0,0,0,0,0,0,15638,21109,0,0,0,0
TTL Full Service Consumer,INTUIT,Tax Associate,PL4,Engagement,Re-Hire,30-60 days,Before Season,0,0,0,0,0,0,4229,11082,0,0,0,0
TTL Full Service Consumer,INTUIT,Tax Associate,PL4,Engagement,New Hire,< 30 days,26-Apr,0,0,0,0,0,0,5,7,0,0,0,0
TTL Full Service Consumer,INTUIT,Tax Associate,PL4,Engagement,Re-Hire,< 30 days,Before Season,0,0,0,0,0,0,1540,5196,0,0,0,0
TTL Full Service Consumer,INTUIT,Tax Associate,PL4,Engagement,Re-Hire,120+ days,26-Jan,0,0,0,0,0,0,2622,4130,0,0,0,0
TTL Full Service Consumer,INTUIT,Tax Associate,PL4,Engagement,Re-Hire,60-90 days,26-Apr,0,0,0,0,0,0,3768,5187,0,0,0,0
TTL Full Service Consumer,INTUIT,Tax Associate,PL4,Engagement,New Hire,60-90 days,26-Apr,0,0,0,0,0,0,153,244,0,0,0,0
TTL Full Service Consumer,INTUIT,Tax Associate,PL4,Chat,New Hire,30-60 days,26-Mar,0,0,0,0,0,0,0,0,165.166666,10,0,0
TTL Full Service Consumer,INTUIT,Tax Associate,PL4,Engagement,Re-Hire,60-90 days,Before Season,0,0,0,0,0,0,655,2347,0,0,0,0
TTL Full Service Consumer,INTUIT,Tax Associate,PL4,Engagement,Re-Hire,90-120 days,26-Feb,0,0,0,0,0,0,1052,1359,0,0,0,0
TTL Full Service Consumer,INTUIT,Tax Associate,PL4,Engagement,New Hire,60-90 days,After Season,0,0,0,0,0,0,31,69,0,0,0,0
TTL Full Service Consumer,INTUIT,Tax Associate,PL4,Chat,Re-Hire,120+ days,26-Jan,1,1,0,0,0.59,0.61,0,0,4309.533333,135,0,0
TTL Full Service Consumer,INTUIT,Tax Associate,PL4,Engagement,Re-Hire,N/A,26-Mar,0,0,0,0,0,0,2,3,0,0,311665.3712,87083
TTL Full Service Consumer,INTUIT,Tax Associate,PL4,Chat,Re-Hire,30-60 days,26-Apr,0,0,0,0,0.2,0.2,0,0,114.283333,2,0,0
TTL Full Service Consumer,INTUIT,Tax Associate,PL4,Engagement,New Hire,30-60 days,26-Mar,0,0,0,0,0,0,441,582,0,0,0,0
TTL Full Service Consumer,INTUIT,Tax Associate,PL4,Chat,Re-Hire,60-90 days,Before Season,1,1,0,0,12.37,14.24,0,0,20264.81667,874,0,0
TTL Full Service Consumer,INTUIT,Tax Associate,PL4,Engagement,Re-Hire,30-60 days,26-Feb,0,0,0,0,0,0,14754,20493,0,0,0,0
TTL Full Service Consumer,INTUIT,Tax Associate,PL4,Engagement,Re-Hire,120+ days,Before Season,0,0,0,0,0,0,2786,6122,0,0,0,0
TTL Full Service Consumer,INTUIT,Tax Associate,PL4,Engagement,New Hire,< 30 days,26-Feb,0,0,0,0,0,0,63,86,0,0,0,0
TTL Full Service Consumer,INTUIT,Tax Associate,PL4,Phone,New Hire,< 30 days,After Season,0,0,0,0,1.34,2.12,0,0,0,0,0,0
TTL Full Service Consumer,INTUIT,Tax Associate,PL4,Engagement,Re-Hire,< 30 days,26-Mar,0,0,0,0,0,0,224,315,0,0,0,0
TTL Full Service Consumer,INTUIT,Tax Associate,PL4,Engagement,Re-Hire,30-60 days,26-Jan,0,0,0,0,0,0,2021,3296,0,0,0,0
TTL Full Service Consumer,INTUIT,Tax Associate,PL4,Chat,Re-Hire,90-120 days,Before Season,1,1,0,0,5.37,5.47,0,0,8404.750002,447,0,0
TTL Full Service Consumer,INTUIT,Tax Associate,PL4,Engagement,Re-Hire,60-90 days,26-Mar,0,0,0,0,0,0,15647,20149,0,0,0,0
TTL Full Service Consumer,INTUIT,Tax Associate,PL4,Engagement,Re-Hire,90-120 days,26-Mar,0,0,0,0,0,0,11106,14620,0,0,0,0
TTL Full Service Consumer,INTUIT,Tax Associate,PL4,Chat,Re-Hire,< 30 days,26-Apr,0,0,0,0,0,0,0,0,171.066667,2,0,0
TTL Full Service Consumer,INTUIT,Tax Associate,PL4,Engagement,New Hire,60-90 days,26-Feb,0,0,0,0,0,0,2,2,0,0,0,0
TTL Full Service Consumer,INTUIT,Tax Associate,PL4,Engagement,New Hire,N/A,26-Jan,0,0,0,0,0,0,0,0,0,0,38.302966,13
TTL Full Service Consumer,INTUIT,Tax Associate,PL4,Chat,Re-Hire,60-90 days,26-Mar,0,0,0,0,6.18,6.62,0,0,22146.06667,594,0,0
TTL Full Service Consumer,INTUIT,Tax Associate,PL4,Engagement,New Hire,N/A,26-Feb,0,0,0,0,0,0,0,0,0,0,514.154855,194
TTL Full Service Consumer,INTUIT,Tax Associate,PL4,Chat,Re-Hire,120+ days,26-Mar,1,2,0,0,4.22,4.32,0,0,19723.08333,624,0,0
TTL Full Service Consumer,INTUIT,Tax Associate,PL4,Engagement,Re-Hire,N/A,26-Apr,0,0,0,0,0,0,0,0,0,0,226039.6454,62744
TTL Full Service Consumer,INTUIT,Tax Associate,PL4,Engagement,New Hire,30-60 days,After Season,0,0,0,0,0,0,3,8,0,0,0,0
TTL Full Service Consumer,INTUIT,Tax Associate,PL4,Phone,New Hire,120+ days,Before Season,-2,2,0,0,0,0,0,0,1911.800003,144,0,0
TTL Full Service Consumer,INTUIT,Tax Associate,PL4,Chat,Re-Hire,120+ days,26-Apr,0,0,0,0,0.57,0.71,0,0,3938.133328,112,0,0
TTL Full Service Consumer,INTUIT,Tax Associate,PL4,Chat,Re-Hire,90-120 days,After Season,0,0,0,0,0,0,0,0,3647.066669,95,0,0
TTL Full Service Consumer,INTUIT,Tax Associate,PL4,Engagement,New Hire,120+ days,26-Apr,0,0,0,0,0,0,71,105,0,0,0,0
TTL Full Service Consumer,INTUIT,Tax Associate,PL4,Engagement,Re-Hire,120+ days,After Season,0,0,0,0,0,0,2092,5560,0,0,0,0
TTL Full Service Consumer,INTUIT,Tax Associate,PL4,Engagement,Re-Hire,90-120 days,26-Apr,0,0,0,0,0,0,9072,13067,0,0,0,0
TTL Full Service Consumer,INTUIT,Tax Associate,PL4,Chat,Re-Hire,60-90 days,26-Apr,0,0,0,0,0,0,0,0,4586.149998,123,0,0
TTL Full Service Consumer,INTUIT,Tax Associate,PL4,Chat,Re-Hire,< 30 days,26-Jan,0,0,0,0,0.2,0.2,0,0,4054.633334,143,0,0
TTL Full Service Consumer,INTUIT,Tax Associate,PL4,Chat,Re-Hire,30-60 days,26-Mar,0,0,0,0,3.56,3.96,0,0,9551.749997,285,0,0
TTL Full Service Consumer,INTUIT,Tax Associate,PL4,Engagement,New Hire,60-90 days,26-Mar,0,0,0,0,0,0,3,5,0,0,0,0
TTL Full Service Consumer,INTUIT,Tax Associate,PL4,Engagement,New Hire,30-60 days,26-Apr,0,0,0,0,0,0,183,262,0,0,0,0
TTL Full Service Consumer,INTUIT,Tax Associate,PL4,Engagement,New Hire,120+ days,26-Mar,0,0,0,0,0,0,10,18,0,0,0,0
TTL Full Service Consumer,INTUIT,Tax Associate,PL4,Chat,Re-Hire,< 30 days,Before Season,10,10,0,0,20.91,22.42,0,0,79387.79999,3250,0,0
TTL Full Service Consumer,INTUIT,Tax Associate,PL4,Chat,Re-Hire,30-60 days,26-Feb,1,3,0,0,11.83,12.59,0,0,31166.5,928,0,0
TTL Full Service Consumer,INTUIT,Tax Associate,PL4,Engagement,Re-Hire,90-120 days,After Season,0,0,0,0,0,0,488,1213,0,0,0,0
TTL Full Service Consumer,INTUIT,Tax Associate,PL4,Engagement,New Hire,120+ days,After Season,0,0,0,0,0,0,50,96,0,0,0,0
TTL Full Service Consumer,INTUIT,Tax Associate,PL4,Phone,Re-Hire,< 30 days,After Season,0,0,0,0,3.15,3.45,0,0,12.133334,2,0,0
TTL Full Service Consumer,INTUIT,Tax Associate,PL4,Engagement,New Hire,90-120 days,26-Mar,0,0,0,0,0,0,53,75,0,0,0,0
TTL Full Service Consumer,INTUIT,Tax Associate,PL4,Chat,New Hire,60-90 days,26-Apr,0,0,0,0,0,0,0,0,91.5,2,0,0
TTL Full Service Consumer,INTUIT,Tax Associate,PL4,Chat,Re-Hire,90-120 days,26-Feb,0,0,0,0,0,0,0,0,89.1,3,0,0
TTL Full Service Consumer,INTUIT,Tax Associate,PL4,Chat,New Hire,60-90 days,After Season,0,0,0,0,0,0,0,0,82.75,2,0,0
TTL Full Service Consumer,INTUIT,Tax Associate,PL4,Engagement,Re-Hire,N/A,26-Jan,0,0,0,0,0,0,0,1,0,0,29864.67529,14244
TTL Full Service Consumer,INTUIT,Tax Associate,PL4,Engagement,New Hire,N/A,26-Apr,0,0,0,0,0,0,0,0,0,0,10856.35445,3495
TTL Full Service Consumer,INTUIT,Tax Associate,PL4,Engagement,New Hire,N/A,After Season,0,0,0,0,0,0,0,0,0,0,2133.447444,626
TTL Full Service Consumer,INTUIT,Tax Associate,PL4,Engagement,New Hire,N/A,26-Mar,0,0,0,0,0,0,0,0,0,0,5670.560482,1605
TTL Full Service Consumer,INTUIT,Tax Associate,PL4,Engagement,Re-Hire,N/A,After Season,0,0,0,0,0,0,0,0,0,0,39838.74858,11175
TTL Full Service Consumer,INTUIT,Tax Expert,PL4,Phone,New Hire,30-60 days,26-Mar,16,19,2,2,386.92,435.44,0,0,15525.63334,923,0,0
TTL Full Service Consumer,INTUIT,Tax Expert,PL4,Phone,Re-Hire,60-90 days,26-Apr,289,391,86,109,9229.66,10683.09,0,0,443938.9167,21073,0,0
TTL Full Service Consumer,INTUIT,Tax Expert,PL4,Phone,Re-Hire,90-120 days,26-Mar,389,485,57,72,9497.64,10861.31,0,0,476218.4667,25069,0,0
TTL Full Service Consumer,INTUIT,Tax Expert,PL4,Phone,New Hire,120+ days,26-Jan,9,11,3,5,246.83,270.97,0,0,7074.716664,588,0,0
TTL Full Service Consumer,INTUIT,Tax Expert,PL4,Phone,New Hire,120+ days,Before Season,141,153,56,65,674.03,734.96,0,0,88103.26669,6963,0,0
TTL Full Service Consumer,INTUIT,Tax Expert,PL4,Phone,Re-Hire,60-90 days,After Season,4,7,1,1,180.57,213.06,0,0,4820.18333,283,0,0
TTL Full Service Consumer,INTUIT,Tax Expert,PL4,Phone,New Hire,120+ days,26-Apr,27,36,9,11,888.58,1010.39,0,0,41745.35001,2108,0,0
TTL Full Service Consumer,INTUIT,Tax Expert,PL4,Phone,New Hire,120+ days,26-Mar,63,73,5,6,1275.3,1427.18,0,0,59674.81666,3127,0,0
TTL Full Service Consumer,INTUIT,Tax Expert,PL4,Phone,New Hire,60-90 days,After Season,1,1,0,0,73.73,89.28,0,0,1929.700001,137,0,0
TTL Full Service Consumer,INTUIT,Tax Expert,PL4,Phone,Re-Hire,< 30 days,26-Jan,197,241,39,48,3972.88,4488.59,0,0,196771.2334,10391,0,0
TTL Full Service Consumer,INTUIT,Tax Expert,PL4,Phone,Re-Hire,30-60 days,26-Apr,12,16,3,3,460.09,536.72,0,0,24989.05,1093,0,0
TTL Full Service Consumer,INTUIT,Tax Expert,PL4,Phone,Re-Hire,120+ days,26-Apr,589,825,153,195,24347.54,28390.26,0,0,1194154.283,59040,0,0
TTL Full Service Consumer,INTUIT,Tax Expert,PL4,Phone,Re-Hire,90-120 days,After Season,26,62,17,31,2946.82,3457.86,0,0,88186.60001,5598,0,0
TTL Full Service Consumer,INTUIT,Tax Expert,PL4,Phone,Re-Hire,30-60 days,26-Jan,92,109,6,14,2519.14,2879.42,0,0,92071.26664,6731,0,0
TTL Full Service Consumer,INTUIT,Tax Expert,PL4,Phone,Re-Hire,< 30 days,26-Mar,7,16,3,3,251.59,286.49,0,0,15690.40001,639,0,0
TTL Full Service Consumer,INTUIT,Tax Expert,PL4,Phone,New Hire,60-90 days,26-Feb,0,0,0,0,4.05,4.75,0,0,183.433333,13,0,0
TTL Full Service Consumer,INTUIT,Tax Expert,PL4,Phone,Re-Hire,60-90 days,26-Jan,12,12,1,1,482.44,551.4,0,0,15894.48333,1369,0,0
TTL Full Service Consumer,INTUIT,Tax Expert,PL4,Phone,New Hire,90-120 days,26-Mar,6,8,1,1,96.3,110.56,0,0,3213.066662,295,0,0
TTL Full Service Consumer,INTUIT,Tax Expert,PL4,Phone,Re-Hire,120+ days,After Season,232,548,190,293,13906.17,16366.42,0,0,509886.95,33763,0,0
TTL Full Service Consumer,INTUIT,Tax Expert,PL4,Phone,New Hire,90-120 days,After Season,1,3,2,3,69.99,83.59,0,0,2393.15,166,0,0
TTL Full Service Consumer,INTUIT,Tax Expert,PL4,Phone,New Hire,60-90 days,26-Apr,14,18,2,3,396.35,455.98,0,0,16707.86666,963,0,0
TTL Full Service Consumer,INTUIT,Tax Expert,PL4,Phone,Re-Hire,90-120 days,26-Apr,393,562,109,137,16631.66,19378.23,0,0,916092.6333,39627,0,0
TTL Full Service Consumer,INTUIT,Tax Expert,PL4,Phone,Re-Hire,90-120 days,Before Season,18,22,5,6,285.52,322.64,0,0,13451.55001,1125,0,0
TTL Full Service Consumer,INTUIT,Tax Expert,PL4,Phone,Re-Hire,< 30 days,26-Feb,413,490,80,94,7513.33,8452.15,0,0,327862.6667,18305,0,0
TTL Full Service Consumer,INTUIT,Tax Expert,PL4,Phone,Re-Hire,30-60 days,After Season,0,0,0,0,20.66,26.04,0,0,464.533334,23,0,0
TTL Full Service Consumer,INTUIT,Tax Expert,PL4,Phone,Re-Hire,< 30 days,26-Apr,-1,2,1,2,52.11,60.25,0,0,2473.783332,132,0,0
TTL Full Service Consumer,INTUIT,Tax Expert,PL4,Phone,New Hire,30-60 days,26-Apr,4,4,0,0,131.29,153.89,0,0,7366.333329,338,0,0
TTL Full Service Consumer,INTUIT,Tax Expert,PL4,Phone,Re-Hire,60-90 days,Before Season,78,111,29,31,1122.27,1265.91,0,0,127798.9167,8852,0,0
TTL Full Service Consumer,INTUIT,Tax Expert,PL4,Phone,Re-Hire,120+ days,26-Feb,1218,1506,184,235,23228.45,25991.61,0,0,1054359.633,60845,0,0
TTL Full Service Consumer,INTUIT,Tax Expert,PL4,Phone,New Hire,< 30 days,26-Feb,4,4,0,0,22.97,24.11,0,0,1329.216665,47,0,0
TTL Full Service Consumer,INTUIT,Tax Expert,PL4,Phone,Re-Hire,60-90 days,26-Feb,392,499,50,67,9036.23,10170.94,0,0,448338.2001,24995,0,0
TTL Full Service Consumer,INTUIT,Tax Expert,PL4,Phone,Re-Hire,120+ days,Before Season,721,845,291,329,7352.28,8191.51,0,0,547873.5834,43114,0,0
TTL Full Service Consumer,INTUIT,Tax Expert,PL4,Phone,Re-Hire,< 30 days,Before Season,283,367,127,155,1987.13,2223,0,0,239496.0666,15519,0,0
TTL Full Service Consumer,INTUIT,Tax Expert,PL4,Phone,Re-Hire,30-60 days,26-Mar,426,516,66,84,9269.75,10348.7,0,0,449049.0333,23014,0,0
TTL Full Service Consumer,INTUIT,Tax Expert,PL4,Phone,Re-Hire,30-60 days,26-Feb,913,1133,134,178,20543.74,22960.24,0,0,1017785.5,52971,0,0
TTL Full Service Consumer,INTUIT,Tax Expert,PL4,Phone,New Hire,90-120 days,26-Apr,2,2,0,0,46.8,55.96,0,0,1924.300001,143,0,0
TTL Full Service Consumer,INTUIT,Tax Expert,PL4,Phone,New Hire,120+ days,26-Feb,79,88,9,10,1227.14,1339.04,0,0,54988.18333,3057,0,0
TTL Full Service Consumer,INTUIT,Tax Expert,PL4,Phone,Re-Hire,30-60 days,Before Season,391,484,116,140,5754.23,6494.54,0,0,383951.5333,26109,0,0
TTL Full Service Consumer,INTUIT,Tax Expert,PL4,Phone,New Hire,< 30 days,26-Apr,0,1,0,0,7.01,8.37,0,0,223.066666,12,0,0
TTL Full Service Consumer,INTUIT,Tax Expert,PL4,Phone,New Hire,120+ days,After Season,30,41,13,18,901.94,1029.77,0,0,34949.9,2409,0,0
TTL Full Service Consumer,INTUIT,Tax Expert,PL4,Phone,Re-Hire,90-120 days,26-Feb,64,78,12,15,2127.71,2444.55,0,0,76623.26667,6093,0,0
TTL Full Service Consumer,INTUIT,Tax Expert,PL4,Phone,New Hire,< 30 days,26-Mar,3,5,0,0,45.27,53.21,0,0,1841.399999,128,0,0
TTL Full Service Consumer,INTUIT,Tax Expert,PL4,Phone,Re-Hire,120+ days,26-Mar,1170,1439,157,191,26221.4,29659.51,0,0,1243317.7,67298,0,0
TTL Full Service Consumer,INTUIT,Tax Expert,PL4,Engagement,Re-Hire,120+ days,After Season,0,0,0,0,0,0,1473,3771,0,0,0,0
TTL Full Service Consumer,INTUIT,Tax Expert,PL4,Phone,Re-Hire,60-90 days,26-Mar,929,1115,97,111,20799.36,23524.72,0,0,1090261.483,52864,0,0
TTL Full Service Consumer,INTUIT,Tax Expert,PL4,Chat,Re-Hire,30-60 days,26-Feb,3,3,0,0,4.74,5.08,0,0,14711.11667,471,0,0
TTL Full Service Consumer,INTUIT,Tax Expert,PL4,Phone,Re-Hire,120+ days,26-Jan,176,209,33,44,4683.09,5267.06,0,0,165097.7334,11971,0,0
TTL Full Service Consumer,INTUIT,Tax Expert,PL4,Chat,Re-Hire,60-90 days,26-Mar,0,0,0,0,2.36,2.93,0,0,10467.4,243,0,0
TTL Full Service Consumer,INTUIT,Tax Expert,PL4,Engagement,Re-Hire,< 30 days,26-Mar,0,0,0,0,0,0,131,184,0,0,0,0
TTL Full Service Consumer,INTUIT,Tax Expert,PL4,Engagement,Re-Hire,120+ days,26-Jan,0,0,0,0,0,0,2017,3055,0,0,0,0
TTL Full Service Consumer,INTUIT,Tax Expert,PL4,Phone,Re-Hire,< 30 days,After Season,0,0,0,0,0.77,0.95,0,0,10.966666,2,0,0
TTL Full Service Consumer,INTUIT,Tax Expert,PL4,Engagement,New Hire,90-120 days,26-Mar,0,0,0,0,0,0,44,63,0,0,0,0
TTL Full Service Consumer,INTUIT,Tax Expert,PL4,Chat,New Hire,120+ days,26-Jan,0,0,0,0,0,0,0,0,166.699999,6,0,0
TTL Full Service Consumer,INTUIT,Tax Expert,PL4,Engagement,New Hire,90-120 days,26-Apr,0,0,0,0,0,0,18,23,0,0,0,0
TTL Full Service Consumer,INTUIT,Tax Expert,PL4,Engagement,Re-Hire,30-60 days,26-Apr,0,0,0,0,0,0,212,338,0,0,0,0
TTL Full Service Consumer,INTUIT,Tax Expert,PL4,Engagement,New Hire,30-60 days,After Season,0,0,0,0,0,0,1,2,0,0,0,0
TTL Full Service Consumer,INTUIT,Tax Expert,PL4,Engagement,Re-Hire,90-120 days,Before Season,0,0,0,0,0,0,114,371,0,0,0,0
TTL Full Service Consumer,INTUIT,Tax Expert,PL4,Chat,Re-Hire,60-90 days,Before Season,5,5,0,0,6.24,7.16,0,0,12240.76666,588,0,0
TTL Full Service Consumer,INTUIT,Tax Expert,PL4,Engagement,Re-Hire,60-90 days,Before Season,0,0,0,0,0,0,381,1140,0,0,0,0
TTL Full Service Consumer,INTUIT,Tax Expert,PL4,Engagement,Re-Hire,120+ days,26-Mar,0,0,0,0,0,0,13753,17552,0,0,0,0
TTL Full Service Consumer,INTUIT,Tax Expert,PL4,Engagement,Re-Hire,N/A,26-Mar,0,0,0,0,0,0,1,1,0,0,237723.3515,67026
TTL Full Service Consumer,INTUIT,Tax Expert,PL4,Engagement,New Hire,120+ days,26-Feb,0,0,0,0,0,0,633,818,0,0,0,0
TTL Full Service Consumer,INTUIT,Tax Expert,PL4,Chat,Re-Hire,60-90 days,26-Jan,0,0,0,0,0.55,0.61,0,0,63.216667,4,0,0
TTL Full Service Consumer,INTUIT,Tax Expert,PL4,Engagement,New Hire,< 30 days,26-Mar,0,0,0,0,0,0,30,32,0,0,0,0
TTL Full Service Consumer,INTUIT,Tax Expert,PL4,Chat,Re-Hire,30-60 days,Before Season,8,8,0,0,14.58,15.69,0,0,27461.8,1252,0,0
TTL Full Service Consumer,INTUIT,Tax Expert,PL4,Engagement,New Hire,120+ days,26-Mar,0,0,0,0,0,0,645,823,0,0,0,0
TTL Full Service Consumer,INTUIT,Tax Expert,PL4,Engagement,Re-Hire,60-90 days,26-Feb,0,0,0,0,0,0,4261,5581,0,0,0,0
TTL Full Service Consumer,INTUIT,Tax Expert,PL4,Chat,New Hire,120+ days,26-Mar,0,0,0,0,0.75,0.85,0,0,281.566666,10,0,0
TTL Full Service Consumer,INTUIT,Tax Expert,PL4,Engagement,Re-Hire,30-60 days,26-Jan,0,0,0,0,0,0,1001,1567,0,0,0,0
TTL Full Service Consumer,INTUIT,Tax Expert,PL4,Chat,Re-Hire,< 30 days,26-Mar,0,0,0,0,0,0,0,0,74.75,3,0,0
TTL Full Service Consumer,INTUIT,Tax Expert,PL4,Chat,Re-Hire,120+ days,Before Season,11,12,0,0,22.13,23.98,0,0,26460.03333,1247,0,0
TTL Full Service Consumer,INTUIT,Tax Expert,PL4,Engagement,New Hire,120+ days,26-Jan,0,0,0,0,0,0,92,144,0,0,0,0
TTL Full Service Consumer,INTUIT,Tax Expert,PL4,Chat,Re-Hire,< 30 days,26-Feb,0,0,0,0,2.17,2.27,0,0,5718.583341,206,0,0
TTL Full Service Consumer,INTUIT,Tax Expert,PL4,Chat,New Hire,120+ days,Before Season,3,3,0,0,3.25,3.65,0,0,2761.616667,123,0,0
TTL Full Service Consumer,INTUIT,Tax Expert,PL4,Engagement,Re-Hire,30-60 days,26-Mar,0,0,0,0,0,0,5248,6775,0,0,0,0
TTL Full Service Consumer,INTUIT,Tax Expert,PL4,Chat,Re-Hire,90-120 days,26-Mar,0,0,0,0,1.44,1.52,0,0,3765.999997,108,0,0
TTL Full Service Consumer,INTUIT,Tax Expert,PL4,Engagement,Re-Hire,90-120 days,26-Mar,0,0,0,0,0,0,4974,6431,0,0,0,0
TTL Full Service Consumer,INTUIT,Tax Expert,PL4,Engagement,Re-Hire,90-120 days,26-Feb,0,0,0,0,0,0,827,1052,0,0,0,0
TTL Full Service Consumer,INTUIT,Tax Expert,PL4,Chat,Re-Hire,120+ days,26-Apr,0,0,0,0,0,0,0,0,2593.516664,66,0,0
TTL Full Service Consumer,INTUIT,Tax Expert,PL4,Chat,Re-Hire,90-120 days,After Season,0,0,0,0,0,0,0,0,1560.85,33,0,0
TTL Full Service Consumer,INTUIT,Tax Expert,PL4,Chat,Re-Hire,60-90 days,26-Apr,0,0,0,0,0,0,0,0,2159.166663,61,0,0
TTL Full Service Consumer,INTUIT,Tax Expert,PL4,Phone,New Hire,30-60 days,After Season,0,0,0,0,5.88,6.86,0,0,240.933333,11,0,0
TTL Full Service Consumer,INTUIT,Tax Expert,PL4,Chat,Re-Hire,90-120 days,26-Apr,-1,1,0,0,0.57,0.71,0,0,2717.05,62,0,0
TTL Full Service Consumer,INTUIT,Tax Expert,PL4,Chat,Re-Hire,120+ days,After Season,0,0,0,0,1.77,1.93,0,0,9375.100001,314,0,0
TTL Full Service Consumer,INTUIT,Tax Expert,PL4,Engagement,Re-Hire,90-120 days,After Season,0,0,0,0,0,0,343,766,0,0,0,0
TTL Full Service Consumer,INTUIT,Tax Expert,PL4,Engagement,New Hire,90-120 days,After Season,0,0,0,0,0,0,5,12,0,0,0,0
TTL Full Service Consumer,INTUIT,Tax Expert,PL4,Engagement,Re-Hire,30-60 days,26-Feb,0,0,0,0,0,0,11753,15592,0,0,0,0
TTL Full Service Consumer,INTUIT,Tax Expert,PL4,Engagement,Re-Hire,< 30 days,26-Jan,0,0,0,0,0,0,2240,3474,0,0,0,0
TTL Full Service Consumer,INTUIT,Tax Expert,PL4,Engagement,Re-Hire,120+ days,Before Season,0,0,0,0,0,0,3199,7598,0,0,0,0
TTL Full Service Consumer,INTUIT,Tax Expert,PL4,Chat,Re-Hire,60-90 days,26-Feb,1,1,0,0,0.81,0.83,0,0,3818.683336,123,0,0
TTL Full Service Consumer,INTUIT,Tax Expert,PL4,Chat,Re-Hire,30-60 days,26-Jan,0,0,0,0,0.79,0.83,0,0,1672.449998,61,0,0
TTL Full Service Consumer,INTUIT,Tax Expert,PL4,Engagement,New Hire,120+ days,After Season,0,0,0,0,0,0,110,270,0,0,0,0
TTL Full Service Consumer,INTUIT,Tax Expert,PL4,Chat,Re-Hire,120+ days,26-Jan,0,0,0,0,0.59,0.61,0,0,3382.300001,95,0,0
TTL Full Service Consumer,INTUIT,Tax Expert,PL4,Chat,New Hire,120+ days,After Season,0,0,0,0,0,0,0,0,567.316667,14,0,0
TTL Full Service Consumer,INTUIT,Tax Expert,PL4,Chat,Re-Hire,30-60 days,26-Apr,0,0,0,0,0,0,0,0,17.466667,2,0,0
TTL Full Service Consumer,INTUIT,Tax Expert,PL4,Engagement,New Hire,30-60 days,26-Mar,0,0,0,0,0,0,210,276,0,0,0,0
TTL Full Service Consumer,INTUIT,Tax Expert,PL4,Engagement,Re-Hire,60-90 days,26-Mar,0,0,0,0,0,0,12024,15142,0,0,0,0
TTL Full Service Consumer,INTUIT,Tax Expert,PL4,Engagement,Re-Hire,30-60 days,After Season,0,0,0,0,0,0,3,5,0,0,0,0
TTL Full Service Consumer,INTUIT,Tax Expert,PL4,Chat,Re-Hire,120+ days,26-Mar,0,0,0,0,1.12,1.22,0,0,8177.949991,243,0,0
TTL Full Service Consumer,INTUIT,Tax Expert,PL4,Engagement,Re-Hire,90-120 days,26-Apr,0,0,0,0,0,0,7347,11148,0,0,0,0
TTL Full Service Consumer,INTUIT,Tax Expert,PL4,Engagement,Re-Hire,N/A,26-Jan,0,0,0,0,0,0,2,2,0,0,20807.16356,9922
TTL Full Service Consumer,INTUIT,Tax Expert,PL4,Engagement,New Hire,60-90 days,26-Mar,0,0,0,0,0,0,9,14,0,0,0,0
TTL Full Service Consumer,INTUIT,Tax Expert,PL4,Engagement,New Hire,< 30 days,26-Apr,0,0,0,0,0,0,1,3,0,0,0,0
TTL Full Service Consumer,INTUIT,Tax Expert,PL4,Phone,New Hire,60-90 days,26-Mar,1,1,0,0,28.98,33.18,0,0,1122.749999,82,0,0
TTL Full Service Consumer,INTUIT,Tax Expert,PL4,Engagement,New Hire,< 30 days,26-Feb,0,0,0,0,0,0,8,10,0,0,0,0
TTL Full Service Consumer,INTUIT,Tax Expert,PL4,Engagement,New Hire,30-60 days,26-Apr,0,0,0,0,0,0,46,74,0,0,0,0
TTL Full Service Consumer,INTUIT,Tax Expert,PL4,Chat,Re-Hire,< 30 days,Before Season,5,5,0,0,11.83,13.08,0,0,32810.83333,1510,0,0
TTL Full Service Consumer,INTUIT,Tax Expert,PL4,Chat,Re-Hire,30-60 days,26-Mar,0,0,0,0,1.81,1.83,0,0,4846.400002,141,0,0
TTL Full Service Consumer,INTUIT,Tax Expert,PL4,Chat,New Hire,60-90 days,After Season,0,0,0,0,0,0,0,0,33.1,2,0,0
TTL Full Service Consumer,INTUIT,Tax Expert,PL4,Engagement,New Hire,60-90 days,After Season,0,0,0,0,0,0,12,38,0,0,0,0
TTL Full Service Consumer,INTUIT,Tax Expert,PL4,Engagement,Re-Hire,60-90 days,26-Jan,0,0,0,0,0,0,158,229,0,0,0,0
TTL Full Service Consumer,INTUIT,Tax Expert,PL4,Engagement,Re-Hire,120+ days,26-Apr,0,0,0,0,0,0,9615,14595,0,0,0,0
TTL Full Service Consumer,INTUIT,Tax Expert,PL4,Engagement,Re-Hire,< 30 days,26-Feb,0,0,0,0,0,0,4410,6181,0,0,0,0
TTL Full Service Consumer,INTUIT,Tax Expert,PL4,Engagement,New Hire,120+ days,Before Season,0,0,0,0,0,0,251,777,0,0,0,0
TTL Full Service Consumer,INTUIT,Tax Expert,PL4,Engagement,New Hire,60-90 days,26-Apr,0,0,0,0,0,0,180,243,0,0,0,0
TTL Full Service Consumer,INTUIT,Tax Expert,PL4,Engagement,Re-Hire,N/A,26-Feb,0,0,0,0,0,0,1,1,0,0,165670.051,59794
TTL Full Service Consumer,INTUIT,Tax Expert,PL4,Engagement,Re-Hire,< 30 days,26-Apr,0,0,0,0,0,0,29,41,0,0,0,0
TTL Full Service Consumer,INTUIT,Tax Expert,PL4,Chat,Re-Hire,90-120 days,Before Season,0,0,0,0,1.11,1.28,0,0,799.433336,29,0,0
TTL Full Service Consumer,INTUIT,Tax Expert,PL4,Engagement,Re-Hire,< 30 days,Before Season,0,0,0,0,0,0,1096,3051,0,0,0,0
TTL Full Service Consumer,INTUIT,Tax Expert,PL4,Engagement,New Hire,120+ days,26-Apr,0,0,0,0,0,0,335,503,0,0,0,0
TTL Full Service Consumer,INTUIT,Tax Expert,PL4,Chat,Re-Hire,< 30 days,26-Jan,0,0,0,0,0.55,0.61,0,0,3227.599998,113,0,0
TTL Full Service Consumer,INTUIT,Tax Expert,PL4,Engagement,New Hire,60-90 days,26-Feb,0,0,0,0,0,0,1,1,0,0,0,0
TTL Full Service Consumer,INTUIT,Tax Expert,PL4,Engagement,Re-Hire,N/A,26-Apr,0,0,0,0,0,0,0,0,0,0,171992.6221,51988
TTL Full Service Consumer,INTUIT,Tax Expert,PL4,Chat,New Hire,30-60 days,26-Mar,0,0,0,0,0,0,0,0,61.316667,8,0,0
TTL Full Service Consumer,INTUIT,Tax Expert,PL4,Engagement,New Hire,N/A,After Season,0,0,0,0,0,0,0,0,0,0,2281.505562,641
TTL Full Service Consumer,INTUIT,Tax Expert,PL4,Engagement,Re-Hire,30-60 days,Before Season,0,0,0,0,0,0,2397,5963,0,0,0,0
TTL Full Service Consumer,INTUIT,Tax Expert,PL4,Engagement,New Hire,N/A,Before Season,0,0,0,0,0,0,0,0,0,0,68.288792,44
TTL Full Service Consumer,INTUIT,Tax Expert,PL4,Engagement,Re-Hire,60-90 days,26-Apr,0,0,0,0,0,0,4175,5783,0,0,0,0
TTL Full Service Consumer,INTUIT,Tax Expert,PL4,Chat,New Hire,120+ days,26-Feb,0,0,0,0,0,0,0,0,910.483332,26,0,0
TTL Full Service Consumer,INTUIT,Tax Expert,PL4,Engagement,Re-Hire,60-90 days,After Season,0,0,0,0,0,0,15,42,0,0,0,0
TTL Full Service Consumer,INTUIT,Tax Expert,PL4,Engagement,Re-Hire,120+ days,26-Feb,0,0,0,0,0,0,12135,16340,0,0,0,0
TTL Full Service Consumer,INTUIT,Tax Expert,PL4,Chat,Re-Hire,120+ days,26-Feb,1,1,0,0,4.7,4.98,0,0,13475.51666,423,0,0
TTL Full Service Consumer,INTUIT,Tax Expert,PL4,Engagement,Re-Hire,N/A,Before Season,0,0,0,0,0,0,59,86,0,0,2548.700637,1348
TTL Full Service Consumer,INTUIT,Tax Expert,PL4,Chat,Re-Hire,90-120 days,26-Feb,0,0,0,0,0,0,0,0,12.016666,3,0,0
TTL Full Service Consumer,INTUIT,Tax Expert,PL4,Chat,New Hire,120+ days,26-Apr,0,0,0,0,0,0,0,0,461.549999,7,0,0
TTL Full Service Consumer,INTUIT,Tax Expert,PL4,Engagement,New Hire,N/A,26-Feb,0,0,0,0,0,0,0,0,0,0,4965.435385,1763
TTL Full Service Consumer,INTUIT,Tax Expert,PL4,Engagement,New Hire,N/A,26-Mar,0,0,0,0,0,0,0,0,0,0,8449.420471,2442
TTL Full Service Consumer,INTUIT,Tax Expert,PL4,Engagement,Re-Hire,N/A,After Season,0,0,0,0,0,0,0,0,0,0,28501.68366,8256
TTL Full Service Consumer,INTUIT,Tax Expert,PL4,Engagement,New Hire,N/A,26-Apr,0,0,0,0,0,0,0,0,0,0,8529.739544,2753
TTL Full Service Consumer,INTUIT,Tax Expert,PL4,Engagement,New Hire,N/A,26-Jan,0,0,0,0,0,0,0,0,0,0,540.651359,260
TTL Full Service Consumer,INTUIT,Tax Specialist,PL4,Phone,Re-Hire,60-90 days,26-Feb,4,18,0,0,177.77,192.85,0,0,14277.76667,565,0,0
TTL Full Service Consumer,INTUIT,Tax Specialist,PL4,Phone,New Hire,30-60 days,26-Mar,0,0,0,0,7.29,7.77,0,0,155.999998,13,0,0
TTL Full Service Consumer,INTUIT,Tax Specialist,PL4,Phone,Re-Hire,90-120 days,26-Apr,27,55,20,31,776.22,925.09,0,0,38371.18332,1737,0,0
TTL Full Service Consumer,INTUIT,Tax Specialist,PL4,Phone,Re-Hire,90-120 days,26-Mar,61,107,17,33,871.19,991.63,0,0,51686.13333,2103,0,0
TTL Full Service Consumer,INTUIT,Tax Specialist,PL4,Phone,Re-Hire,60-90 days,26-Mar,28,39,3,4,292.2,319.34,0,0,20522.7,875,0,0
TTL Full Service Consumer,INTUIT,Tax Specialist,PL4,Phone,Re-Hire,30-60 days,26-Mar,1,1,0,0,18.49,21.2,0,0,718.05,32,0,0
TTL Full Service Consumer,INTUIT,Tax Specialist,PL4,Phone,Re-Hire,120+ days,26-Apr,24,54,15,27,732.71,875.8,0,0,38401.73332,1731,0,0
TTL Full Service Consumer,INTUIT,Tax Specialist,PL4,Phone,Re-Hire,60-90 days,26-Apr,4,4,0,0,22.26,25.01,0,0,760.116668,41,0,0
TTL Full Service Consumer,INTUIT,Tax Specialist,PL4,Engagement,New Hire,30-60 days,26-Mar,0,0,0,0,0,0,0,1,0,0,0,0
TTL Full Service Consumer,INTUIT,Tax Specialist,PL4,Phone,Re-Hire,< 30 days,Before Season,1,1,0,0,16.85,17.83,0,0,833.750003,36,0,0
TTL Full Service Consumer,INTUIT,Tax Specialist,PL4,Engagement,Re-Hire,60-90 days,After Season,0,0,0,0,0,0,1,1,0,0,0,0
TTL Full Service Consumer,INTUIT,Tax Specialist,PL4,Phone,Re-Hire,30-60 days,26-Apr,5,7,3,3,62.48,75.68,0,0,2809.566669,154,0,0
TTL Full Service Consumer,INTUIT,Tax Specialist,PL4,Engagement,Re-Hire,30-60 days,Before Season,0,0,0,0,0,0,13,49,0,0,0,0
TTL Full Service Consumer,INTUIT,Tax Specialist,PL4,Phone,Re-Hire,120+ days,After Season,11,28,11,18,656.59,799.47,0,0,20185.03334,1298,0,0
TTL Full Service Consumer,INTUIT,Tax Specialist,PL4,Engagement,Re-Hire,60-90 days,26-Mar,0,0,0,0,0,0,275,344,0,0,0,0
TTL Full Service Consumer,INTUIT,Tax Specialist,PL4,Phone,Re-Hire,< 30 days,26-Mar,3,3,0,0,23.02,25.99,0,0,1632.850003,62,0,0
TTL Full Service Consumer,INTUIT,Tax Specialist,PL4,Engagement,Re-Hire,< 30 days,Before Season,0,0,0,0,0,0,7,57,0,0,0,0
TTL Full Service Consumer,INTUIT,Tax Specialist,PL4,Phone,New Hire,60-90 days,26-Apr,0,0,0,0,13.5,14.04,0,0,848.616664,29,0,0
TTL Full Service Consumer,INTUIT,Tax Specialist,PL4,Phone,Re-Hire,30-60 days,26-Feb,1,3,0,0,71.5,77.46,0,0,3474.133339,199,0,0
TTL Full Service Consumer,INTUIT,Tax Specialist,PL4,Phone,Re-Hire,60-90 days,After Season,0,0,0,0,5.77,6.7,0,0,162.150001,11,0,0
TTL Full Service Consumer,INTUIT,Tax Specialist,PL4,Phone,New Hire,60-90 days,After Season,0,0,0,0,3.36,3.64,0,0,0,0,0,0
TTL Full Service Consumer,INTUIT,Tax Specialist,PL4,Engagement,Re-Hire,90-120 days,26-Apr,0,0,0,0,0,0,162,228,0,0,0,0
TTL Full Service Consumer,INTUIT,Tax Specialist,PL4,Phone,Re-Hire,30-60 days,Before Season,6,6,0,0,21.28,23.57,0,0,1098.166671,68,0,0
TTL Full Service Consumer,INTUIT,Tax Specialist,PL4,Engagement,Re-Hire,90-120 days,26-Mar,0,0,0,0,0,0,511,609,0,0,0,0
TTL Full Service Consumer,INTUIT,Tax Specialist,PL4,Engagement,Re-Hire,30-60 days,26-Jan,0,0,0,0,0,0,21,28,0,0,0,0
TTL Full Service Consumer,INTUIT,Tax Specialist,PL4,Phone,Re-Hire,30-60 days,After Season,1,1,0,0,4.63,5.59,0,0,22.116667,1,0,0
TTL Full Service Consumer,INTUIT,Tax Specialist,PL4,Engagement,Re-Hire,30-60 days,26-Mar,0,0,0,0,0,0,6,5,0,0,0,0
TTL Full Service Consumer,INTUIT,Tax Specialist,PL4,Engagement,Re-Hire,60-90 days,26-Feb,0,0,0,0,0,0,192,232,0,0,0,0
TTL Full Service Consumer,INTUIT,Tax Specialist,PL4,Engagement,New Hire,60-90 days,26-Apr,0,0,0,0,0,0,1,2,0,0,0,0
TTL Full Service Consumer,INTUIT,Tax Specialist,PL4,Engagement,Re-Hire,120+ days,26-Apr,0,0,0,0,0,0,42,63,0,0,0,0
TTL Full Service Consumer,INTUIT,Tax Specialist,PL4,Phone,Re-Hire,30-60 days,26-Jan,3,3,0,0,24.71,28.61,0,0,985.016669,66,0,0
TTL Full Service Consumer,INTUIT,Tax Specialist,PL4,Engagement,Re-Hire,30-60 days,26-Apr,0,0,0,0,0,0,9,11,0,0,0,0
TTL Full Service Consumer,INTUIT,Tax Specialist,PL4,Engagement,Re-Hire,60-90 days,26-Apr,0,0,0,0,0,0,8,10,0,0,0,0
TTL Full Service Consumer,INTUIT,Tax Specialist,PL4,Engagement,Re-Hire,90-120 days,After Season,0,0,0,0,0,0,1,1,0,0,0,0
TTL Full Service Consumer,INTUIT,Tax Specialist,PL4,Engagement,New Hire,N/A,26-Apr,0,0,0,0,0,0,0,0,0,0,37.277766,3
TTL Full Service Consumer,INTUIT,Tax Specialist,PL4,Engagement,Re-Hire,120+ days,After Season,0,0,0,0,0,0,37,110,0,0,0,0
TTL Full Service Consumer,INTUIT,Tax Specialist,PL4,Engagement,New Hire,N/A,26-Mar,0,0,0,0,0,0,0,0,0,0,5.674863,1
TTL Full Service Consumer,INTUIT,Tax Specialist,PL4,Phone,Re-Hire,90-120 days,After Season,0,0,0,0,7.04,7.6,0,0,102.866666,2,0,0
TTL Full Service Consumer,INTUIT,Tax Specialist,PL4,Engagement,Re-Hire,N/A,26-Mar,0,0,0,0,0,0,0,0,0,0,3182.723613,1061
TTL Full Service Consumer,INTUIT,Tax Specialist,PL4,Engagement,Re-Hire,< 30 days,26-Mar,0,0,0,0,0,0,17,20,0,0,0,0
TTL Full Service Consumer,INTUIT,Tax Specialist,PL4,Engagement,Re-Hire,30-60 days,26-Feb,0,0,0,0,0,0,89,112,0,0,0,0
TTL Full Service Consumer,INTUIT,Tax Specialist,PL4,Engagement,Re-Hire,30-60 days,After Season,0,0,0,0,0,0,0,1,0,0,0,0
TTL Full Service Consumer,INTUIT,Tax Specialist,PL4,Engagement,Re-Hire,N/A,26-Feb,0,0,0,0,0,0,1,1,0,0,720.660867,396
TTL Full Service Consumer,INTUIT,Tax Specialist,PL4,Engagement,Re-Hire,N/A,Before Season,0,0,0,0,0,0,0,1,0,0,15.292998,9
TTL Full Service Consumer,INTUIT,Tax Specialist,PL4,Phone,New Hire,60-90 days,26-Mar,0,0,0,0,0,0,0,0,32.783333,2,0,0
TTL Full Service Consumer,INTUIT,Tax Specialist,PL4,Engagement,Re-Hire,N/A,26-Apr,0,0,0,0,0,0,0,0,0,0,2460.27475,681
TTL Full Service Consumer,INTUIT,Tax Specialist,PL4,Engagement,Re-Hire,N/A,26-Jan,0,0,0,0,0,0,0,0,0,0,82.76993,45
TTL Full Service Consumer,INTUIT,Tax Specialist,PL4,Engagement,Re-Hire,N/A,After Season,0,0,0,0,0,0,0,0,0,0,432.210998,132
TTL Full Service Consumer,INTUIT,Tax Associate,TPA,Phone,Re-Hire,120+ days,Before Season,7,8,1,2,63.12,71.4,0,0,1243.833335,111,0,0
TTL Full Service Consumer,INTUIT,Tax Associate,TPA,Engagement,Re-Hire,N/A,Before Season,0,0,0,0,0,0,0,0,0,0,4.80304,3
TTL Full Service Consumer,INTUIT,Tax Associate,TPA,Engagement,Re-Hire,N/A,26-Jan,0,0,0,0,0,0,0,0,0,0,27.387962,11
TTL Full Service Consumer,INTUIT,Tax Associate,TPA,Engagement,Re-Hire,N/A,26-Apr,0,0,0,0,0,0,0,0,0,0,3.431183,1
TTL Full Service Consumer,INTUIT,Tax Associate,TPA,Phone,Re-Hire,30-60 days,Before Season,6,6,0,0,0,0,0,0,398.45,51,0,0
TTL Full Service Consumer,INTUIT,Tax Associate,TPA,Engagement,Re-Hire,N/A,26-Feb,0,0,0,0,0,0,0,0,0,0,22.044133,4
TTL Full Service Consumer,INTUIT,Tax Associate,TPA,Phone,Re-Hire,60-90 days,Before Season,4,4,0,0,0,0,0,0,463.233332,49,0,0
TTL Full Service Consumer,INTUIT,Tax Associate,TPA,Phone,Re-Hire,< 30 days,Before Season,4,5,0,0,0,0,0,0,213.416667,17,0,0
TTL Full Service Consumer,INTUIT,Tax Specialist,TPA,Phone,Re-Hire,30-60 days,Before Season,45,46,2,3,91.28,98.43,0,0,5043.083333,337,0,0
TTL Full Service Consumer,INTUIT,Tax Specialist,TPA,Phone,Re-Hire,30-60 days,26-Feb,2,4,0,0,72.04,79.52,0,0,2534.850007,182,0,0
TTL Full Service Consumer,INTUIT,Tax Specialist,TPA,Engagement,Re-Hire,60-90 days,26-Feb,0,0,0,0,0,0,0,1,0,0,0,0
TTL Full Service Consumer,INTUIT,Tax Specialist,TPA,Phone,Re-Hire,90-120 days,26-Mar,0,0,0,0,0.65,1.13,0,0,39.216667,4,0,0
TTL Full Service Consumer,INTUIT,Tax Specialist,TPA,Engagement,Re-Hire,< 30 days,Before Season,0,0,0,0,0,0,0,3,0,0,0,0
TTL Full Service Consumer,INTUIT,Tax Specialist,TPA,Engagement,Re-Hire,60-90 days,26-Mar,0,0,0,0,0,0,0,1,0,0,0,0
TTL Full Service Consumer,INTUIT,Tax Specialist,TPA,Phone,Re-Hire,30-60 days,26-Jan,2,5,1,1,31.91,35.1,0,0,1534.116667,88,0,0
TTL Full Service Consumer,INTUIT,Tax Specialist,TPA,Phone,Re-Hire,< 30 days,Before Season,13,20,0,0,24.74,26.31,0,0,1444.350002,99,0,0
TTL Full Service Consumer,INTUIT,Tax Specialist,TPA,Engagement,Re-Hire,N/A,26-Feb,0,0,0,0,0,0,0,0,0,0,105.214859,53
TTL Full Service Consumer,INTUIT,Tax Specialist,TPA,Phone,Re-Hire,60-90 days,26-Feb,9,14,2,3,122.14,137.12,0,0,3740.399999,326,0,0
TTL Full Service Consumer,INTUIT,Tax Specialist,TPA,Engagement,Re-Hire,N/A,Before Season,0,0,0,0,0,0,0,1,0,0,14.688985,8
TTL Full Service Consumer,INTUIT,Tax Specialist,TPA,Phone,Re-Hire,60-90 days,26-Mar,0,0,0,0,1.56,1.76,0,0,10,1,0,0
TTL Full Service Consumer,INTUIT,Tax Specialist,TPA,Engagement,Re-Hire,N/A,26-Mar,0,0,0,0,0,0,0,0,0,0,41.824565,18
TTL Full Service Consumer,INTUIT,Tax Specialist,TPA,Engagement,Re-Hire,30-60 days,Before Season,0,0,0,0,0,0,0,4,0,0,0,0
TTL Full Service Consumer,INTUIT,Tax Specialist,TPA,Engagement,Re-Hire,N/A,26-Jan,0,0,0,0,0,0,0,0,0,0,70.862122,33
TTL Full Service Consumer,INTUIT,Tax Specialist,TPA,Engagement,Re-Hire,N/A,After Season,0,0,0,0,0,0,0,0,0,0,24.841563,12
TTL Full Service Consumer,INTUIT,Tax Specialist,TPA,Engagement,Re-Hire,N/A,26-Apr,0,0,0,0,0,0,0,0,0,0,22.801556,12
TTL Full Service Consumer,INTUIT,Tax Specialist,TPA,Phone,Re-Hire,60-90 days,Before Season,13,17,0,0,0,0,0,0,1053.516669,112,0,0
TTL Full Service Consumer,INTUIT,Tax Associate,TTLA,Phone,New Hire,< 30 days,Before Season,1,1,0,0,13.6,14.48,0,0,26.833333,4,0,0
TTL Full Service Consumer,INTUIT,Tax Associate,TTLA,Phone,Re-Hire,120+ days,Before Season,4,4,0,0,11.39,11.93,0,0,704.816664,51,0,0
TTL Full Service Consumer,INTUIT,Tax Associate,TTLA,Phone,Re-Hire,30-60 days,Before Season,4,4,0,0,126.29,143.13,0,0,107.516668,15,0,0
TTL Full Service Consumer,INTUIT,Tax Associate,TTLA,Phone,Re-Hire,< 30 days,Before Season,0,0,0,0,18.96,21,0,0,68.8,4,0,0
TTL Full Service Consumer,INTUIT,Tax Associate,TTLA,Phone,New Hire,90-120 days,26-Mar,0,0,0,0,0.91,1.42,0,0,191.016667,2,0,0
TTL Full Service Consumer,INTUIT,Tax Associate,TTLA,Phone,Re-Hire,30-60 days,26-Jan,0,0,0,0,52.32,58.81,0,0,0,0,0,0
TTL Full Service Consumer,INTUIT,Tax Associate,TTLA,Phone,Re-Hire,30-60 days,26-Feb,0,0,0,0,125.2,136.21,0,0,0,0,0,0
TTL Full Service Consumer,INTUIT,Tax Associate,TTLA,Phone,Re-Hire,60-90 days,26-Feb,0,0,0,0,123.41,139.46,0,0,0,0,0,0
TTL Full Service Consumer,INTUIT,Tax Associate,TTLA,Engagement,New Hire,< 30 days,Before Season,0,0,0,0,0,0,2,14,0,0,0,0
TTL Full Service Consumer,INTUIT,Tax Associate,TTLA,Phone,Re-Hire,120+ days,26-Mar,0,0,0,0,0.55,0.71,0,0,8.516667,1,0,0
TTL Full Service Consumer,INTUIT,Tax Associate,TTLA,Phone,Re-Hire,90-120 days,26-Mar,0,0,0,0,1.54,1.93,0,0,71.6,3,0,0
TTL Full Service Consumer,INTUIT,Tax Associate,TTLA,Phone,Re-Hire,< 30 days,26-Feb,0,0,0,0,147.54,165.53,0,0,0,0,0,0
TTL Full Service Consumer,INTUIT,Tax Associate,TTLA,Engagement,Re-Hire,120+ days,Before Season,0,0,0,0,0,0,12,62,0,0,0,0
TTL Full Service Consumer,INTUIT,Tax Associate,TTLA,Engagement,Re-Hire,N/A,Before Season,0,0,0,0,0,0,3,9,0,0,0,0
TTL Full Service Consumer,INTUIT,Tax Associate,TTLA,Engagement,Re-Hire,30-60 days,Before Season,0,0,0,0,0,0,5,32,0,0,0,0
TTL Full Service Consumer,INTUIT,Tax Associate,TTLA,Engagement,Re-Hire,60-90 days,Before Season,0,0,0,0,0,0,2,4,0,0,0,0
TTL Full Service Consumer,INTUIT,Tax Associate,TTLA,Phone,New Hire,120+ days,After Season,0,0,0,0,0.69,0.71,0,0,30.033333,1,0,0
TTL Full Service Consumer,INTUIT,Tax Associate,TTLA,Phone,Re-Hire,< 30 days,26-Jan,0,0,0,0,23.14,25.39,0,0,0,0,0,0
TTL Full Service Consumer,INTUIT,Tax Associate,TTLA,Engagement,New Hire,N/A,Before Season,0,0,0,0,0,0,0,2,0,0,0,0
TTL Full Service Consumer,INTUIT,Tax Expert,TTLA,Phone,Re-Hire,30-60 days,Before Season,6,6,0,0,85.21,93.63,0,0,482.149999,29,0,0
TTL Full Service Consumer,INTUIT,Tax Expert,TTLA,Phone,Re-Hire,120+ days,Before Season,12,13,3,3,13.53,14.9,0,0,1749.900003,142,0,0
TTL Full Service Consumer,INTUIT,Tax Expert,TTLA,Engagement,Re-Hire,120+ days,Before Season,0,0,0,0,0,0,24,128,0,0,0,0
TTL Full Service Consumer,INTUIT,Tax Expert,TTLA,Phone,New Hire,120+ days,Before Season,0,0,0,0,0,0,0,0,157.116665,24,0,0
TTL Full Service Consumer,INTUIT,Tax Expert,TTLA,Engagement,New Hire,N/A,Before Season,0,0,0,0,0,0,0,3,0,0,0,0
TTL Full Service Consumer,INTUIT,Tax Expert,TTLA,Phone,Re-Hire,< 30 days,Before Season,1,1,0,0,26.13,29.46,0,0,120.283333,14,0,0
TTL Full Service Consumer,INTUIT,Tax Expert,TTLA,Phone,Re-Hire,< 30 days,26-Jan,0,0,0,0,10.69,12.48,0,0,0,0,0,0
TTL Full Service Consumer,INTUIT,Tax Expert,TTLA,Engagement,Re-Hire,30-60 days,Before Season,0,0,0,0,0,0,11,47,0,0,0,0
TTL Full Service Consumer,INTUIT,Tax Expert,TTLA,Engagement,Re-Hire,120+ days,26-Apr,0,0,0,0,0,0,17,20,0,0,0,0
TTL Full Service Consumer,INTUIT,Tax Expert,TTLA,Phone,Re-Hire,30-60 days,26-Feb,0,0,0,0,39.73,44.71,0,0,0,0,0,0
TTL Full Service Consumer,INTUIT,Tax Expert,TTLA,Engagement,Re-Hire,120+ days,26-Mar,0,0,0,0,0,0,32,35,0,0,0,0
TTL Full Service Consumer,INTUIT,Tax Expert,TTLA,Phone,Re-Hire,30-60 days,26-Mar,0,0,0,0,0,0,0,0,151.816667,9,0,0
TTL Full Service Consumer,INTUIT,Tax Expert,TTLA,Phone,Re-Hire,60-90 days,26-Apr,0,0,0,0,0,0,0,0,17.166667,2,0,0
TTL Full Service Consumer,INTUIT,Tax Expert,TTLA,Engagement,Re-Hire,< 30 days,Before Season,0,0,0,0,0,0,1,11,0,0,0,0
TTL Full Service Consumer,INTUIT,Tax Expert,TTLA,Engagement,Re-Hire,N/A,26-Feb,0,0,0,0,0,0,0,0,0,0,3.982533,1
TTL Full Service Consumer,INTUIT,Tax Expert,TTLA,Phone,Re-Hire,60-90 days,26-Feb,0,0,0,0,30.49,31.81,0,0,0,0,0,0
TTL Full Service Consumer,INTUIT,Tax Expert,TTLA,Phone,Re-Hire,90-120 days,Before Season,0,0,0,0,0,0,0,0,103.466666,6,0,0
TTL Full Service Consumer,INTUIT,Tax Expert,TTLA,Phone,Re-Hire,30-60 days,26-Jan,0,0,0,0,15.01,15.47,0,0,0,0,0,0
TTL Full Service Consumer,INTUIT,Tax Expert,TTLA,Engagement,New Hire,120+ days,Before Season,0,0,0,0,0,0,2,29,0,0,0,0
TTL Full Service Consumer,INTUIT,Tax Expert,TTLA,Engagement,Re-Hire,N/A,Before Season,0,0,0,0,0,0,0,3,0,0,0,0
TTL Full Service Consumer,INTUIT,Tax Expert,TTLA,Phone,Re-Hire,< 30 days,26-Feb,0,0,0,0,15,16.72,0,0,246.083332,21,0,0
TTL Full Service Consumer,INTUIT,Tax Expert,TTLA,Engagement,Re-Hire,N/A,26-Jan,0,0,0,0,0,0,0,0,0,0,5.875911,3
TTL Full Service Consumer,INTUIT,Tax Specialist,TTLA,Phone,Re-Hire,90-120 days,26-Mar,8,9,1,1,722.24,840.91,0,0,5536.299999,320,0,0
TTL Full Service Consumer,INTUIT,Tax Specialist,TTLA,Phone,Re-Hire,60-90 days,26-Mar,-2,4,0,0,1761.33,2037.63,0,0,3515.150005,216,0,0
TTL Full Service Consumer,INTUIT,Tax Specialist,TTLA,Phone,New Hire,60-90 days,26-Mar,0,0,0,0,96.9,113.15,0,0,0,0,0,0
TTL Full Service Consumer,INTUIT,Tax Specialist,TTLA,Phone,New Hire,30-60 days,26-Mar,1,1,0,0,19329.34,22986.44,0,0,213.816667,12,0,0
TTL Full Service Consumer,INTUIT,Tax Specialist,TTLA,Phone,Re-Hire,30-60 days,26-Jan,0,0,0,0,225.14,243.49,0,0,0,0,0,0
TTL Full Service Consumer,INTUIT,Tax Specialist,TTLA,Phone,Re-Hire,30-60 days,26-Feb,0,0,0,0,5389.69,5942.41,0,0,0,0,0,0
TTL Full Service Consumer,INTUIT,Tax Specialist,TTLA,Phone,Re-Hire,< 30 days,26-Mar,0,0,0,0,733.19,910.36,0,0,0,0,0,0
TTL Full Service Consumer,INTUIT,Tax Specialist,TTLA,Phone,Re-Hire,120+ days,26-Feb,0,0,0,0,232.42,251.52,0,0,0,0,0,0
TTL Full Service Consumer,INTUIT,Tax Specialist,TTLA,Engagement,New Hire,30-60 days,26-Mar,0,0,0,0,0,0,2,2,0,0,0,0
TTL Full Service Consumer,INTUIT,Tax Specialist,TTLA,Phone,New Hire,< 30 days,26-Jan,0,0,0,0,12.19,13.68,0,0,0,0,0,0
TTL Full Service Consumer,INTUIT,Tax Specialist,TTLA,Phone,Re-Hire,120+ days,After Season,0,0,0,0,116.75,140.16,0,0,0,0,0,0
TTL Full Service Consumer,INTUIT,Tax Specialist,TTLA,Phone,Re-Hire,120+ days,26-Jan,0,0,0,0,15.65,16.69,0,0,0,0,0,0
TTL Full Service Consumer,INTUIT,Tax Specialist,TTLA,Phone,Re-Hire,< 30 days,Before Season,0,0,0,0,1506.97,1648.8,0,0,0,0,0,0
TTL Full Service Consumer,INTUIT,Tax Specialist,TTLA,Phone,Re-Hire,30-60 days,26-Mar,0,0,0,0,1895.9,2132.73,0,0,0,0,0,0
TTL Full Service Consumer,INTUIT,Tax Specialist,TTLA,Phone,Re-Hire,30-60 days,Before Season,0,0,0,0,5096.93,5603.76,0,0,0,0,0,0
TTL Full Service Consumer,INTUIT,Tax Specialist,TTLA,Phone,Re-Hire,90-120 days,26-Apr,0,0,0,0,257.75,302.76,0,0,0,0,0,0
TTL Full Service Consumer,INTUIT,Tax Specialist,TTLA,Phone,New Hire,60-90 days,26-Apr,0,0,0,0,144.44,168.93,0,0,0,0,0,0
TTL Full Service Consumer,INTUIT,Tax Specialist,TTLA,Phone,New Hire,90-120 days,26-Apr,0,0,0,0,33.3,39.36,0,0,0,0,0,0
TTL Full Service Consumer,INTUIT,Tax Specialist,TTLA,Engagement,Re-Hire,60-90 days,26-Mar,0,0,0,0,0,0,17,36,0,0,0,0
TTL Full Service Consumer,INTUIT,Tax Specialist,TTLA,Phone,New Hire,< 30 days,26-Mar,0,0,0,0,27382.26,32896.84,0,0,0,0,0,0
TTL Full Service Consumer,INTUIT,Tax Specialist,TTLA,Phone,Re-Hire,120+ days,26-Mar,0,0,0,0,85.89,95.88,0,0,0,0,0,0
TTL Full Service Consumer,INTUIT,Tax Specialist,TTLA,Phone,New Hire,< 30 days,26-Feb,0,0,0,0,7615.53,8410.61,0,0,0,0,0,0
TTL Full Service Consumer,INTUIT,Tax Specialist,TTLA,Phone,Re-Hire,60-90 days,26-Feb,0,0,0,0,993.48,1100.98,0,0,0,0,0,0
TTL Full Service Consumer,INTUIT,Tax Specialist,TTLA,Phone,New Hire,30-60 days,26-Feb,0,0,0,0,118.19,129.06,0,0,0,0,0,0
TTL Full Service Consumer,INTUIT,Tax Specialist,TTLA,Phone,New Hire,90-120 days,After Season,0,0,0,0,61.41,78.79,0,0,0,0,0,0
TTL Full Service Consumer,INTUIT,Tax Specialist,TTLA,Engagement,Re-Hire,N/A,Before Season,0,0,0,0,0,0,0,1,0,0,0,0
TTL Full Service Consumer,INTUIT,Tax Specialist,TTLA,Engagement,Re-Hire,90-120 days,26-Mar,0,0,0,0,0,0,34,55,0,0,0,0
TTL Full Service Consumer,INTUIT,Tax Specialist,TTLA,Phone,Re-Hire,60-90 days,After Season,0,0,0,0,14.5,18.03,0,0,0,0,0,0
TTL Full Service Consumer,INTUIT,Tax Specialist,TTLA,Phone,New Hire,30-60 days,26-Apr,0,0,0,0,161.98,204.26,0,0,0,0,0,0
TTL Full Service Consumer,INTUIT,Tax Specialist,TTLA,Phone,Re-Hire,120+ days,26-Apr,0,0,0,0,85.43,100.91,0,0,0,0,0,0
TTL Full Service Consumer,INTUIT,Tax Specialist,TTLA,Phone,Re-Hire,90-120 days,After Season,0,0,0,0,245.47,290.17,0,0,0,0,0,0
TTL Full Service Consumer,INTUIT,Tax Specialist,TTLA,Phone,Re-Hire,60-90 days,26-Apr,0,0,0,0,216.24,254.44,0,0,0,0,0,0
TTL Full Service Consumer,INTUIT,Tax Specialist,TTLA,Phone,New Hire,60-90 days,After Season,0,0,0,0,66.36,79.2,0,0,0,0,0,0
TTL Full Service Consumer,INTUIT,Tax Specialist,TTLA,Phone,New Hire,< 30 days,26-Apr,0,0,0,0,5.97,8.02,0,0,0,0,0,0
TTL Full Service Consumer,INTUIT,Tax Specialist,TTLA,Phone,New Hire,30-60 days,After Season,0,0,0,0,124.21,168.67,0,0,0,0,0,0
TTL Full Service Consumer,INTUIT,Tax Specialist,TTLA,Phone,Re-Hire,30-60 days,26-Apr,0,0,0,0,6.66,8.37,0,0,0,0,0,0
TTL Full Service Consumer,INTUIT,Tax Specialist,TTLA,Phone,Re-Hire,< 30 days,26-Feb,0,0,0,0,333.54,369.25,0,0,0,0,0,0
TTL Full Service Consumer,INTUIT,Tax Specialist,TTLA,Engagement,Re-Hire,N/A,After Season,0,0,0,0,0,0,0,0,0,0,6.415267,1
TTL Full Service Consumer,INTUIT,Tax Specialist,TTLA,Phone,Re-Hire,< 30 days,26-Jan,0,0,0,0,45.44,50.08,0,0,0,0,0,0
TTL Full Service Consumer,INTUIT,Tax Specialist,TTLA,Engagement,Re-Hire,N/A,26-Mar,0,0,0,0,0,0,0,0,0,0,120.932291,55
TTL Full Service Consumer,INTUIT,Tax Specialist,TTLA,Engagement,Re-Hire,N/A,26-Apr,0,0,0,0,0,0,0,0,0,0,31.747571,7
TTL Full Service Consumer,INTUIT,Tax Specialist,TTLA,Engagement,New Hire,N/A,26-Mar,0,0,0,0,0,0,0,0,0,0,10.059696,2
TTL Full Service Consumer,INTUIT,Tax Associate,UNKNOWN,Phone,Re-Hire,60-90 days,26-Feb,0,0,0,0,1.95,2.29,0,0,0,0,0,0
TTL Full Service Consumer,INTUIT,Tax Associate,UNKNOWN,Phone,New Hire,< 30 days,26-Mar,0,0,0,0,12.74,14.45,0,0,0,0,0,0
TTL Full Service Consumer,INTUIT,Tax Associate,UNKNOWN,Phone,New Hire,30-60 days,26-Mar,0,0,0,0,15.76,16.96,0,0,0,0,0,0
TTL Full Service Consumer,INTUIT,Tax Associate,UNKNOWN,Phone,New Hire,30-60 days,26-Apr,0,0,0,0,23.04,24.5,0,0,0,0,0,0
TTL Full Service Consumer,INTUIT,Tax Associate,UNKNOWN,Phone,New Hire,30-60 days,After Season,0,0,0,0,0.67,0.71,0,0,0,0,0,0
TTL Full Service Consumer,INTUIT,Tax Associate,UNKNOWN,Phone,Re-Hire,30-60 days,26-Feb,0,0,0,0,1.24,1.32,0,0,0,0,0,0
TTL Full Service Consumer,INTUIT,Tax Expert,UNKNOWN,Phone,Re-Hire,120+ days,26-Apr,0,0,0,0,10.37,11.44,0,0,0,0,0,0
TTL Full Service Consumer,INTUIT,Tax Expert,UNKNOWN,Phone,Re-Hire,30-60 days,Before Season,0,0,0,0,0.15,0.61,0,0,0,0,0,0
TTL Full Service Consumer,INTUIT,Tax Expert,UNKNOWN,Phone,Re-Hire,120+ days,After Season,0,0,0,0,3.03,3.47,0,0,0,0,0,0
TTL Full Service Consumer,INTUIT,Tax Expert,UNKNOWN,Phone,Re-Hire,120+ days,26-Feb,0,0,0,0,0.35,0.57,0,0,0,0,0,0
TTL Full Service Consumer,INTUIT,Tax Expert,UNKNOWN,Phone,Re-Hire,90-120 days,26-Mar,0,0,0,0,0.67,0.71,0,0,0,0,0,0
TTL Full Service Consumer,INTUIT,Tax Expert,UNKNOWN,Phone,Re-Hire,60-90 days,26-Mar,0,0,0,0,2.2,2.34,0,0,0,0,0,0
TTL Full Service Consumer,INTUIT,Tax Specialist,UNKNOWN,Phone,New Hire,< 30 days,26-Mar,0,0,0,0,1.14,1.18,0,0,0,0,0,0
TTL Full Service Consumer,INTUIT,Tax Associate,Unknown,Engagement,Re-Hire,N/A,Before Season,0,0,0,0,0,0,0,1,0,0,0,0
TTL Full Service Consumer,INTUIT,Tax Associate,Unknown,Engagement,New Hire,< 30 days,26-Mar,0,0,0,0,0,0,3,3,0,0,0,0
TTL Full Service Consumer,INTUIT,Tax Associate,Unknown,Engagement,New Hire,N/A,26-Feb,0,0,0,0,0,0,2,3,0,0,0,0
TTL Full Service Consumer,INTUIT,Tax Associate,Unknown,Engagement,New Hire,30-60 days,26-Mar,0,0,0,0,0,0,4,4,0,0,0,0
TTL Full Service Consumer,INTUIT,Tax Associate,Unknown,Engagement,Re-Hire,N/A,26-Mar,0,0,0,0,0,0,1,1,0,0,0,0
TTL Full Service Consumer,INTUIT,Tax Associate,Unknown,Engagement,New Hire,30-60 days,26-Apr,0,0,0,0,0,0,11,15,0,0,0,0
TTL Full Service Consumer,INTUIT,Tax Expert,Unknown,Engagement,New Hire,N/A,26-Feb,0,0,0,0,0,0,0,1,0,0,0,0
TTL Full Service Consumer,INTUIT,Tax Expert,Unknown,Engagement,Re-Hire,120+ days,26-Apr,0,0,0,0,0,0,6,7,0,0,0,0
TTL Full Service Consumer,INTUIT,Tax Expert,Unknown,Engagement,New Hire,N/A,Before Season,0,0,0,0,0,0,1,1,0,0,0,0
TTL Full Service Consumer,INTUIT,Tax Specialist,Unknown,Engagement,New Hire,N/A,Before Season,0,0,0,0,0,0,0,1,0,0,0,0
TTL Full Service Consumer,INTUIT,Tax Specialist,Unknown,Engagement,New Hire,N/A,26-Feb,0,0,0,0,0,0,2,2,0,0,0,0
TTL Full Service Consumer,JDA,Tax Associate,OTHER,Phone,Re-Hire,< 30 days,26-Mar,0,0,0,0,8.24,11,0,0,354.266666,17,0,0
TTL Full Service Consumer,JDA,Tax Associate,OTHER,Phone,Re-Hire,90-120 days,26-Mar,0,0,0,0,27.6,33.67,0,0,1067.499999,47,0,0
TTL Full Service Consumer,JDA,Tax Associate,OTHER,Phone,New Hire,30-60 days,26-Mar,0,3,2,2,158.59,211.54,0,0,7985.366667,370,0,0
TTL Full Service Consumer,JDA,Tax Associate,OTHER,Phone,New Hire,< 30 days,26-Feb,1,1,0,0,18.7,24.88,0,0,1260.349999,61,0,0
TTL Full Service Consumer,JDA,Tax Associate,OTHER,Phone,New Hire,60-90 days,26-Apr,0,0,0,0,0.57,0.61,0,0,76.299999,9,0,0
TTL Full Service Consumer,JDA,Tax Associate,OTHER,Phone,New Hire,30-60 days,26-Feb,0,0,0,0,42.07,58.71,0,0,1604.900003,95,0,0
TTL Full Service Consumer,JDA,Tax Associate,OTHER,Phone,New Hire,60-90 days,26-Mar,2,2,2,2,125.02,174.13,0,0,4483.599995,264,0,0
TTL Full Service Consumer,JDA,Tax Associate,OTHER,Phone,Re-Hire,< 30 days,26-Feb,0,0,0,0,2.24,3.08,0,0,61.7,4,0,0
TTL Full Service Consumer,JDA,Tax Associate,OTHER,Phone,Re-Hire,30-60 days,26-Feb,0,0,0,0,6.87,8.1,0,0,369.599999,14,0,0
TTL Full Service Consumer,JDA,Tax Associate,OTHER,Phone,New Hire,30-60 days,26-Apr,0,0,0,0,1.93,3.5,0,0,76.45,5,0,0
TTL Full Service Consumer,JDA,Tax Associate,OTHER,Engagement,New Hire,< 30 days,Before Season,0,0,0,0,0,0,0,1,0,0,0,0
TTL Full Service Consumer,JDA,Tax Associate,OTHER,Phone,Re-Hire,30-60 days,26-Mar,0,0,0,0,17.7,25.37,0,0,525.333333,33,0,0
TTL Full Service Consumer,JDA,Tax Associate,OTHER,Engagement,New Hire,30-60 days,26-Feb,0,0,0,0,0,0,1,2,0,0,0,0
TTL Full Service Consumer,JDA,Tax Associate,OTHER,Phone,Re-Hire,90-120 days,26-Apr,0,0,0,0,1.94,2.64,0,0,42.616667,4,0,0
TTL Full Service Consumer,JDA,Tax Associate,OTHER,Engagement,New Hire,< 30 days,26-Mar,0,0,0,0,0,0,1,1,0,0,0,0
TTL Full Service Consumer,JDA,Tax Associate,OTHER,Phone,New Hire,90-120 days,26-Apr,1,1,0,0,3.97,4.71,0,0,320.383333,7,0,0
TTL Full Service Consumer,JDA,Tax Associate,OTHER,Phone,New Hire,90-120 days,26-Feb,0,0,0,0,0.2,0.2,0,0,0,0,0,0
TTL Full Service Consumer,JDA,Tax Associate,OTHER,Phone,Re-Hire,60-90 days,26-Feb,0,0,0,0,12.34,14.77,0,0,616.416666,28,0,0
TTL Full Service Consumer,JDA,Tax Associate,OTHER,Engagement,Re-Hire,N/A,26-Mar,0,0,0,0,0,0,0,0,0,0,41.619471,16
TTL Full Service Consumer,JDA,Tax Associate,OTHER,Phone,New Hire,< 30 days,26-Mar,1,1,0,0,25.72,33.46,0,0,3802.283331,67,0,0
TTL Full Service Consumer,JDA,Tax Associate,OTHER,Engagement,New Hire,N/A,26-Apr,0,0,0,0,0,0,0,0,0,0,9.828456,2
TTL Full Service Consumer,JDA,Tax Associate,OTHER,Phone,Re-Hire,60-90 days,26-Mar,0,0,0,0,44.28,54.82,0,0,1191.283331,78,0,0
TTL Full Service Consumer,JDA,Tax Associate,OTHER,Engagement,Re-Hire,N/A,Before Season,0,0,0,0,0,0,0,0,0,0,1.296188,1
TTL Full Service Consumer,JDA,Tax Associate,OTHER,Engagement,Re-Hire,30-60 days,26-Feb,0,0,0,0,0,0,1,1,0,0,0,0
TTL Full Service Consumer,JDA,Tax Associate,OTHER,Engagement,New Hire,N/A,26-Mar,0,0,0,0,0,0,0,0,0,0,54.173956,11
TTL Full Service Consumer,JDA,Tax Associate,OTHER,Phone,Re-Hire,60-90 days,26-Apr,0,0,0,0,0.2,0.24,0,0,0,0,0,0
TTL Full Service Consumer,JDA,Tax Associate,OTHER,Engagement,New Hire,< 30 days,26-Jan,0,0,0,0,0,0,1,1,0,0,0,0
TTL Full Service Consumer,JDA,Tax Associate,OTHER,Engagement,Re-Hire,N/A,26-Jan,0,0,0,0,0,0,0,0,0,0,18.496693,13
TTL Full Service Consumer,JDA,Tax Associate,OTHER,Engagement,Re-Hire,N/A,26-Apr,0,0,0,0,0,0,0,0,0,0,19.543594,8
TTL Full Service Consumer,JDA,Tax Associate,OTHER,Engagement,Re-Hire,N/A,26-Feb,0,0,0,0,0,0,0,0,0,0,19.078532,13
TTL Full Service Consumer,JDA,Tax Associate,OTHER,Engagement,New Hire,N/A,26-Feb,0,0,0,0,0,0,0,0,0,0,3.346203,3
TTL Full Service Consumer,JDA,Tax Expert,OTHER,Phone,Re-Hire,< 30 days,26-Feb,0,0,0,0,0.83,1.93,0,0,39.866666,3,0,0
TTL Full Service Consumer,JDA,Tax Expert,OTHER,Phone,New Hire,60-90 days,26-Apr,0,0,0,0,0.22,0.61,0,0,21.35,1,0,0
TTL Full Service Consumer,JDA,Tax Expert,OTHER,Phone,New Hire,90-120 days,26-Apr,0,0,0,0,0.4,1.05,0,0,17.783333,1,0,0
TTL Full Service Consumer,JDA,Tax Expert,OTHER,Phone,New Hire,60-90 days,26-Mar,0,1,1,1,39.31,53.65,0,0,1265.716668,78,0,0
TTL Full Service Consumer,JDA,Tax Expert,OTHER,Phone,Re-Hire,30-60 days,26-Mar,0,0,0,0,11.34,16.36,0,0,232.633333,17,0,0
TTL Full Service Consumer,JDA,Tax Expert,OTHER,Phone,Re-Hire,60-90 days,26-Mar,0,0,0,0,20.48,27.4,0,0,497.316667,39,0,0
TTL Full Service Consumer,JDA,Tax Expert,OTHER,Phone,Re-Hire,60-90 days,26-Feb,0,0,0,0,4.14,5.9,0,0,285.433333,12,0,0
TTL Full Service Consumer,JDA,Tax Expert,OTHER,Phone,Re-Hire,< 30 days,26-Mar,0,0,0,0,2.61,5.4,0,0,73.066666,6,0,0
TTL Full Service Consumer,JDA,Tax Expert,OTHER,Phone,Re-Hire,30-60 days,26-Feb,0,0,0,0,4.92,7.16,0,0,148.866668,12,0,0
TTL Full Service Consumer,JDA,Tax Expert,OTHER,Engagement,New Hire,< 30 days,Before Season,0,0,0,0,0,0,1,1,0,0,0,0
TTL Full Service Consumer,JDA,Tax Expert,OTHER,Phone,New Hire,< 30 days,26-Mar,0,0,0,0,9.24,13.57,0,0,374.6,18,0,0
TTL Full Service Consumer,JDA,Tax Expert,OTHER,Engagement,New Hire,30-60 days,26-Feb,0,0,0,0,0,0,1,1,0,0,0,0
TTL Full Service Consumer,JDA,Tax Expert,OTHER,Phone,New Hire,< 30 days,26-Feb,0,0,0,0,3.33,4.67,0,0,115.500001,8,0,0
TTL Full Service Consumer,JDA,Tax Expert,OTHER,Engagement,Re-Hire,60-90 days,26-Mar,0,0,0,0,0,0,1,2,0,0,0,0
TTL Full Service Consumer,JDA,Tax Expert,OTHER,Phone,New Hire,30-60 days,26-Feb,0,0,0,0,8.69,11.41,0,0,259.083334,18,0,0
TTL Full Service Consumer,JDA,Tax Expert,OTHER,Phone,Re-Hire,30-60 days,Before Season,0,0,0,0,0.89,0.89,0,0,8.616667,1,0,0
TTL Full Service Consumer,JDA,Tax Expert,OTHER,Phone,Re-Hire,90-120 days,26-Apr,0,0,0,0,1.3,1.62,0,0,24.766667,2,0,0
TTL Full Service Consumer,JDA,Tax Expert,OTHER,Engagement,Re-Hire,N/A,26-Feb,0,0,0,0,0,0,0,0,0,0,50.580251,16
TTL Full Service Consumer,JDA,Tax Expert,OTHER,Phone,New Hire,30-60 days,26-Mar,0,0,0,0,29.72,43.02,0,0,830.949998,60,0,0
TTL Full Service Consumer,JDA,Tax Expert,OTHER,Engagement,Re-Hire,N/A,26-Jan,0,0,0,0,0,0,0,0,0,0,8.841055,4
TTL Full Service Consumer,JDA,Tax Expert,OTHER,Phone,Re-Hire,90-120 days,26-Mar,0,0,0,0,6.68,10.3,0,0,194.233333,15,0,0
TTL Full Service Consumer,JDA,Tax Expert,OTHER,Engagement,Re-Hire,30-60 days,Before Season,0,0,0,0,0,0,0,1,0,0,0,0
TTL Full Service Consumer,JDA,Tax Expert,OTHER,Engagement,Re-Hire,30-60 days,26-Feb,0,0,0,0,0,0,1,1,0,0,0,0
TTL Full Service Consumer,JDA,Tax Expert,OTHER,Phone,New Hire,< 30 days,26-Apr,0,0,0,0,0.2,0.34,0,0,0,0,0,0
TTL Full Service Consumer,JDA,Tax Expert,OTHER,Engagement,Re-Hire,N/A,26-Mar,0,0,0,0,0,0,0,0,0,0,8.883517,4
TTL Full Service Consumer,JDA,Tax Expert,OTHER,Engagement,Re-Hire,N/A,26-Apr,0,0,0,0,0,0,0,0,0,0,15.387221,1
TTL Full Service Consumer,JDA,Tax Associate,PL1,Phone,New Hire,30-60 days,26-Apr,19,45,0,0,644.57,832.73,0,0,60541.3,1942,0,0
TTL Full Service Consumer,JDA,Tax Associate,PL1,Phone,New Hire,30-60 days,26-Mar,68,96,7,8,2104.9,2685.37,0,0,109699.4833,4559,0,0
TTL Full Service Consumer,JDA,Tax Associate,PL1,Phone,New Hire,90-120 days,26-Apr,23,36,0,0,544.31,670.51,0,0,64700.95003,1657,0,0
TTL Full Service Consumer,JDA,Tax Associate,PL1,Phone,New Hire,< 30 days,26-Apr,51,87,0,0,887.86,1076.46,0,0,84902.90001,2228,0,0
TTL Full Service Consumer,JDA,Tax Associate,PL1,Phone,New Hire,< 30 days,26-Feb,193,240,0,0,1859.28,2128.95,0,0,166529.55,4511,0,0
TTL Full Service Consumer,JDA,Tax Associate,PL1,Phone,Re-Hire,< 30 days,26-Feb,16,20,0,0,123.46,137.59,0,0,8307.816675,302,0,0
TTL Full Service Consumer,JDA,Tax Associate,PL1,Phone,Re-Hire,60-90 days,26-Feb,65,76,0,0,440.41,488.93,0,0,37780.86666,1110,0,0
TTL Full Service Consumer,JDA,Tax Associate,PL1,Phone,Re-Hire,90-120 days,26-Apr,5,9,0,0,128.55,150.5,0,0,14972.46667,339,0,0
TTL Full Service Consumer,JDA,Tax Associate,PL1,Phone,New Hire,< 30 days,26-Mar,12,32,3,3,638.86,823.24,0,0,39691.83334,1446,0,0
TTL Full Service Consumer,JDA,Tax Associate,PL1,Phone,Re-Hire,90-120 days,26-Mar,3,3,0,0,56.16,71.84,0,0,3969.433329,132,0,0
TTL Full Service Consumer,JDA,Tax Associate,PL1,Phone,Re-Hire,60-90 days,26-Mar,19,21,0,0,393.49,499.83,0,0,25438.14999,856,0,0
TTL Full Service Consumer,JDA,Tax Associate,PL1,Phone,New Hire,60-90 days,26-Apr,22,39,0,0,606.35,736.7,0,0,61606.90001,1676,0,0
TTL Full Service Consumer,JDA,Tax Associate,PL1,Phone,Re-Hire,30-60 days,26-Feb,109,122,0,0,855.21,959.17,0,0,105713.8333,2133,0,0
TTL Full Service Consumer,JDA,Tax Associate,PL1,Phone,Re-Hire,< 30 days,26-Mar,-1,1,0,0,71.83,94.25,0,0,3307.83333,150,0,0
TTL Full Service Consumer,JDA,Tax Associate,PL1,Phone,Re-Hire,30-60 days,26-Mar,4,8,0,0,146.3,186.08,0,0,8545.700001,312,0,0
TTL Full Service Consumer,JDA,Tax Associate,PL1,Phone,New Hire,60-90 days,26-Mar,24,25,1,1,1144.82,1451.07,0,0,58474.63332,2535,0,0
TTL Full Service Consumer,JDA,Tax Associate,PL1,Phone,Re-Hire,120+ days,26-Apr,3,3,0,0,33.86,39.91,0,0,7138.366668,94,0,0
TTL Full Service Consumer,JDA,Tax Associate,PL1,Phone,New Hire,30-60 days,26-Feb,476,571,0,0,4682.44,5215.96,0,0,345916.55,11062,0,0
TTL Full Service Consumer,JDA,Tax Associate,PL1,Phone,Re-Hire,60-90 days,26-Apr,4,6,0,0,44.88,53.8,0,0,3140.583332,111,0,0
TTL Full Service Consumer,JDA,Tax Associate,PL1,Phone,Re-Hire,< 30 days,Before Season,36,42,0,0,168.23,189.5,0,0,21668.8,426,0,0
TTL Full Service Consumer,JDA,Tax Associate,PL1,Phone,Re-Hire,< 30 days,26-Apr,5,5,0,0,44.65,58.16,0,0,4471.316664,121,0,0
TTL Full Service Consumer,JDA,Tax Associate,PL1,Engagement,Re-Hire,120+ days,26-Apr,0,0,0,0,0,0,35,52,0,0,0,0
TTL Full Service Consumer,JDA,Tax Associate,PL1,Phone,Re-Hire,30-60 days,26-Apr,3,12,0,0,168.27,211.13,0,0,12418.19999,542,0,0
TTL Full Service Consumer,JDA,Tax Associate,PL1,Phone,New Hire,30-60 days,After Season,0,0,0,0,67.16,90.36,0,0,0,0,0,0
TTL Full Service Consumer,JDA,Tax Associate,PL1,Phone,Re-Hire,< 30 days,After Season,0,0,0,0,5.99,8.63,0,0,0,0,0,0
TTL Full Service Consumer,JDA,Tax Associate,PL1,Engagement,Re-Hire,< 30 days,26-Jan,0,0,0,0,0,0,174,309,0,0,0,0
TTL Full Service Consumer,JDA,Tax Associate,PL1,Engagement,New Hire,N/A,26-Mar,0,0,0,0,0,0,0,1,0,0,6297.68667,1986
TTL Full Service Consumer,JDA,Tax Associate,PL1,Phone,New Hire,< 30 days,After Season,0,0,0,0,88.39,110.02,0,0,0,0,0,0
TTL Full Service Consumer,JDA,Tax Associate,PL1,Engagement,New Hire,N/A,26-Feb,0,0,0,0,0,0,3,4,0,0,15287.63298,7258
TTL Full Service Consumer,JDA,Tax Associate,PL1,Engagement,Re-Hire,30-60 days,Before Season,0,0,0,0,0,0,562,971,0,0,0,0
TTL Full Service Consumer,JDA,Tax Associate,PL1,Engagement,New Hire,< 30 days,26-Mar,0,0,0,0,0,0,204,338,0,0,0,0
TTL Full Service Consumer,JDA,Tax Associate,PL1,Engagement,New Hire,< 30 days,26-Feb,0,0,0,0,0,0,1722,2689,0,0,0,0
TTL Full Service Consumer,JDA,Tax Associate,PL1,Engagement,New Hire,N/A,Before Season,0,0,0,0,0,0,5,6,0,0,142.868921,77
TTL Full Service Consumer,JDA,Tax Associate,PL1,Engagement,Re-Hire,N/A,Before Season,0,0,0,0,0,0,0,2,0,0,230.536008,161
TTL Full Service Consumer,JDA,Tax Associate,PL1,Engagement,Re-Hire,< 30 days,26-Feb,0,0,0,0,0,0,92,172,0,0,0,0
TTL Full Service Consumer,JDA,Tax Associate,PL1,Phone,New Hire,30-60 days,26-Jan,0,0,0,0,0,0,0,0,1757.933332,52,0,0
TTL Full Service Consumer,JDA,Tax Associate,PL1,Engagement,Re-Hire,60-90 days,26-Apr,0,0,0,0,0,0,46,74,0,0,0,0
TTL Full Service Consumer,JDA,Tax Associate,PL1,Engagement,New Hire,60-90 days,26-Apr,0,0,0,0,0,0,516,935,0,0,0,0
TTL Full Service Consumer,JDA,Tax Associate,PL1,Phone,Re-Hire,90-120 days,After Season,0,0,0,0,20.17,23.97,0,0,0,0,0,0
TTL Full Service Consumer,JDA,Tax Associate,PL1,Engagement,New Hire,90-120 days,26-Apr,0,0,0,0,0,0,518,915,0,0,0,0
TTL Full Service Consumer,JDA,Tax Associate,PL1,Engagement,New Hire,< 30 days,26-Apr,0,0,0,0,0,0,855,1440,0,0,0,0
TTL Full Service Consumer,JDA,Tax Associate,PL1,Engagement,Re-Hire,30-60 days,26-Jan,0,0,0,0,0,0,220,331,0,0,0,0
TTL Full Service Consumer,JDA,Tax Associate,PL1,Engagement,Re-Hire,< 30 days,26-Mar,0,0,0,0,0,0,18,30,0,0,0,0
TTL Full Service Consumer,JDA,Tax Associate,PL1,Phone,Re-Hire,< 30 days,26-Jan,12,17,0,0,177.86,204.74,0,0,19369.10001,477,0,0
TTL Full Service Consumer,JDA,Tax Associate,PL1,Phone,New Hire,< 30 days,26-Jan,165,214,0,0,1493.19,1652.55,0,0,149132.4,3686,0,0
TTL Full Service Consumer,JDA,Tax Associate,PL1,Engagement,New Hire,30-60 days,26-Mar,0,0,0,0,0,0,799,1130,0,0,0,0
TTL Full Service Consumer,JDA,Tax Associate,PL1,Phone,Re-Hire,30-60 days,26-Jan,21,26,0,0,205.76,220.26,0,0,18850.93333,525,0,0
TTL Full Service Consumer,JDA,Tax Associate,PL1,Engagement,Re-Hire,30-60 days,26-Apr,0,0,0,0,0,0,115,230,0,0,0,0
TTL Full Service Consumer,JDA,Tax Associate,PL1,Engagement,New Hire,N/A,26-Jan,0,0,0,0,0,0,3,5,0,0,3104.34042,1647
TTL Full Service Consumer,JDA,Tax Associate,PL1,Engagement,Re-Hire,< 30 days,26-Apr,0,0,0,0,0,0,30,71,0,0,0,0
TTL Full Service Consumer,JDA,Tax Associate,PL1,Engagement,New Hire,30-60 days,26-Feb,0,0,0,0,0,0,4598,6500,0,0,0,0
TTL Full Service Consumer,JDA,Tax Associate,PL1,Engagement,New Hire,30-60 days,26-Apr,0,0,0,0,0,0,502,936,0,0,0,0
TTL Full Service Consumer,JDA,Tax Associate,PL1,Engagement,New Hire,< 30 days,Before Season,0,0,0,0,0,0,955,1682,0,0,0,0
TTL Full Service Consumer,JDA,Tax Associate,PL1,Phone,New Hire,< 30 days,Before Season,107,127,0,0,963.56,1065.71,0,0,92162.76666,2458,0,0
TTL Full Service Consumer,JDA,Tax Associate,PL1,Engagement,Re-Hire,60-90 days,26-Feb,0,0,0,0,0,0,458,620,0,0,0,0
TTL Full Service Consumer,JDA,Tax Associate,PL1,Phone,New Hire,90-120 days,After Season,0,0,0,0,55.22,69.43,0,0,0,0,0,0
TTL Full Service Consumer,JDA,Tax Associate,PL1,Phone,New Hire,60-90 days,After Season,0,0,0,0,67.5,86.11,0,0,0,0,0,0
TTL Full Service Consumer,JDA,Tax Associate,PL1,Phone,Re-Hire,60-90 days,After Season,0,0,0,0,11.34,14.08,0,0,0,0,0,0
TTL Full Service Consumer,JDA,Tax Associate,PL1,Engagement,Re-Hire,30-60 days,26-Mar,0,0,0,0,0,0,41,74,0,0,0,0
TTL Full Service Consumer,JDA,Tax Associate,PL1,Engagement,Re-Hire,90-120 days,26-Mar,0,0,0,0,0,0,13,19,0,0,0,0
TTL Full Service Consumer,JDA,Tax Associate,PL1,Phone,Re-Hire,120+ days,After Season,0,0,0,0,7.49,8.34,0,0,0,0,0,0
TTL Full Service Consumer,JDA,Tax Associate,PL1,Engagement,Re-Hire,90-120 days,26-Apr,0,0,0,0,0,0,129,205,0,0,0,0
TTL Full Service Consumer,JDA,Tax Associate,PL1,Engagement,Re-Hire,30-60 days,26-Feb,0,0,0,0,0,0,886,1354,0,0,0,0
TTL Full Service Consumer,JDA,Tax Associate,PL1,Engagement,New Hire,< 30 days,26-Jan,0,0,0,0,0,0,1503,2489,0,0,0,0
TTL Full Service Consumer,JDA,Tax Associate,PL1,Phone,Re-Hire,30-60 days,Before Season,76,79,0,0,607.53,654.65,0,0,55289.83333,1553,0,0
TTL Full Service Consumer,JDA,Tax Associate,PL1,Engagement,New Hire,60-90 days,26-Mar,0,0,0,0,0,0,386,549,0,0,0,0
TTL Full Service Consumer,JDA,Tax Associate,PL1,Engagement,Re-Hire,60-90 days,26-Mar,0,0,0,0,0,0,159,216,0,0,0,0
TTL Full Service Consumer,JDA,Tax Associate,PL1,Engagement,Re-Hire,< 30 days,Before Season,0,0,0,0,0,0,168,289,0,0,0,0
TTL Full Service Consumer,JDA,Tax Associate,PL1,Engagement,New Hire,N/A,After Season,0,0,0,0,0,0,0,0,0,0,772.116428,409
TTL Full Service Consumer,JDA,Tax Associate,PL1,Phone,Re-Hire,30-60 days,After Season,0,0,0,0,13.25,20.61,0,0,0,0,0,0
TTL Full Service Consumer,JDA,Tax Associate,PL1,Engagement,Re-Hire,N/A,26-Feb,0,0,0,0,0,0,0,0,0,0,5919.510113,2888
TTL Full Service Consumer,JDA,Tax Associate,PL1,Engagement,Re-Hire,N/A,26-Apr,0,0,0,0,0,0,0,0,0,0,3566.222564,2016
TTL Full Service Consumer,JDA,Tax Associate,PL1,Engagement,Re-Hire,N/A,26-Mar,0,0,0,0,0,0,0,0,0,0,2753.764352,1028
TTL Full Service Consumer,JDA,Tax Associate,PL1,Phone,Re-Hire,120+ days,Before Season,4,4,0,0,0,0,0,0,1545.333337,113,0,0
TTL Full Service Consumer,JDA,Tax Associate,PL1,Engagement,New Hire,N/A,26-Apr,0,0,0,0,0,0,0,0,0,0,5330.497239,2700
TTL Full Service Consumer,JDA,Tax Associate,PL1,Engagement,Re-Hire,N/A,26-Jan,0,0,0,0,0,0,0,0,0,0,1701.137326,982
TTL Full Service Consumer,JDA,Tax Associate,PL1,Engagement,Re-Hire,N/A,After Season,0,0,0,0,0,0,0,0,0,0,191.986269,110
TTL Full Service Consumer,JDA,Tax Associate,PL1,Phone,New Hire,120+ days,Before Season,2,2,0,0,0,0,0,0,3294.483332,277,0,0
TTL Full Service Consumer,JDA,Tax Expert,PL1,Phone,Re-Hire,120+ days,26-Apr,0,0,0,0,10.01,11.35,0,0,1884.666667,20,0,0
TTL Full Service Consumer,JDA,Tax Expert,PL1,Phone,New Hire,60-90 days,26-Apr,5,5,0,0,99.88,117.16,0,0,10099.65,268,0,0
TTL Full Service Consumer,JDA,Tax Expert,PL1,Phone,Re-Hire,90-120 days,26-Apr,-1,1,0,0,17.04,20.54,0,0,816.15,38,0,0
TTL Full Service Consumer,JDA,Tax Expert,PL1,Phone,New Hire,60-90 days,26-Mar,1,3,0,0,175.82,232.38,0,0,7372.383322,398,0,0
TTL Full Service Consumer,JDA,Tax Expert,PL1,Phone,New Hire,< 30 days,26-Feb,17,29,0,0,209.13,238.81,0,0,21069.93333,511,0,0
TTL Full Service Consumer,JDA,Tax Expert,PL1,Phone,New Hire,30-60 days,26-Feb,41,58,0,0,613.92,694.6,0,0,49953.03334,1498,0,0
TTL Full Service Consumer,JDA,Tax Expert,PL1,Phone,New Hire,30-60 days,26-Mar,10,16,2,2,239.28,315.89,0,0,12460.65,524,0,0
TTL Full Service Consumer,JDA,Tax Expert,PL1,Phone,Re-Hire,< 30 days,26-Feb,3,3,0,0,9.3,9.97,0,0,3214.266666,37,0,0
TTL Full Service Consumer,JDA,Tax Expert,PL1,Phone,New Hire,90-120 days,After Season,0,0,0,0,3.16,3.6,0,0,0,0,0,0
TTL Full Service Consumer,JDA,Tax Expert,PL1,Phone,New Hire,< 30 days,26-Mar,0,0,0,0,62.48,79,0,0,2728.666674,144,0,0
TTL Full Service Consumer,JDA,Tax Expert,PL1,Engagement,Re-Hire,120+ days,26-Apr,0,0,0,0,0,0,9,14,0,0,0,0
TTL Full Service Consumer,JDA,Tax Expert,PL1,Phone,Re-Hire,60-90 days,26-Mar,1,1,0,0,58.19,74.56,0,0,2482.299999,120,0,0
TTL Full Service Consumer,JDA,Tax Expert,PL1,Engagement,Re-Hire,60-90 days,26-Apr,0,0,0,0,0,0,1,4,0,0,0,0
TTL Full Service Consumer,JDA,Tax Expert,PL1,Phone,Re-Hire,< 30 days,26-Mar,-1,1,0,0,4.24,6.2,0,0,177.333334,11,0,0
TTL Full Service Consumer,JDA,Tax Expert,PL1,Engagement,Re-Hire,60-90 days,26-Feb,0,0,0,0,0,0,69,101,0,0,0,0
TTL Full Service Consumer,JDA,Tax Expert,PL1,Phone,New Hire,30-60 days,26-Apr,5,5,0,0,34.84,43.5,0,0,4254.499997,96,0,0
TTL Full Service Consumer,JDA,Tax Expert,PL1,Engagement,Re-Hire,30-60 days,26-Mar,0,0,0,0,0,0,20,23,0,0,0,0
TTL Full Service Consumer,JDA,Tax Expert,PL1,Phone,Re-Hire,90-120 days,26-Mar,0,0,0,0,7.05,8.52,0,0,254.450001,13,0,0
TTL Full Service Consumer,JDA,Tax Expert,PL1,Engagement,Re-Hire,90-120 days,26-Mar,0,0,0,0,0,0,2,2,0,0,0,0
TTL Full Service Consumer,JDA,Tax Expert,PL1,Phone,New Hire,< 30 days,26-Apr,1,1,0,0,55.33,67.49,0,0,2416.083332,142,0,0
TTL Full Service Consumer,JDA,Tax Expert,PL1,Engagement,Re-Hire,90-120 days,26-Apr,0,0,0,0,0,0,8,24,0,0,0,0
TTL Full Service Consumer,JDA,Tax Expert,PL1,Phone,New Hire,90-120 days,26-Apr,1,3,0,0,95.09,118.67,0,0,3867.699995,258,0,0
TTL Full Service Consumer,JDA,Tax Expert,PL1,Phone,New Hire,60-90 days,After Season,0,0,0,0,9.82,10.68,0,0,0,0,0,0
TTL Full Service Consumer,JDA,Tax Expert,PL1,Phone,Re-Hire,60-90 days,26-Apr,0,0,0,0,5.28,6.12,0,0,1638.616664,59,0,0
TTL Full Service Consumer,JDA,Tax Expert,PL1,Phone,Re-Hire,< 30 days,26-Jan,2,4,0,0,18.78,20.23,0,0,5559.399998,47,0,0
TTL Full Service Consumer,JDA,Tax Expert,PL1,Phone,Re-Hire,30-60 days,26-Mar,1,1,0,0,29.65,36.73,0,0,3694.150001,71,0,0
TTL Full Service Consumer,JDA,Tax Expert,PL1,Engagement,New Hire,< 30 days,26-Jan,0,0,0,0,0,0,244,410,0,0,0,0
TTL Full Service Consumer,JDA,Tax Expert,PL1,Phone,Re-Hire,30-60 days,26-Feb,4,10,1,1,132.72,146.95,0,0,13253.1,308,0,0
TTL Full Service Consumer,JDA,Tax Expert,PL1,Engagement,Re-Hire,60-90 days,26-Mar,0,0,0,0,0,0,22,31,0,0,0,0
TTL Full Service Consumer,JDA,Tax Expert,PL1,Phone,Re-Hire,60-90 days,26-Feb,3,3,0,0,76.69,87.99,0,0,3174.116667,182,0,0
TTL Full Service Consumer,JDA,Tax Expert,PL1,Phone,New Hire,< 30 days,After Season,0,0,0,0,6.55,8.14,0,0,0,0,0,0
TTL Full Service Consumer,JDA,Tax Expert,PL1,Phone,New Hire,< 30 days,26-Jan,17,22,0,0,232.51,266.88,0,0,31045.33334,619,0,0
TTL Full Service Consumer,JDA,Tax Expert,PL1,Engagement,New Hire,60-90 days,26-Mar,0,0,0,0,0,0,62,98,0,0,0,0
TTL Full Service Consumer,JDA,Tax Expert,PL1,Engagement,Re-Hire,< 30 days,26-Jan,0,0,0,0,0,0,17,28,0,0,0,0
TTL Full Service Consumer,JDA,Tax Expert,PL1,Engagement,New Hire,< 30 days,Before Season,0,0,0,0,0,0,131,252,0,0,0,0
TTL Full Service Consumer,JDA,Tax Expert,PL1,Engagement,Re-Hire,30-60 days,Before Season,0,0,0,0,0,0,58,99,0,0,0,0
TTL Full Service Consumer,JDA,Tax Expert,PL1,Engagement,New Hire,< 30 days,26-Feb,0,0,0,0,0,0,217,340,0,0,0,0
TTL Full Service Consumer,JDA,Tax Expert,PL1,Engagement,New Hire,90-120 days,26-Apr,0,0,0,0,0,0,103,189,0,0,0,0
TTL Full Service Consumer,JDA,Tax Expert,PL1,Engagement,Re-Hire,30-60 days,26-Jan,0,0,0,0,0,0,46,65,0,0,0,0
TTL Full Service Consumer,JDA,Tax Expert,PL1,Phone,Re-Hire,30-60 days,26-Jan,1,2,0,0,38.89,41.91,0,0,1628.749994,86,0,0
TTL Full Service Consumer,JDA,Tax Expert,PL1,Phone,New Hire,< 30 days,Before Season,12,17,0,0,140.89,157.8,0,0,14608.26666,366,0,0
TTL Full Service Consumer,JDA,Tax Expert,PL1,Engagement,New Hire,< 30 days,26-Mar,0,0,0,0,0,0,17,30,0,0,0,0
TTL Full Service Consumer,JDA,Tax Expert,PL1,Engagement,New Hire,N/A,26-Feb,0,0,0,0,0,0,0,0,0,0,2413.328983,1072
TTL Full Service Consumer,JDA,Tax Expert,PL1,Phone,Re-Hire,60-90 days,After Season,0,0,0,0,2.52,3.25,0,0,0,0,0,0
TTL Full Service Consumer,JDA,Tax Expert,PL1,Engagement,New Hire,N/A,After Season,0,0,0,0,0,0,0,0,0,0,53.14201,36
TTL Full Service Consumer,JDA,Tax Expert,PL1,Engagement,New Hire,30-60 days,26-Mar,0,0,0,0,0,0,104,145,0,0,0,0
TTL Full Service Consumer,JDA,Tax Expert,PL1,Engagement,Re-Hire,N/A,26-Feb,0,0,0,0,0,0,0,0,0,0,923.593177,415
TTL Full Service Consumer,JDA,Tax Expert,PL1,Engagement,Re-Hire,< 30 days,26-Feb,0,0,0,0,0,0,9,17,0,0,0,0
TTL Full Service Consumer,JDA,Tax Expert,PL1,Engagement,New Hire,N/A,26-Mar,0,0,0,0,0,0,0,0,0,0,1394.35581,392
TTL Full Service Consumer,JDA,Tax Expert,PL1,Engagement,New Hire,< 30 days,26-Apr,0,0,0,0,0,0,48,83,0,0,0,0
TTL Full Service Consumer,JDA,Tax Expert,PL1,Engagement,Re-Hire,N/A,26-Jan,0,0,0,0,0,0,0,0,0,0,212.69896,115
TTL Full Service Consumer,JDA,Tax Expert,PL1,Phone,Re-Hire,< 30 days,Before Season,5,6,0,0,19.51,23.97,0,0,1986.833334,52,0,0
TTL Full Service Consumer,JDA,Tax Expert,PL1,Engagement,New Hire,N/A,26-Apr,0,0,0,0,0,0,0,0,0,0,947.380415,496
TTL Full Service Consumer,JDA,Tax Expert,PL1,Engagement,New Hire,60-90 days,26-Apr,0,0,0,0,0,0,90,166,0,0,0,0
TTL Full Service Consumer,JDA,Tax Expert,PL1,Engagement,New Hire,N/A,26-Jan,0,0,0,0,0,0,0,0,0,0,525.761046,265
TTL Full Service Consumer,JDA,Tax Expert,PL1,Engagement,Re-Hire,30-60 days,26-Feb,0,0,0,0,0,0,134,197,0,0,0,0
TTL Full Service Consumer,JDA,Tax Expert,PL1,Engagement,Re-Hire,N/A,Before Season,0,0,0,0,0,0,0,0,0,0,12.134367,5
TTL Full Service Consumer,JDA,Tax Expert,PL1,Phone,Re-Hire,30-60 days,Before Season,3,4,0,0,63.65,69.86,0,0,2922.633333,157,0,0
TTL Full Service Consumer,JDA,Tax Expert,PL1,Engagement,New Hire,30-60 days,26-Feb,0,0,0,0,0,0,618,886,0,0,0,0
TTL Full Service Consumer,JDA,Tax Expert,PL1,Engagement,New Hire,30-60 days,26-Apr,0,0,0,0,0,0,42,73,0,0,0,0
TTL Full Service Consumer,JDA,Tax Expert,PL1,Engagement,New Hire,N/A,Before Season,0,0,0,0,0,0,1,1,0,0,28.008404,12
TTL Full Service Consumer,JDA,Tax Expert,PL1,Engagement,Re-Hire,< 30 days,Before Season,0,0,0,0,0,0,17,35,0,0,0,0
TTL Full Service Consumer,JDA,Tax Expert,PL1,Engagement,Re-Hire,< 30 days,26-Mar,0,0,0,0,0,0,0,2,0,0,0,0
TTL Full Service Consumer,JDA,Tax Expert,PL1,Phone,Re-Hire,90-120 days,After Season,0,0,0,0,0.2,0.34,0,0,0,0,0,0
TTL Full Service Consumer,JDA,Tax Expert,PL1,Phone,New Hire,30-60 days,26-Jan,0,0,0,0,0,0,0,0,87.583333,4,0,0
TTL Full Service Consumer,JDA,Tax Expert,PL1,Engagement,Re-Hire,N/A,26-Apr,0,0,0,0,0,0,0,0,0,0,610.747929,426
TTL Full Service Consumer,JDA,Tax Expert,PL1,Engagement,Re-Hire,N/A,26-Mar,0,0,0,0,0,0,0,0,0,0,559.6708,207
TTL Full Service Consumer,JDA,Tax Expert,PL1,Engagement,Re-Hire,N/A,After Season,0,0,0,0,0,0,0,0,0,0,14.390066,6
TTL Full Service Consumer,JDA,Tax Associate,PL2,Phone,New Hire,30-60 days,26-Mar,283,387,0,1,3270.1,3699.45,0,0,260064.1333,7535,0,0
TTL Full Service Consumer,JDA,Tax Associate,PL2,Phone,Re-Hire,60-90 days,26-Mar,145,190,3,3,1338.47,1491.36,0,0,104162.1167,3026,0,0
TTL Full Service Consumer,JDA,Tax Associate,PL2,Phone,Re-Hire,30-60 days,26-Apr,7,13,0,0,130.02,156.23,0,0,9810.25,345,0,0
TTL Full Service Consumer,JDA,Tax Associate,PL2,Phone,Re-Hire,30-60 days,26-Feb,160,181,0,0,1243.38,1357.4,0,0,117082.5,3111,0,0
TTL Full Service Consumer,JDA,Tax Associate,PL2,Phone,Re-Hire,90-120 days,26-Mar,84,111,2,2,704.9,792.14,0,0,63227.91668,1753,0,0
TTL Full Service Consumer,JDA,Tax Associate,PL2,Phone,New Hire,30-60 days,26-Apr,118,165,0,0,1836.76,2146.58,0,0,161561.3333,4380,0,0
TTL Full Service Consumer,JDA,Tax Associate,PL2,Phone,Re-Hire,60-90 days,26-Feb,122,146,0,0,1087.18,1162.58,0,0,84492.41668,2655,0,0
TTL Full Service Consumer,JDA,Tax Associate,PL2,Phone,New Hire,< 30 days,26-Feb,164,226,0,0,1330.22,1487.26,0,0,132902.2833,3221,0,0
TTL Full Service Consumer,JDA,Tax Associate,PL2,Phone,New Hire,60-90 days,26-Mar,400,535,4,8,4393.54,4962.28,0,0,320449.0167,10314,0,0
TTL Full Service Consumer,JDA,Tax Associate,PL2,Phone,Re-Hire,< 30 days,26-Mar,3,10,0,0,74.35,93.04,0,0,8576.033332,189,0,0
TTL Full Service Consumer,JDA,Tax Associate,PL2,Phone,Re-Hire,30-60 days,After Season,0,0,0,0,11.03,12.84,0,0,0,0,0,0
TTL Full Service Consumer,JDA,Tax Associate,PL2,Phone,Re-Hire,60-90 days,26-Apr,13,19,0,0,191.92,221.06,0,0,20118.05,437,0,0
TTL Full Service Consumer,JDA,Tax Associate,PL2,Engagement,Re-Hire,N/A,Before Season,0,0,0,0,0,0,1,4,0,0,251.528922,169
TTL Full Service Consumer,JDA,Tax Associate,PL2,Phone,Re-Hire,30-60 days,26-Mar,18,28,0,0,218.43,246.48,0,0,27248.63333,520,0,0
TTL Full Service Consumer,JDA,Tax Associate,PL2,Engagement,New Hire,60-90 days,26-Mar,0,0,0,0,0,0,4898,6131,0,0,0,0
TTL Full Service Consumer,JDA,Tax Associate,PL2,Phone,New Hire,< 30 days,26-Mar,46,94,0,0,799.76,936.74,0,0,68756.56666,1901,0,0
TTL Full Service Consumer,JDA,Tax Associate,PL2,Engagement,Re-Hire,120+ days,After Season,0,0,0,0,0,0,0,1,0,0,0,0
TTL Full Service Consumer,JDA,Tax Associate,PL2,Phone,Re-Hire,< 30 days,26-Apr,1,3,0,0,36.37,42.04,0,0,5971.383336,90,0,0
TTL Full Service Consumer,JDA,Tax Associate,PL2,Engagement,Re-Hire,60-90 days,26-Feb,0,0,0,0,0,0,1276,1651,0,0,0,0
TTL Full Service Consumer,JDA,Tax Associate,PL2,Phone,New Hire,< 30 days,26-Apr,35,59,0,0,549.66,654.09,0,0,56836.80001,1335,0,0
TTL Full Service Consumer,JDA,Tax Associate,PL2,Phone,Re-Hire,< 30 days,26-Jan,7,16,0,0,122.47,135.91,0,0,12322.10001,368,0,0
TTL Full Service Consumer,JDA,Tax Associate,PL2,Phone,Re-Hire,90-120 days,26-Apr,99,133,0,0,1278.38,1468.99,0,0,128598.0333,3037,0,0
TTL Full Service Consumer,JDA,Tax Associate,PL2,Engagement,New Hire,< 30 days,Before Season,0,0,0,0,0,0,637,1085,0,0,0,0
TTL Full Service Consumer,JDA,Tax Associate,PL2,Phone,New Hire,90-120 days,26-Apr,380,474,0,0,5622.52,6471.58,0,0,459801.15,13403,0,0
TTL Full Service Consumer,JDA,Tax Associate,PL2,Phone,Re-Hire,30-60 days,Before Season,90,106,0,0,808.91,877.76,0,0,60863.68333,1954,0,0
TTL Full Service Consumer,JDA,Tax Associate,PL2,Phone,New Hire,60-90 days,26-Apr,282,348,2,2,3972.1,4616.58,0,0,321198.0666,9232,0,0
TTL Full Service Consumer,JDA,Tax Associate,PL2,Engagement,Re-Hire,120+ days,26-Apr,0,0,0,0,0,0,1042,1416,0,0,0,0
TTL Full Service Consumer,JDA,Tax Associate,PL2,Phone,Re-Hire,< 30 days,26-Feb,5,9,0,0,78.23,87.09,0,0,8597.383338,224,0,0
TTL Full Service Consumer,JDA,Tax Associate,PL2,Engagement,New Hire,< 30 days,26-Mar,0,0,0,0,0,0,749,1051,0,0,0,0
TTL Full Service Consumer,JDA,Tax Associate,PL2,Phone,New Hire,30-60 days,26-Feb,381,496,0,0,3698.17,4048.38,0,0,324016.5167,9074,0,0
TTL Full Service Consumer,JDA,Tax Associate,PL2,Phone,New Hire,30-60 days,After Season,0,0,0,0,70.61,85.61,0,0,0,0,0,0
TTL Full Service Consumer,JDA,Tax Associate,PL2,Phone,Re-Hire,120+ days,26-Apr,81,97,0,0,885.87,1004.04,0,0,88558.73332,2140,0,0
TTL Full Service Consumer,JDA,Tax Associate,PL2,Engagement,New Hire,< 30 days,26-Apr,0,0,0,0,0,0,559,848,0,0,0,0
TTL Full Service Consumer,JDA,Tax Associate,PL2,Engagement,New Hire,90-120 days,26-Apr,0,0,0,0,0,0,6424,8912,0,0,0,0
TTL Full Service Consumer,JDA,Tax Associate,PL2,Engagement,Re-Hire,30-60 days,26-Feb,0,0,0,0,0,0,1528,2043,0,0,0,0
TTL Full Service Consumer,JDA,Tax Associate,PL2,Engagement,New Hire,90-120 days,After Season,0,0,0,0,0,0,0,1,0,0,0,0
TTL Full Service Consumer,JDA,Tax Associate,PL2,Engagement,Re-Hire,60-90 days,26-Apr,0,0,0,0,0,0,217,293,0,0,0,0
TTL Full Service Consumer,JDA,Tax Associate,PL2,Engagement,New Hire,N/A,26-Jan,0,0,0,0,0,0,4,6,0,0,1645.278288,896
TTL Full Service Consumer,JDA,Tax Associate,PL2,Phone,Re-Hire,30-60 days,26-Jan,33,41,0,0,290.59,319.46,0,0,25975.93334,728,0,0
TTL Full Service Consumer,JDA,Tax Associate,PL2,Phone,Re-Hire,60-90 days,After Season,0,0,0,0,2.26,2.8,0,0,0,0,0,0
TTL Full Service Consumer,JDA,Tax Associate,PL2,Phone,New Hire,< 30 days,Before Season,56,67,0,0,600.07,667.18,0,0,69642.89999,1519,0,0
TTL Full Service Consumer,JDA,Tax Associate,PL2,Engagement,Re-Hire,90-120 days,26-Apr,0,0,0,0,0,0,1425,1980,0,0,0,0
TTL Full Service Consumer,JDA,Tax Associate,PL2,Engagement,New Hire,N/A,26-Mar,0,0,0,0,0,0,2,2,0,0,25695.92445,9669
TTL Full Service Consumer,JDA,Tax Associate,PL2,Engagement,Re-Hire,90-120 days,26-Mar,0,0,0,0,0,0,776,938,0,0,0,0
TTL Full Service Consumer,JDA,Tax Associate,PL2,Engagement,New Hire,30-60 days,26-Mar,0,0,0,0,0,0,3675,4684,0,0,0,0
TTL Full Service Consumer,JDA,Tax Associate,PL2,Engagement,Re-Hire,60-90 days,26-Mar,0,0,0,0,0,0,1436,1834,0,0,0,0
TTL Full Service Consumer,JDA,Tax Associate,PL2,Engagement,Re-Hire,< 30 days,26-Mar,0,0,0,0,0,0,55,102,0,0,0,0
TTL Full Service Consumer,JDA,Tax Associate,PL2,Engagement,Re-Hire,30-60 days,26-Apr,0,0,0,0,0,0,153,213,0,0,0,0
TTL Full Service Consumer,JDA,Tax Associate,PL2,Engagement,New Hire,60-90 days,26-Apr,0,0,0,0,0,0,4472,6154,0,0,0,0
TTL Full Service Consumer,JDA,Tax Associate,PL2,Engagement,New Hire,N/A,26-Feb,0,0,0,0,0,0,2,5,0,0,13175.12356,6087
TTL Full Service Consumer,JDA,Tax Associate,PL2,Engagement,New Hire,< 30 days,26-Jan,0,0,0,0,0,0,790,1275,0,0,0,0
TTL Full Service Consumer,JDA,Tax Associate,PL2,Engagement,New Hire,30-60 days,26-Feb,0,0,0,0,0,0,4435,5772,0,0,0,0
TTL Full Service Consumer,JDA,Tax Associate,PL2,Phone,New Hire,90-120 days,After Season,0,0,0,0,445.31,520.4,0,0,105.266666,2,0,0
TTL Full Service Consumer,JDA,Tax Associate,PL2,Phone,Re-Hire,90-120 days,After Season,0,0,0,0,60.45,74.71,0,0,0,0,0,0
TTL Full Service Consumer,JDA,Tax Associate,PL2,Engagement,Re-Hire,< 30 days,26-Feb,0,0,0,0,0,0,98,135,0,0,0,0
TTL Full Service Consumer,JDA,Tax Associate,PL2,Phone,Re-Hire,120+ days,After Season,0,0,0,0,92.79,108.87,0,0,116.116667,1,0,0
TTL Full Service Consumer,JDA,Tax Associate,PL2,Engagement,New Hire,N/A,Before Season,0,0,0,0,0,0,5,8,0,0,91.83694,43
TTL Full Service Consumer,JDA,Tax Associate,PL2,Engagement,Re-Hire,30-60 days,26-Mar,0,0,0,0,0,0,240,317,0,0,0,0
TTL Full Service Consumer,JDA,Tax Associate,PL2,Engagement,New Hire,N/A,After Season,0,0,0,0,0,0,0,0,0,0,2339.174719,1355
TTL Full Service Consumer,JDA,Tax Associate,PL2,Phone,Re-Hire,< 30 days,After Season,0,0,0,0,1.8,1.96,0,0,0,0,0,0
TTL Full Service Consumer,JDA,Tax Associate,PL2,Engagement,Re-Hire,N/A,26-Jan,0,0,0,0,0,0,0,0,0,0,2033.351406,1152
TTL Full Service Consumer,JDA,Tax Associate,PL2,Phone,New Hire,< 30 days,26-Jan,86,114,0,0,780.29,876.06,0,0,82262.79999,1945,0,0
TTL Full Service Consumer,JDA,Tax Associate,PL2,Engagement,Re-Hire,N/A,26-Feb,0,0,0,0,0,0,0,0,0,0,10671.52744,4975
TTL Full Service Consumer,JDA,Tax Associate,PL2,Phone,New Hire,< 30 days,After Season,0,0,0,0,30.38,36.43,0,0,0,0,0,0
TTL Full Service Consumer,JDA,Tax Associate,PL2,Engagement,New Hire,N/A,26-Apr,0,0,0,0,0,0,0,0,0,0,27306.64593,14152
TTL Full Service Consumer,JDA,Tax Associate,PL2,Engagement,New Hire,< 30 days,26-Feb,0,0,0,0,0,0,1542,2120,0,0,0,0
TTL Full Service Consumer,JDA,Tax Associate,PL2,Phone,New Hire,120+ days,Before Season,6,8,0,0,0,0,0,0,5712.516654,618,0,0
TTL Full Service Consumer,JDA,Tax Associate,PL2,Engagement,Re-Hire,< 30 days,26-Apr,0,0,0,0,0,0,31,49,0,0,0,0
TTL Full Service Consumer,JDA,Tax Associate,PL2,Phone,Re-Hire,< 30 days,Before Season,48,59,0,0,157.78,173.19,0,0,12295.58333,399,0,0
TTL Full Service Consumer,JDA,Tax Associate,PL2,Phone,New Hire,30-60 days,26-Jan,0,0,0,0,0,0,0,0,983.283332,34,0,0
TTL Full Service Consumer,JDA,Tax Associate,PL2,Engagement,Re-Hire,< 30 days,26-Jan,0,0,0,0,0,0,127,211,0,0,0,0
TTL Full Service Consumer,JDA,Tax Associate,PL2,Phone,New Hire,60-90 days,After Season,0,0,0,0,231.54,275.89,0,0,0,0,0,0
TTL Full Service Consumer,JDA,Tax Associate,PL2,Engagement,Re-Hire,< 30 days,Before Season,0,0,0,0,0,0,183,267,0,0,0,0
TTL Full Service Consumer,JDA,Tax Associate,PL2,Engagement,Re-Hire,30-60 days,Before Season,0,0,0,0,0,0,810,1326,0,0,0,0
TTL Full Service Consumer,JDA,Tax Associate,PL2,Engagement,New Hire,30-60 days,26-Apr,0,0,0,0,0,0,2077,2919,0,0,0,0
TTL Full Service Consumer,JDA,Tax Associate,PL2,Engagement,Re-Hire,30-60 days,26-Jan,0,0,0,0,0,0,336,493,0,0,0,0
TTL Full Service Consumer,JDA,Tax Associate,PL2,Engagement,Re-Hire,N/A,26-Apr,0,0,0,0,0,0,0,0,0,0,11419.37904,5865
TTL Full Service Consumer,JDA,Tax Associate,PL2,Engagement,Re-Hire,N/A,26-Mar,0,0,0,0,0,0,0,0,0,0,11503.91788,4570
TTL Full Service Consumer,JDA,Tax Associate,PL2,Engagement,Re-Hire,N/A,After Season,0,0,0,0,0,0,0,0,0,0,667.924757,343
TTL Full Service Consumer,JDA,Tax Associate,PL2,Phone,Re-Hire,120+ days,Before Season,3,3,0,0,0,0,0,0,3804.533331,484,0,0
TTL Full Service Consumer,JDA,Tax Expert,PL2,Phone,New Hire,90-120 days,26-Apr,48,62,0,0,777.81,914.63,0,0,61325.26667,1858,0,0
TTL Full Service Consumer,JDA,Tax Expert,PL2,Phone,New Hire,30-60 days,26-Feb,112,141,0,0,1037.92,1144.96,0,0,104354.7833,2601,0,0
TTL Full Service Consumer,JDA,Tax Expert,PL2,Phone,New Hire,60-90 days,26-Mar,71,98,2,2,756.75,865.69,0,0,56697.98333,1748,0,0
TTL Full Service Consumer,JDA,Tax Expert,PL2,Phone,Re-Hire,60-90 days,26-Apr,1,3,0,0,32.01,36.44,0,0,5274.283335,73,0,0
TTL Full Service Consumer,JDA,Tax Expert,PL2,Phone,New Hire,< 30 days,26-Apr,3,6,0,0,172.87,202.35,0,0,18183.33334,394,0,0
TTL Full Service Consumer,JDA,Tax Expert,PL2,Phone,New Hire,< 30 days,26-Mar,10,14,0,0,151.75,176.11,0,0,19404.5,372,0,0
TTL Full Service Consumer,JDA,Tax Expert,PL2,Phone,Re-Hire,120+ days,26-Apr,3,5,0,0,87.97,99.43,0,0,4250.783336,196,0,0
TTL Full Service Consumer,JDA,Tax Expert,PL2,Phone,Re-Hire,30-60 days,26-Mar,4,7,0,0,44.95,48.69,0,0,1942.550001,87,0,0
TTL Full Service Consumer,JDA,Tax Expert,PL2,Phone,Re-Hire,60-90 days,26-Mar,27,33,0,0,256.09,287.31,0,0,22068.28333,577,0,0
TTL Full Service Consumer,JDA,Tax Expert,PL2,Phone,New Hire,60-90 days,26-Apr,33,45,0,0,516.38,602.98,0,0,43927.70001,1204,0,0
TTL Full Service Consumer,JDA,Tax Expert,PL2,Phone,New Hire,< 30 days,26-Feb,31,45,0,0,334.48,374.94,0,0,33904.66666,817,0,0
TTL Full Service Consumer,JDA,Tax Expert,PL2,Phone,Re-Hire,90-120 days,26-Mar,7,7,0,0,100.11,112.66,0,0,5527.93333,220,0,0
TTL Full Service Consumer,JDA,Tax Expert,PL2,Phone,Re-Hire,90-120 days,26-Apr,11,11,0,0,242.89,283.29,0,0,22574.78334,552,0,0
TTL Full Service Consumer,JDA,Tax Expert,PL2,Phone,New Hire,< 30 days,26-Jan,23,31,0,0,210.11,235.94,0,0,36167.3,530,0,0
TTL Full Service Consumer,JDA,Tax Expert,PL2,Phone,New Hire,30-60 days,26-Apr,14,31,0,0,315.42,378.48,0,0,24649.68332,736,0,0
TTL Full Service Consumer,JDA,Tax Expert,PL2,Phone,Re-Hire,90-120 days,After Season,0,0,0,0,5.39,7.16,0,0,0,0,0,0
TTL Full Service Consumer,JDA,Tax Expert,PL2,Phone,Re-Hire,30-60 days,26-Feb,43,49,0,0,247.13,277.89,0,0,21860.68333,607,0,0
TTL Full Service Consumer,JDA,Tax Expert,PL2,Engagement,New Hire,60-90 days,26-Apr,0,0,0,0,0,0,608,843,0,0,0,0
TTL Full Service Consumer,JDA,Tax Expert,PL2,Phone,Re-Hire,60-90 days,26-Feb,15,19,0,0,107.42,119.09,0,0,8219.816663,280,0,0
TTL Full Service Consumer,JDA,Tax Expert,PL2,Engagement,New Hire,30-60 days,26-Feb,0,0,0,0,0,0,1248,1649,0,0,0,0
TTL Full Service Consumer,JDA,Tax Expert,PL2,Phone,New Hire,30-60 days,26-Mar,55,81,0,0,710.66,803.19,0,0,58545.98334,1587,0,0
TTL Full Service Consumer,JDA,Tax Expert,PL2,Phone,Re-Hire,< 30 days,Before Season,8,12,0,0,48.27,54.99,0,0,3758.950001,115,0,0
TTL Full Service Consumer,JDA,Tax Expert,PL2,Phone,Re-Hire,< 30 days,26-Mar,0,2,0,0,18.05,20.84,0,0,923.250001,41,0,0
TTL Full Service Consumer,JDA,Tax Expert,PL2,Phone,New Hire,60-90 days,After Season,0,0,0,0,24.02,29.25,0,0,0,0,0,0
TTL Full Service Consumer,JDA,Tax Expert,PL2,Engagement,New Hire,< 30 days,26-Feb,0,0,0,0,0,0,385,556,0,0,0,0
TTL Full Service Consumer,JDA,Tax Expert,PL2,Engagement,New Hire,< 30 days,26-Mar,0,0,0,0,0,0,154,228,0,0,0,0
TTL Full Service Consumer,JDA,Tax Expert,PL2,Engagement,Re-Hire,< 30 days,Before Season,0,0,0,0,0,0,54,85,0,0,0,0
TTL Full Service Consumer,JDA,Tax Expert,PL2,Engagement,Re-Hire,60-90 days,26-Apr,0,0,0,0,0,0,41,46,0,0,0,0
TTL Full Service Consumer,JDA,Tax Expert,PL2,Engagement,Re-Hire,30-60 days,Before Season,0,0,0,0,0,0,138,201,0,0,0,0
TTL Full Service Consumer,JDA,Tax Expert,PL2,Phone,Re-Hire,30-60 days,26-Jan,7,7,0,0,37.23,40.02,0,0,3024.716664,100,0,0
TTL Full Service Consumer,JDA,Tax Expert,PL2,Engagement,Re-Hire,< 30 days,26-Apr,0,0,0,0,0,0,3,3,0,0,0,0
TTL Full Service Consumer,JDA,Tax Expert,PL2,Engagement,New Hire,< 30 days,26-Apr,0,0,0,0,0,0,173,254,0,0,0,0
TTL Full Service Consumer,JDA,Tax Expert,PL2,Phone,New Hire,30-60 days,After Season,0,0,0,0,11.88,13.98,0,0,0,0,0,0
TTL Full Service Consumer,JDA,Tax Expert,PL2,Engagement,Re-Hire,30-60 days,26-Apr,0,0,0,0,0,0,23,41,0,0,0,0
TTL Full Service Consumer,JDA,Tax Expert,PL2,Engagement,Re-Hire,< 30 days,26-Jan,0,0,0,0,0,0,40,59,0,0,0,0
TTL Full Service Consumer,JDA,Tax Expert,PL2,Engagement,New Hire,N/A,Before Season,0,0,0,0,0,0,0,1,0,0,8.793158,4
TTL Full Service Consumer,JDA,Tax Expert,PL2,Engagement,Re-Hire,90-120 days,26-Mar,0,0,0,0,0,0,132,152,0,0,0,0
TTL Full Service Consumer,JDA,Tax Expert,PL2,Phone,Re-Hire,< 30 days,26-Jan,6,7,0,0,31.5,34.09,0,0,2404.833331,77,0,0
TTL Full Service Consumer,JDA,Tax Expert,PL2,Phone,Re-Hire,120+ days,After Season,0,0,0,0,8.32,9.06,0,0,0,0,0,0
TTL Full Service Consumer,JDA,Tax Expert,PL2,Engagement,Re-Hire,60-90 days,26-Mar,0,0,0,0,0,0,313,386,0,0,0,0
TTL Full Service Consumer,JDA,Tax Expert,PL2,Phone,New Hire,< 30 days,After Season,0,0,0,0,11.5,12.56,0,0,0,0,0,0
TTL Full Service Consumer,JDA,Tax Expert,PL2,Engagement,Re-Hire,120+ days,26-Apr,0,0,0,0,0,0,101,132,0,0,0,0
TTL Full Service Consumer,JDA,Tax Expert,PL2,Engagement,Re-Hire,N/A,Before Season,0,0,0,0,0,0,1,1,0,0,51.652412,34
TTL Full Service Consumer,JDA,Tax Expert,PL2,Engagement,New Hire,60-90 days,26-Mar,0,0,0,0,0,0,817,1043,0,0,0,0
TTL Full Service Consumer,JDA,Tax Expert,PL2,Phone,Re-Hire,< 30 days,26-Feb,3,3,0,0,18.17,20.26,0,0,1391.666667,36,0,0
TTL Full Service Consumer,JDA,Tax Expert,PL2,Phone,New Hire,30-60 days,26-Jan,0,0,0,0,0,0,0,0,330.849999,15,0,0
TTL Full Service Consumer,JDA,Tax Expert,PL2,Engagement,Re-Hire,90-120 days,26-Apr,0,0,0,0,0,0,283,386,0,0,0,0
TTL Full Service Consumer,JDA,Tax Expert,PL2,Engagement,Re-Hire,< 30 days,26-Mar,0,0,0,0,0,0,17,23,0,0,0,0
TTL Full Service Consumer,JDA,Tax Expert,PL2,Phone,Re-Hire,30-60 days,Before Season,11,12,0,0,117.11,126.43,0,0,10363.15001,286,0,0
TTL Full Service Consumer,JDA,Tax Expert,PL2,Phone,Re-Hire,< 30 days,26-Apr,0,2,0,0,3.15,3.72,0,0,192.883334,7,0,0
TTL Full Service Consumer,JDA,Tax Expert,PL2,Engagement,New Hire,< 30 days,26-Jan,0,0,0,0,0,0,210,350,0,0,0,0
TTL Full Service Consumer,JDA,Tax Expert,PL2,Engagement,Re-Hire,30-60 days,26-Mar,0,0,0,0,0,0,55,60,0,0,0,0
TTL Full Service Consumer,JDA,Tax Expert,PL2,Engagement,New Hire,30-60 days,26-Apr,0,0,0,0,0,0,335,470,0,0,0,0
TTL Full Service Consumer,JDA,Tax Expert,PL2,Engagement,Re-Hire,30-60 days,26-Jan,0,0,0,0,0,0,50,66,0,0,0,0
TTL Full Service Consumer,JDA,Tax Expert,PL2,Phone,New Hire,90-120 days,After Season,0,0,0,0,70.09,85.41,0,0,0,0,0,0
TTL Full Service Consumer,JDA,Tax Expert,PL2,Engagement,Re-Hire,30-60 days,26-Feb,0,0,0,0,0,0,347,426,0,0,0,0
TTL Full Service Consumer,JDA,Tax Expert,PL2,Engagement,New Hire,90-120 days,26-Apr,0,0,0,0,0,0,890,1269,0,0,0,0
TTL Full Service Consumer,JDA,Tax Expert,PL2,Engagement,New Hire,N/A,After Season,0,0,0,0,0,0,0,0,0,0,339.473057,186
TTL Full Service Consumer,JDA,Tax Expert,PL2,Engagement,New Hire,30-60 days,26-Mar,0,0,0,0,0,0,784,1002,0,0,0,0
TTL Full Service Consumer,JDA,Tax Expert,PL2,Engagement,Re-Hire,N/A,26-Apr,0,0,0,0,0,0,0,0,0,0,1749.609917,961
TTL Full Service Consumer,JDA,Tax Expert,PL2,Engagement,New Hire,N/A,26-Jan,0,0,0,0,0,0,1,1,0,0,365.694155,185
TTL Full Service Consumer,JDA,Tax Expert,PL2,Engagement,Re-Hire,N/A,After Season,0,0,0,0,0,0,0,0,0,0,114.060346,49
TTL Full Service Consumer,JDA,Tax Expert,PL2,Phone,New Hire,< 30 days,Before Season,18,19,0,0,107.18,119.16,0,0,27172.3,284,0,0
TTL Full Service Consumer,JDA,Tax Expert,PL2,Engagement,New Hire,N/A,26-Mar,0,0,0,0,0,0,0,0,0,0,5540.767986,2017
TTL Full Service Consumer,JDA,Tax Expert,PL2,Phone,Re-Hire,30-60 days,26-Apr,-2,4,0,0,27.77,35.77,0,0,1440.100004,75,0,0
TTL Full Service Consumer,JDA,Tax Expert,PL2,Engagement,Re-Hire,60-90 days,26-Feb,0,0,0,0,0,0,161,181,0,0,0,0
TTL Full Service Consumer,JDA,Tax Expert,PL2,Engagement,New Hire,< 30 days,Before Season,0,0,0,0,0,0,111,199,0,0,0,0
TTL Full Service Consumer,JDA,Tax Expert,PL2,Phone,Re-Hire,30-60 days,After Season,0,0,0,0,5.29,7.07,0,0,0,0,0,0
TTL Full Service Consumer,JDA,Tax Expert,PL2,Engagement,Re-Hire,< 30 days,26-Feb,0,0,0,0,0,0,23,28,0,0,0,0
TTL Full Service Consumer,JDA,Tax Expert,PL2,Engagement,New Hire,N/A,26-Apr,0,0,0,0,0,0,0,0,0,0,4679.799628,2265
TTL Full Service Consumer,JDA,Tax Expert,PL2,Engagement,New Hire,N/A,26-Feb,0,0,0,0,0,0,0,0,0,0,3812.911946,1676
TTL Full Service Consumer,JDA,Tax Expert,PL2,Engagement,Re-Hire,N/A,26-Jan,0,0,0,0,0,0,0,0,0,0,350.710188,238
TTL Full Service Consumer,JDA,Tax Expert,PL2,Engagement,Re-Hire,N/A,26-Mar,0,0,0,0,0,0,0,0,0,0,2117.787887,980
TTL Full Service Consumer,JDA,Tax Expert,PL2,Engagement,Re-Hire,N/A,26-Feb,0,0,0,0,0,0,0,0,0,0,2195.699814,1135
TTL Full Service Consumer,JDA,Tax Associate,PL3,Phone,New Hire,30-60 days,26-Apr,39,55,0,0,629.51,717.55,0,0,68078.71667,1512,0,0
TTL Full Service Consumer,JDA,Tax Associate,PL3,Phone,New Hire,30-60 days,26-Feb,129,171,0,0,965.65,1055.26,0,0,91559.11663,2613,0,0
TTL Full Service Consumer,JDA,Tax Associate,PL3,Phone,Re-Hire,120+ days,26-Apr,39,50,0,0,776.85,891.56,0,0,74548.86667,1824,0,0
TTL Full Service Consumer,JDA,Tax Associate,PL3,Phone,Re-Hire,60-90 days,26-Mar,79,103,0,0,923.56,997.3,0,0,70758.24999,2062,0,0
TTL Full Service Consumer,JDA,Tax Associate,PL3,Phone,Re-Hire,90-120 days,26-Apr,69,95,0,0,1065.6,1206.05,0,0,104471.8,2448,0,0
TTL Full Service Consumer,JDA,Tax Associate,PL3,Phone,New Hire,90-120 days,26-Apr,143,178,0,0,2313.16,2633.22,0,0,209095.45,5335,0,0
TTL Full Service Consumer,JDA,Tax Associate,PL3,Phone,New Hire,60-90 days,26-Apr,107,158,0,0,1660.31,1901.55,0,0,153929.2333,3887,0,0
TTL Full Service Consumer,JDA,Tax Associate,PL3,Phone,Re-Hire,60-90 days,26-Feb,77,108,0,0,659,705.57,0,0,48886.08333,1609,0,0
TTL Full Service Consumer,JDA,Tax Associate,PL3,Phone,Re-Hire,30-60 days,26-Feb,62,74,0,0,518.21,555.89,0,0,39177.91666,1252,0,0
TTL Full Service Consumer,JDA,Tax Associate,PL3,Phone,New Hire,30-60 days,26-Mar,102,164,1,1,1180.4,1305.16,0,0,94106.53331,2775,0,0
TTL Full Service Consumer,JDA,Tax Associate,PL3,Phone,New Hire,< 30 days,26-Feb,70,123,0,0,566.36,622.24,0,0,56198.51666,1410,0,0
TTL Full Service Consumer,JDA,Tax Associate,PL3,Phone,New Hire,< 30 days,After Season,0,0,0,0,15.41,18.08,0,0,0,0,0,0
TTL Full Service Consumer,JDA,Tax Associate,PL3,Phone,New Hire,60-90 days,26-Mar,153,207,3,3,1704.64,1889.45,0,0,126602.85,3916,0,0
TTL Full Service Consumer,JDA,Tax Associate,PL3,Phone,New Hire,30-60 days,After Season,0,0,0,0,24.87,28.06,0,0,0,0,0,0
TTL Full Service Consumer,JDA,Tax Associate,PL3,Phone,Re-Hire,90-120 days,26-Mar,67,83,0,0,704.12,777.56,0,0,63238.75003,1612,0,0
TTL Full Service Consumer,JDA,Tax Associate,PL3,Engagement,New Hire,N/A,Before Season,0,0,0,0,0,0,2,3,0,0,7.072613,4
TTL Full Service Consumer,JDA,Tax Associate,PL3,Phone,New Hire,< 30 days,26-Mar,17,58,0,0,339.44,385.7,0,0,36488.91666,801,0,0
TTL Full Service Consumer,JDA,Tax Associate,PL3,Engagement,Re-Hire,< 30 days,26-Feb,0,0,0,0,0,0,46,55,0,0,0,0
TTL Full Service Consumer,JDA,Tax Associate,PL3,Engagement,New Hire,60-90 days,26-Mar,0,0,0,0,0,0,2126,2533,0,0,0,0
TTL Full Service Consumer,JDA,Tax Associate,PL3,Engagement,Re-Hire,90-120 days,26-Apr,0,0,0,0,0,0,1142,1469,0,0,0,0
TTL Full Service Consumer,JDA,Tax Associate,PL3,Phone,New Hire,90-120 days,After Season,0,0,0,0,165.9,187.58,0,0,70.033333,2,0,0
TTL Full Service Consumer,JDA,Tax Associate,PL3,Phone,Re-Hire,60-90 days,After Season,0,0,0,0,1.22,1.22,0,0,0,0,0,0
TTL Full Service Consumer,JDA,Tax Associate,PL3,Phone,Re-Hire,< 30 days,26-Feb,4,4,0,0,32.9,35.87,0,0,4247.033335,81,0,0
TTL Full Service Consumer,JDA,Tax Associate,PL3,Engagement,New Hire,< 30 days,26-Jan,0,0,0,0,0,0,171,295,0,0,0,0
TTL Full Service Consumer,JDA,Tax Associate,PL3,Phone,Re-Hire,120+ days,After Season,0,0,0,0,84.96,99.51,0,0,0,0,0,0
TTL Full Service Consumer,JDA,Tax Associate,PL3,Engagement,New Hire,< 30 days,26-Mar,0,0,0,0,0,0,319,458,0,0,0,0
TTL Full Service Consumer,JDA,Tax Associate,PL3,Engagement,New Hire,30-60 days,26-Feb,0,0,0,0,0,0,1109,1452,0,0,0,0
TTL Full Service Consumer,JDA,Tax Associate,PL3,Phone,Re-Hire,30-60 days,26-Mar,5,7,0,0,80.1,87.54,0,0,9480.716669,174,0,0
TTL Full Service Consumer,JDA,Tax Associate,PL3,Engagement,New Hire,N/A,26-Feb,0,0,0,0,0,0,0,1,0,0,4256.190988,1635
TTL Full Service Consumer,JDA,Tax Associate,PL3,Phone,New Hire,30-60 days,26-Jan,0,0,0,0,0,0,0,0,275.166666,14,0,0
TTL Full Service Consumer,JDA,Tax Associate,PL3,Engagement,New Hire,60-90 days,26-Apr,0,0,0,0,0,0,1792,2349,0,0,0,0
TTL Full Service Consumer,JDA,Tax Associate,PL3,Engagement,Re-Hire,60-90 days,26-Mar,0,0,0,0,0,0,1184,1397,0,0,0,0
TTL Full Service Consumer,JDA,Tax Associate,PL3,Phone,Re-Hire,30-60 days,Before Season,43,44,0,0,437,470.82,0,0,29686.56667,1066,0,0
TTL Full Service Consumer,JDA,Tax Associate,PL3,Engagement,Re-Hire,30-60 days,26-Mar,0,0,0,0,0,0,97,115,0,0,0,0
TTL Full Service Consumer,JDA,Tax Associate,PL3,Phone,Re-Hire,< 30 days,After Season,0,0,0,0,0.4,0.44,0,0,0,0,0,0
TTL Full Service Consumer,JDA,Tax Associate,PL3,Phone,Re-Hire,30-60 days,26-Apr,3,3,0,0,27.3,30.09,0,0,5183.716669,51,0,0
TTL Full Service Consumer,JDA,Tax Associate,PL3,Engagement,Re-Hire,60-90 days,26-Feb,0,0,0,0,0,0,865,1037,0,0,0,0
TTL Full Service Consumer,JDA,Tax Associate,PL3,Phone,Re-Hire,< 30 days,26-Jan,6,6,0,0,49.09,51.67,0,0,5786.666667,107,0,0
TTL Full Service Consumer,JDA,Tax Associate,PL3,Engagement,Re-Hire,30-60 days,26-Jan,0,0,0,0,0,0,183,242,0,0,0,0
TTL Full Service Consumer,JDA,Tax Associate,PL3,Engagement,New Hire,< 30 days,26-Feb,0,0,0,0,0,0,632,847,0,0,0,0
TTL Full Service Consumer,JDA,Tax Associate,PL3,Phone,Re-Hire,< 30 days,Before Season,17,19,0,0,63.46,69.78,0,0,3434.233334,150,0,0
TTL Full Service Consumer,JDA,Tax Associate,PL3,Phone,New Hire,60-90 days,After Season,0,0,0,0,50.77,58.52,0,0,0,0,0,0
TTL Full Service Consumer,JDA,Tax Associate,PL3,Engagement,New Hire,< 30 days,26-Apr,0,0,0,0,0,0,315,427,0,0,0,0
TTL Full Service Consumer,JDA,Tax Associate,PL3,Phone,Re-Hire,60-90 days,26-Apr,6,8,0,0,94.88,107.81,0,0,7036.583332,205,0,0
TTL Full Service Consumer,JDA,Tax Associate,PL3,Phone,New Hire,< 30 days,Before Season,10,16,0,0,99.23,110.78,0,0,8225.416669,273,0,0
TTL Full Service Consumer,JDA,Tax Associate,PL3,Engagement,Re-Hire,N/A,26-Jan,0,0,0,0,0,0,0,0,0,0,1075.626782,566
TTL Full Service Consumer,JDA,Tax Associate,PL3,Phone,Re-Hire,< 30 days,26-Apr,0,0,0,0,7.84,9.31,0,0,2140.333334,19,0,0
TTL Full Service Consumer,JDA,Tax Associate,PL3,Engagement,Re-Hire,N/A,After Season,0,0,0,0,0,0,0,0,0,0,667.05052,284
TTL Full Service Consumer,JDA,Tax Associate,PL3,Phone,New Hire,< 30 days,26-Apr,9,36,0,0,327.28,385.37,0,0,41379.53334,751,0,0
TTL Full Service Consumer,JDA,Tax Associate,PL3,Engagement,Re-Hire,N/A,26-Apr,0,0,0,0,0,0,0,0,0,0,10457.75295,3983
TTL Full Service Consumer,JDA,Tax Associate,PL3,Engagement,New Hire,30-60 days,26-Apr,0,0,0,0,0,0,659,894,0,0,0,0
TTL Full Service Consumer,JDA,Tax Associate,PL3,Engagement,New Hire,N/A,After Season,0,0,0,0,0,0,0,0,0,0,1285.575657,620
TTL Full Service Consumer,JDA,Tax Associate,PL3,Engagement,Re-Hire,< 30 days,26-Jan,0,0,0,0,0,0,51,70,0,0,0,0
TTL Full Service Consumer,JDA,Tax Associate,PL3,Engagement,Re-Hire,60-90 days,26-Apr,0,0,0,0,0,0,100,137,0,0,0,0
TTL Full Service Consumer,JDA,Tax Associate,PL3,Engagement,Re-Hire,< 30 days,26-Apr,0,0,0,0,0,0,5,14,0,0,0,0
TTL Full Service Consumer,JDA,Tax Associate,PL3,Phone,New Hire,< 30 days,26-Jan,17,30,0,0,187.87,212.42,0,0,20900.63333,479,0,0
TTL Full Service Consumer,JDA,Tax Associate,PL3,Phone,Re-Hire,< 30 days,26-Mar,8,8,0,0,35.34,38.38,0,0,4742.999996,74,0,0
TTL Full Service Consumer,JDA,Tax Associate,PL3,Phone,Re-Hire,30-60 days,After Season,0,0,0,0,1.26,1.32,0,0,0,0,0,0
TTL Full Service Consumer,JDA,Tax Associate,PL3,Engagement,Re-Hire,90-120 days,26-Mar,0,0,0,0,0,0,887,1044,0,0,0,0
TTL Full Service Consumer,JDA,Tax Associate,PL3,Engagement,Re-Hire,120+ days,26-Apr,0,0,0,0,0,0,902,1170,0,0,0,0
TTL Full Service Consumer,JDA,Tax Associate,PL3,Phone,Re-Hire,30-60 days,26-Jan,18,22,0,0,154.25,167.01,0,0,11815.43333,355,0,0
TTL Full Service Consumer,JDA,Tax Associate,PL3,Engagement,Re-Hire,N/A,26-Feb,0,0,0,0,0,0,0,1,0,0,5563.052793,1928
TTL Full Service Consumer,JDA,Tax Associate,PL3,Engagement,New Hire,90-120 days,26-Apr,0,0,0,0,0,0,2597,3367,0,0,0,0
TTL Full Service Consumer,JDA,Tax Associate,PL3,Engagement,New Hire,< 30 days,Before Season,0,0,0,0,0,0,103,180,0,0,0,0
TTL Full Service Consumer,JDA,Tax Associate,PL3,Engagement,Re-Hire,< 30 days,Before Season,0,0,0,0,0,0,72,114,0,0,0,0
TTL Full Service Consumer,JDA,Tax Associate,PL3,Engagement,Re-Hire,< 30 days,26-Mar,0,0,0,0,0,0,29,42,0,0,0,0
TTL Full Service Consumer,JDA,Tax Associate,PL3,Engagement,New Hire,90-120 days,After Season,0,0,0,0,0,0,1,2,0,0,0,0
TTL Full Service Consumer,JDA,Tax Associate,PL3,Engagement,Re-Hire,30-60 days,Before Season,0,0,0,0,0,0,488,741,0,0,0,0
TTL Full Service Consumer,JDA,Tax Associate,PL3,Engagement,New Hire,30-60 days,26-Mar,0,0,0,0,0,0,1364,1669,0,0,0,0
TTL Full Service Consumer,JDA,Tax Associate,PL3,Phone,Re-Hire,90-120 days,After Season,0,0,0,0,39.71,48.64,0,0,0,0,0,0
TTL Full Service Consumer,JDA,Tax Associate,PL3,Engagement,Re-Hire,30-60 days,26-Apr,0,0,0,0,0,0,36,42,0,0,0,0
TTL Full Service Consumer,JDA,Tax Associate,PL3,Engagement,Re-Hire,30-60 days,26-Feb,0,0,0,0,0,0,680,830,0,0,0,0
TTL Full Service Consumer,JDA,Tax Associate,PL3,Engagement,New Hire,N/A,26-Mar,0,0,0,0,0,0,0,0,0,0,13919.99937,4104
TTL Full Service Consumer,JDA,Tax Associate,PL3,Engagement,New Hire,N/A,26-Apr,0,0,0,0,0,0,0,0,0,0,14243.82153,5496
TTL Full Service Consumer,JDA,Tax Associate,PL3,Engagement,Re-Hire,N/A,26-Mar,0,0,0,0,0,0,0,0,0,0,11065.25555,3559
TTL Full Service Consumer,JDA,Tax Associate,PL3,Engagement,Re-Hire,N/A,Before Season,0,0,0,0,0,0,0,0,0,0,177.630355,105
TTL Full Service Consumer,JDA,Tax Associate,PL3,Phone,New Hire,120+ days,Before Season,4,4,0,0,0,0,0,0,4142.933339,230,0,0
TTL Full Service Consumer,JDA,Tax Associate,PL3,Phone,Re-Hire,120+ days,Before Season,2,3,0,0,0,0,0,0,1692.516666,148,0,0
TTL Full Service Consumer,JDA,Tax Associate,PL3,Engagement,New Hire,N/A,26-Jan,0,0,0,0,0,0,0,0,0,0,286.284417,142
TTL Full Service Consumer,JDA,Tax Expert,PL3,Phone,New Hire,90-120 days,26-Apr,28,45,0,0,659.66,752.92,0,0,66715.63332,1541,0,0
TTL Full Service Consumer,JDA,Tax Expert,PL3,Phone,New Hire,60-90 days,26-Mar,45,77,0,0,637.87,706.3,0,0,57106.53334,1485,0,0
TTL Full Service Consumer,JDA,Tax Expert,PL3,Phone,New Hire,30-60 days,26-Mar,41,62,0,0,396.94,434.47,0,0,40499.31666,859,0,0
TTL Full Service Consumer,JDA,Tax Expert,PL3,Phone,Re-Hire,90-120 days,26-Mar,7,14,1,1,121.77,137.86,0,0,12139.16666,280,0,0
TTL Full Service Consumer,JDA,Tax Expert,PL3,Phone,Re-Hire,60-90 days,26-Apr,2,4,0,0,62.05,71.99,0,0,3293.683331,124,0,0
TTL Full Service Consumer,JDA,Tax Expert,PL3,Phone,New Hire,< 30 days,26-Feb,25,29,0,0,165.27,178.77,0,0,13348.58333,368,0,0
TTL Full Service Consumer,JDA,Tax Expert,PL3,Phone,Re-Hire,30-60 days,26-Feb,17,20,0,0,145.7,157.5,0,0,9367.783331,314,0,0
TTL Full Service Consumer,JDA,Tax Expert,PL3,Phone,Re-Hire,60-90 days,26-Feb,34,40,0,0,201.39,213.88,0,0,16081.55001,478,0,0
TTL Full Service Consumer,JDA,Tax Expert,PL3,Phone,New Hire,< 30 days,26-Mar,11,18,0,0,148.57,163.08,0,0,12142.6,321,0,0
TTL Full Service Consumer,JDA,Tax Expert,PL3,Phone,New Hire,60-90 days,26-Apr,28,39,0,0,435.63,504.91,0,0,39791.41667,1012,0,0
TTL Full Service Consumer,JDA,Tax Expert,PL3,Phone,New Hire,30-60 days,26-Feb,79,104,0,0,641.6,695.67,0,0,54164.83333,1556,0,0
TTL Full Service Consumer,JDA,Tax Expert,PL3,Phone,Re-Hire,60-90 days,26-Mar,17,22,1,1,243.78,266.64,0,0,22194.96666,527,0,0
TTL Full Service Consumer,JDA,Tax Expert,PL3,Phone,New Hire,< 30 days,26-Apr,16,20,0,0,135.34,158.54,0,0,18815.66666,304,0,0
TTL Full Service Consumer,JDA,Tax Expert,PL3,Phone,New Hire,< 30 days,Before Season,14,14,0,0,89.51,98.28,0,0,7897.716672,238,0,0
TTL Full Service Consumer,JDA,Tax Expert,PL3,Engagement,Re-Hire,60-90 days,26-Feb,0,0,0,0,0,0,258,319,0,0,0,0
TTL Full Service Consumer,JDA,Tax Expert,PL3,Phone,Re-Hire,90-120 days,After Season,0,0,0,0,19,22.13,0,0,0,0,0,0
TTL Full Service Consumer,JDA,Tax Expert,PL3,Engagement,Re-Hire,90-120 days,26-Mar,0,0,0,0,0,0,173,198,0,0,0,0
TTL Full Service Consumer,JDA,Tax Expert,PL3,Engagement,Re-Hire,< 30 days,26-Jan,0,0,0,0,0,0,8,9,0,0,0,0
TTL Full Service Consumer,JDA,Tax Expert,PL3,Engagement,Re-Hire,30-60 days,26-Jan,0,0,0,0,0,0,53,78,0,0,0,0
TTL Full Service Consumer,JDA,Tax Expert,PL3,Engagement,New Hire,< 30 days,26-Apr,0,0,0,0,0,0,152,204,0,0,0,0
TTL Full Service Consumer,JDA,Tax Expert,PL3,Engagement,New Hire,30-60 days,26-Feb,0,0,0,0,0,0,780,982,0,0,0,0
TTL Full Service Consumer,JDA,Tax Expert,PL3,Engagement,Re-Hire,60-90 days,26-Mar,0,0,0,0,0,0,302,363,0,0,0,0
TTL Full Service Consumer,JDA,Tax Expert,PL3,Phone,Re-Hire,30-60 days,26-Jan,11,11,0,0,45.76,49.48,0,0,3545.650003,110,0,0
TTL Full Service Consumer,JDA,Tax Expert,PL3,Engagement,Re-Hire,90-120 days,26-Apr,0,0,0,0,0,0,300,392,0,0,0,0
TTL Full Service Consumer,JDA,Tax Expert,PL3,Phone,Re-Hire,< 30 days,26-Feb,0,0,0,0,7.44,8.44,0,0,794.6,19,0,0
TTL Full Service Consumer,JDA,Tax Expert,PL3,Engagement,Re-Hire,30-60 days,26-Feb,0,0,0,0,0,0,176,217,0,0,0,0
TTL Full Service Consumer,JDA,Tax Expert,PL3,Phone,New Hire,< 30 days,After Season,0,0,0,0,6.05,8.04,0,0,0,0,0,0
TTL Full Service Consumer,JDA,Tax Expert,PL3,Phone,New Hire,30-60 days,After Season,0,0,0,0,15.67,18.1,0,0,0,0,0,0
TTL Full Service Consumer,JDA,Tax Expert,PL3,Phone,New Hire,30-60 days,26-Jan,0,0,0,0,0,0,0,0,166.166667,6,0,0
TTL Full Service Consumer,JDA,Tax Expert,PL3,Phone,Re-Hire,120+ days,26-Apr,7,12,0,0,149.66,176.4,0,0,14042.86667,343,0,0
TTL Full Service Consumer,JDA,Tax Expert,PL3,Phone,Re-Hire,120+ days,After Season,0,0,0,0,5.91,6.49,0,0,0,0,0,0
TTL Full Service Consumer,JDA,Tax Expert,PL3,Engagement,New Hire,30-60 days,26-Apr,0,0,0,0,0,0,324,424,0,0,0,0
TTL Full Service Consumer,JDA,Tax Expert,PL3,Engagement,Re-Hire,< 30 days,Before Season,0,0,0,0,0,0,10,13,0,0,0,0
TTL Full Service Consumer,JDA,Tax Expert,PL3,Engagement,New Hire,90-120 days,26-Apr,0,0,0,0,0,0,715,982,0,0,0,0
TTL Full Service Consumer,JDA,Tax Expert,PL3,Phone,Re-Hire,30-60 days,26-Apr,2,4,0,0,26.59,28.99,0,0,3582.233333,63,0,0
TTL Full Service Consumer,JDA,Tax Expert,PL3,Phone,Re-Hire,90-120 days,26-Apr,15,19,0,0,258.56,299.28,0,0,22145.65,582,0,0
TTL Full Service Consumer,JDA,Tax Expert,PL3,Phone,Re-Hire,< 30 days,26-Jan,0,0,0,0,7.07,7.35,0,0,3509.616666,17,0,0
TTL Full Service Consumer,JDA,Tax Expert,PL3,Engagement,Re-Hire,< 30 days,26-Apr,0,0,0,0,0,0,9,11,0,0,0,0
TTL Full Service Consumer,JDA,Tax Expert,PL3,Engagement,Re-Hire,60-90 days,26-Apr,0,0,0,0,0,0,68,90,0,0,0,0
TTL Full Service Consumer,JDA,Tax Expert,PL3,Engagement,Re-Hire,< 30 days,26-Feb,0,0,0,0,0,0,12,16,0,0,0,0
TTL Full Service Consumer,JDA,Tax Expert,PL3,Engagement,Re-Hire,120+ days,26-Apr,0,0,0,0,0,0,187,256,0,0,0,0
TTL Full Service Consumer,JDA,Tax Expert,PL3,Phone,Re-Hire,60-90 days,After Season,0,0,0,0,5.37,6.62,0,0,0,0,0,0
TTL Full Service Consumer,JDA,Tax Expert,PL3,Engagement,Re-Hire,N/A,26-Apr,0,0,0,0,0,0,0,0,0,0,2531.795472,1046
TTL Full Service Consumer,JDA,Tax Expert,PL3,Engagement,New Hire,< 30 days,26-Jan,0,0,0,0,0,0,113,176,0,0,0,0
TTL Full Service Consumer,JDA,Tax Expert,PL3,Engagement,Re-Hire,N/A,26-Jan,0,0,0,0,0,0,0,0,0,0,291.614388,161
TTL Full Service Consumer,JDA,Tax Expert,PL3,Engagement,Re-Hire,N/A,26-Feb,0,0,0,0,0,0,1,1,0,0,1457.117562,563
TTL Full Service Consumer,JDA,Tax Expert,PL3,Engagement,New Hire,N/A,After Season,0,0,0,0,0,0,0,0,0,0,420.880327,214
TTL Full Service Consumer,JDA,Tax Expert,PL3,Phone,Re-Hire,< 30 days,26-Apr,0,0,0,0,9.6,10.1,0,0,392.833333,15,0,0
TTL Full Service Consumer,JDA,Tax Expert,PL3,Engagement,New Hire,N/A,26-Apr,0,0,0,0,0,0,0,0,0,0,5007.306997,1895
TTL Full Service Consumer,JDA,Tax Expert,PL3,Engagement,New Hire,60-90 days,26-Apr,0,0,0,0,0,0,511,663,0,0,0,0
TTL Full Service Consumer,JDA,Tax Expert,PL3,Engagement,New Hire,N/A,26-Mar,0,0,0,0,0,0,0,1,0,0,5617.664817,1743
TTL Full Service Consumer,JDA,Tax Expert,PL3,Phone,New Hire,90-120 days,After Season,0,0,0,0,55.53,63.97,0,0,0,0,0,0
TTL Full Service Consumer,JDA,Tax Expert,PL3,Engagement,New Hire,N/A,26-Jan,0,0,0,0,0,0,0,0,0,0,237.609239,100
TTL Full Service Consumer,JDA,Tax Expert,PL3,Phone,New Hire,60-90 days,After Season,0,0,0,0,13.13,15.2,0,0,0,0,0,0
TTL Full Service Consumer,JDA,Tax Expert,PL3,Engagement,Re-Hire,N/A,Before Season,0,0,0,0,0,0,0,0,0,0,28.656714,18
TTL Full Service Consumer,JDA,Tax Expert,PL3,Engagement,New Hire,60-90 days,26-Mar,0,0,0,0,0,0,835,983,0,0,0,0
TTL Full Service Consumer,JDA,Tax Expert,PL3,Engagement,New Hire,N/A,Before Season,0,0,0,0,0,0,0,0,0,0,2.296668,2
TTL Full Service Consumer,JDA,Tax Expert,PL3,Engagement,Re-Hire,30-60 days,26-Apr,0,0,0,0,0,0,27,45,0,0,0,0
TTL Full Service Consumer,JDA,Tax Expert,PL3,Phone,Re-Hire,30-60 days,After Season,0,0,0,0,0.57,0.71,0,0,0,0,0,0
TTL Full Service Consumer,JDA,Tax Expert,PL3,Engagement,Re-Hire,< 30 days,26-Mar,0,0,0,0,0,0,31,43,0,0,0,0
TTL Full Service Consumer,JDA,Tax Expert,PL3,Engagement,Re-Hire,30-60 days,Before Season,0,0,0,0,0,0,169,270,0,0,0,0
TTL Full Service Consumer,JDA,Tax Expert,PL3,Engagement,Re-Hire,30-60 days,26-Mar,0,0,0,0,0,0,59,73,0,0,0,0
TTL Full Service Consumer,JDA,Tax Expert,PL3,Engagement,New Hire,< 30 days,26-Mar,0,0,0,0,0,0,169,218,0,0,0,0
TTL Full Service Consumer,JDA,Tax Expert,PL3,Phone,Re-Hire,< 30 days,Before Season,4,6,0,0,7.32,7.94,0,0,429.166667,16,0,0
TTL Full Service Consumer,JDA,Tax Expert,PL3,Phone,New Hire,< 30 days,26-Jan,14,17,0,0,117.6,133.53,0,0,7426,266,0,0
TTL Full Service Consumer,JDA,Tax Expert,PL3,Engagement,New Hire,30-60 days,26-Mar,0,0,0,0,0,0,509,590,0,0,0,0
TTL Full Service Consumer,JDA,Tax Expert,PL3,Phone,Re-Hire,30-60 days,26-Mar,-2,5,0,0,46.75,50.45,0,0,3418.816668,104,0,0
TTL Full Service Consumer,JDA,Tax Expert,PL3,Phone,New Hire,30-60 days,26-Apr,17,24,0,0,305.06,338.01,0,0,28111.08333,674,0,0
TTL Full Service Consumer,JDA,Tax Expert,PL3,Engagement,New Hire,< 30 days,Before Season,0,0,0,0,0,0,96,163,0,0,0,0
TTL Full Service Consumer,JDA,Tax Expert,PL3,Phone,Re-Hire,< 30 days,26-Mar,2,4,0,0,25.43,26.75,0,0,5292.433332,64,0,0
TTL Full Service Consumer,JDA,Tax Expert,PL3,Phone,Re-Hire,30-60 days,Before Season,19,20,0,0,156.96,168.18,0,0,17775.01667,377,0,0
TTL Full Service Consumer,JDA,Tax Expert,PL3,Engagement,New Hire,< 30 days,26-Feb,0,0,0,0,0,0,209,253,0,0,0,0
TTL Full Service Consumer,JDA,Tax Expert,PL3,Engagement,Re-Hire,N/A,After Season,0,0,0,0,0,0,0,0,0,0,158.108317,90
TTL Full Service Consumer,JDA,Tax Expert,PL3,Engagement,Re-Hire,N/A,26-Mar,0,0,0,0,0,0,0,0,0,0,2838.903692,995
TTL Full Service Consumer,JDA,Tax Expert,PL3,Engagement,New Hire,N/A,26-Feb,0,0,0,0,0,0,0,0,0,0,2723.197485,974
TTL Full Service Consumer,JDA,Tax Associate,PL4,Phone,New Hire,60-90 days,26-Apr,40,57,0,0,540.72,612.29,0,0,48609.1,1138,0,0
TTL Full Service Consumer,JDA,Tax Associate,PL4,Phone,New Hire,30-60 days,26-Mar,24,35,0,0,220.92,243.92,0,0,14086,507,0,0
TTL Full Service Consumer,JDA,Tax Associate,PL4,Phone,Re-Hire,90-120 days,26-Mar,109,137,0,1,896.25,983,0,0,77859.36667,2020,0,0
TTL Full Service Consumer,JDA,Tax Associate,PL4,Phone,Re-Hire,120+ days,26-Apr,64,72,0,0,977.06,1099.95,0,0,97528.63333,2164,0,0
TTL Full Service Consumer,JDA,Tax Associate,PL4,Phone,Re-Hire,60-90 days,26-Feb,93,105,0,0,714.03,757.02,0,0,75299.1,1803,0,0
TTL Full Service Consumer,JDA,Tax Associate,PL4,Phone,New Hire,60-90 days,26-Mar,39,47,0,0,379.02,418.3,0,0,29921.83333,869,0,0
TTL Full Service Consumer,JDA,Tax Associate,PL4,Phone,Re-Hire,60-90 days,26-Mar,110,128,0,0,895.3,973.32,0,0,89658.44999,2021,0,0
TTL Full Service Consumer,JDA,Tax Associate,PL4,Engagement,New Hire,90-120 days,26-Apr,0,0,0,0,0,0,419,613,0,0,0,0
TTL Full Service Consumer,JDA,Tax Associate,PL4,Phone,Re-Hire,30-60 days,26-Feb,87,110,0,0,737.35,798.81,0,0,66802.63333,1835,0,0
TTL Full Service Consumer,JDA,Tax Associate,PL4,Phone,Re-Hire,< 30 days,26-Feb,0,0,0,0,3.11,3.23,0,0,598.683334,10,0,0
TTL Full Service Consumer,JDA,Tax Associate,PL4,Phone,Re-Hire,30-60 days,26-Apr,3,6,0,0,100.1,112.28,0,0,7289.666663,211,0,0
TTL Full Service Consumer,JDA,Tax Associate,PL4,Engagement,Re-Hire,90-120 days,26-Mar,0,0,0,0,0,0,961,1131,0,0,0,0
TTL Full Service Consumer,JDA,Tax Associate,PL4,Phone,Re-Hire,30-60 days,Before Season,48,53,0,0,423.49,457.25,0,0,33829.6,979,0,0
TTL Full Service Consumer,JDA,Tax Associate,PL4,Engagement,Re-Hire,60-90 days,26-Mar,0,0,0,0,0,0,963,1143,0,0,0,0
TTL Full Service Consumer,JDA,Tax Associate,PL4,Engagement,Re-Hire,< 30 days,26-Jan,0,0,0,0,0,0,74,109,0,0,0,0
TTL Full Service Consumer,JDA,Tax Associate,PL4,Engagement,Re-Hire,30-60 days,26-Mar,0,0,0,0,0,0,87,101,0,0,0,0
TTL Full Service Consumer,JDA,Tax Associate,PL4,Phone,New Hire,30-60 days,26-Feb,0,0,0,0,5.42,5.64,0,0,510.883332,17,0,0
TTL Full Service Consumer,JDA,Tax Associate,PL4,Phone,New Hire,90-120 days,26-Apr,27,35,0,0,461.56,529.75,0,0,44428.86667,1053,0,0
TTL Full Service Consumer,JDA,Tax Associate,PL4,Engagement,Re-Hire,30-60 days,26-Feb,0,0,0,0,0,0,865,1130,0,0,0,0
TTL Full Service Consumer,JDA,Tax Associate,PL4,Phone,Re-Hire,30-60 days,26-Mar,15,16,1,1,79.56,85.84,0,0,6469.200007,182,0,0
TTL Full Service Consumer,JDA,Tax Associate,PL4,Phone,Re-Hire,< 30 days,26-Mar,3,3,0,0,16.24,17.48,0,0,2272.966669,39,0,0
TTL Full Service Consumer,JDA,Tax Associate,PL4,Engagement,New Hire,< 30 days,26-Mar,0,0,0,0,0,0,5,5,0,0,0,0
TTL Full Service Consumer,JDA,Tax Associate,PL4,Phone,Re-Hire,120+ days,After Season,0,0,0,0,79.7,89.39,0,0,0,0,0,0
TTL Full Service Consumer,JDA,Tax Associate,PL4,Engagement,Re-Hire,< 30 days,Before Season,0,0,0,0,0,0,91,161,0,0,0,0
TTL Full Service Consumer,JDA,Tax Associate,PL4,Phone,Re-Hire,60-90 days,After Season,0,0,0,0,1.38,1.42,0,0,0,0,0,0
TTL Full Service Consumer,JDA,Tax Associate,PL4,Engagement,New Hire,30-60 days,26-Apr,0,0,0,0,0,0,61,90,0,0,0,0
TTL Full Service Consumer,JDA,Tax Associate,PL4,Engagement,Re-Hire,30-60 days,Before Season,0,0,0,0,0,0,433,684,0,0,0,0
TTL Full Service Consumer,JDA,Tax Associate,PL4,Engagement,Re-Hire,120+ days,26-Apr,0,0,0,0,0,0,944,1312,0,0,0,0
TTL Full Service Consumer,JDA,Tax Associate,PL4,Phone,New Hire,60-90 days,After Season,0,0,0,0,18.56,22.56,0,0,0,0,0,0
TTL Full Service Consumer,JDA,Tax Associate,PL4,Engagement,New Hire,30-60 days,26-Feb,0,0,0,0,0,0,9,11,0,0,0,0
TTL Full Service Consumer,JDA,Tax Associate,PL4,Engagement,Re-Hire,< 30 days,26-Mar,0,0,0,0,0,0,26,28,0,0,0,0
TTL Full Service Consumer,JDA,Tax Associate,PL4,Phone,Re-Hire,90-120 days,26-Apr,99,138,0,0,1272.02,1436.35,0,0,125673.9167,2785,0,0
TTL Full Service Consumer,JDA,Tax Associate,PL4,Engagement,Re-Hire,60-90 days,26-Apr,0,0,0,0,0,0,54,71,0,0,0,0
TTL Full Service Consumer,JDA,Tax Associate,PL4,Engagement,New Hire,60-90 days,26-Mar,0,0,0,0,0,0,389,456,0,0,0,0
TTL Full Service Consumer,JDA,Tax Associate,PL4,Phone,New Hire,90-120 days,After Season,0,0,0,0,26.03,30.79,0,0,0,0,0,0
TTL Full Service Consumer,JDA,Tax Associate,PL4,Engagement,Re-Hire,30-60 days,26-Jan,0,0,0,0,0,0,232,332,0,0,0,0
TTL Full Service Consumer,JDA,Tax Associate,PL4,Phone,Re-Hire,< 30 days,26-Jan,8,8,0,0,71.29,79.94,0,0,6089.950005,178,0,0
TTL Full Service Consumer,JDA,Tax Associate,PL4,Engagement,Re-Hire,N/A,Before Season,0,0,0,0,0,0,1,2,0,0,170.681327,103
TTL Full Service Consumer,JDA,Tax Associate,PL4,Phone,New Hire,30-60 days,26-Apr,6,7,0,0,58.95,67.31,0,0,4463.649994,132,0,0
TTL Full Service Consumer,JDA,Tax Associate,PL4,Phone,Re-Hire,< 30 days,Before Season,22,26,0,0,95.56,106.57,0,0,8097.716663,232,0,0
TTL Full Service Consumer,JDA,Tax Associate,PL4,Engagement,New Hire,30-60 days,26-Mar,0,0,0,0,0,0,221,270,0,0,0,0
TTL Full Service Consumer,JDA,Tax Associate,PL4,Phone,New Hire,< 30 days,26-Mar,0,0,0,0,4.06,4.14,0,0,129.016667,7,0,0
TTL Full Service Consumer,JDA,Tax Associate,PL4,Phone,Re-Hire,30-60 days,After Season,0,0,0,0,5.57,6.79,0,0,0,0,0,0
TTL Full Service Consumer,JDA,Tax Associate,PL4,Engagement,Re-Hire,60-90 days,26-Feb,0,0,0,0,0,0,864,1086,0,0,0,0
TTL Full Service Consumer,JDA,Tax Associate,PL4,Engagement,Re-Hire,90-120 days,26-Apr,0,0,0,0,0,0,1272,1640,0,0,0,0
TTL Full Service Consumer,JDA,Tax Associate,PL4,Phone,Re-Hire,60-90 days,26-Apr,3,6,0,0,56.66,63.78,0,0,7277.983331,145,0,0
TTL Full Service Consumer,JDA,Tax Associate,PL4,Engagement,New Hire,60-90 days,26-Apr,0,0,0,0,0,0,509,675,0,0,0,0
TTL Full Service Consumer,JDA,Tax Associate,PL4,Engagement,Re-Hire,< 30 days,26-Feb,0,0,0,0,0,0,5,6,0,0,0,0
TTL Full Service Consumer,JDA,Tax Associate,PL4,Phone,Re-Hire,30-60 days,26-Jan,23,27,0,0,216.47,231.76,0,0,20567.28333,547,0,0
TTL Full Service Consumer,JDA,Tax Associate,PL4,Engagement,Re-Hire,30-60 days,26-Apr,0,0,0,0,0,0,88,117,0,0,0,0
TTL Full Service Consumer,JDA,Tax Associate,PL4,Phone,Re-Hire,90-120 days,After Season,0,0,0,0,27.86,31.77,0,0,0,0,0,0
TTL Full Service Consumer,JDA,Tax Associate,PL4,Engagement,Re-Hire,N/A,26-Jan,0,0,0,0,0,0,0,0,0,0,1240.632696,620
TTL Full Service Consumer,JDA,Tax Associate,PL4,Engagement,Re-Hire,N/A,26-Apr,0,0,0,0,0,0,0,0,0,0,10227.80182,3966
TTL Full Service Consumer,JDA,Tax Associate,PL4,Engagement,Re-Hire,N/A,After Season,0,0,0,0,0,0,0,0,0,0,641.688062,292
TTL Full Service Consumer,JDA,Tax Associate,PL4,Engagement,New Hire,N/A,26-Apr,0,0,0,0,0,0,0,0,0,0,3467.377741,1304
TTL Full Service Consumer,JDA,Tax Associate,PL4,Engagement,New Hire,N/A,After Season,0,0,0,0,0,0,0,0,0,0,288.419626,103
TTL Full Service Consumer,JDA,Tax Associate,PL4,Engagement,New Hire,N/A,26-Feb,0,0,0,0,0,0,0,0,0,0,165.886571,70
TTL Full Service Consumer,JDA,Tax Associate,PL4,Phone,New Hire,120+ days,Before Season,1,1,0,0,0,0,0,0,6796.099994,806,0,0
TTL Full Service Consumer,JDA,Tax Associate,PL4,Engagement,Re-Hire,N/A,26-Mar,0,0,0,0,0,0,0,0,0,0,10296.75561,3145
TTL Full Service Consumer,JDA,Tax Associate,PL4,Phone,Re-Hire,120+ days,Before Season,1,1,0,0,0,0,0,0,4744.533332,423,0,0
TTL Full Service Consumer,JDA,Tax Associate,PL4,Engagement,New Hire,N/A,26-Mar,0,0,0,0,0,0,0,0,0,0,2385.397755,762
TTL Full Service Consumer,JDA,Tax Associate,PL4,Engagement,Re-Hire,N/A,26-Feb,0,0,0,0,0,0,0,0,0,0,5781.783585,2369
TTL Full Service Consumer,JDA,Tax Expert,PL4,Phone,Re-Hire,30-60 days,26-Feb,19,31,0,0,222.55,247.77,0,0,17994.91667,528,0,0
TTL Full Service Consumer,JDA,Tax Expert,PL4,Phone,Re-Hire,60-90 days,26-Mar,18,32,0,0,210.83,236.16,0,0,23767.38334,473,0,0
TTL Full Service Consumer,JDA,Tax Expert,PL4,Phone,Re-Hire,60-90 days,26-Apr,1,1,0,0,21.47,23.99,0,0,1788.766664,43,0,0
TTL Full Service Consumer,JDA,Tax Expert,PL4,Phone,New Hire,60-90 days,26-Mar,46,60,2,2,394.23,429.95,0,0,25522.20001,891,0,0
TTL Full Service Consumer,JDA,Tax Expert,PL4,Engagement,Re-Hire,90-120 days,26-Mar,0,0,0,0,0,0,310,369,0,0,0,0
TTL Full Service Consumer,JDA,Tax Expert,PL4,Phone,Re-Hire,60-90 days,26-Feb,25,37,0,0,183.45,204.29,0,0,25224.6,449,0,0
TTL Full Service Consumer,JDA,Tax Expert,PL4,Phone,Re-Hire,< 30 days,Before Season,5,9,0,0,26.67,30.9,0,0,2231.98333,69,0,0
TTL Full Service Consumer,JDA,Tax Expert,PL4,Engagement,Re-Hire,30-60 days,26-Mar,0,0,0,0,0,0,35,44,0,0,0,0
TTL Full Service Consumer,JDA,Tax Expert,PL4,Phone,Re-Hire,90-120 days,26-Apr,19,35,0,0,320.07,368.62,0,0,28609.1,752,0,0
TTL Full Service Consumer,JDA,Tax Expert,PL4,Engagement,Re-Hire,< 30 days,26-Feb,0,0,0,0,0,0,19,29,0,0,0,0
TTL Full Service Consumer,JDA,Tax Expert,PL4,Phone,New Hire,90-120 days,26-Apr,33,39,0,0,498.49,563.41,0,0,37141.08333,1152,0,0
TTL Full Service Consumer,JDA,Tax Expert,PL4,Engagement,New Hire,90-120 days,26-Apr,0,0,0,0,0,0,452,635,0,0,0,0
TTL Full Service Consumer,JDA,Tax Expert,PL4,Phone,Re-Hire,30-60 days,Before Season,1,8,0,0,124.09,137.66,0,0,8474.033326,279,0,0
TTL Full Service Consumer,JDA,Tax Expert,PL4,Engagement,Re-Hire,60-90 days,26-Apr,0,0,0,0,0,0,20,30,0,0,0,0
TTL Full Service Consumer,JDA,Tax Expert,PL4,Phone,New Hire,60-90 days,26-Apr,12,14,0,0,166.86,182.29,0,0,13095.6,349,0,0
TTL Full Service Consumer,JDA,Tax Expert,PL4,Engagement,New Hire,30-60 days,26-Feb,0,0,0,0,0,0,10,12,0,0,0,0
TTL Full Service Consumer,JDA,Tax Expert,PL4,Engagement,Re-Hire,< 30 days,26-Jan,0,0,0,0,0,0,26,46,0,0,0,0
TTL Full Service Consumer,JDA,Tax Expert,PL4,Engagement,Re-Hire,60-90 days,26-Feb,0,0,0,0,0,0,216,284,0,0,0,0
TTL Full Service Consumer,JDA,Tax Expert,PL4,Engagement,Re-Hire,30-60 days,26-Jan,0,0,0,0,0,0,55,89,0,0,0,0
TTL Full Service Consumer,JDA,Tax Expert,PL4,Phone,New Hire,90-120 days,After Season,0,0,0,0,21.77,23.31,0,0,0,0,0,0
TTL Full Service Consumer,JDA,Tax Expert,PL4,Phone,New Hire,30-60 days,26-Feb,0,0,0,0,7.58,7.98,0,0,487.099999,14,0,0
TTL Full Service Consumer,JDA,Tax Expert,PL4,Engagement,Re-Hire,< 30 days,Before Season,0,0,0,0,0,0,35,48,0,0,0,0
TTL Full Service Consumer,JDA,Tax Expert,PL4,Phone,Re-Hire,120+ days,26-Apr,26,38,0,0,311.58,360.11,0,0,33104.79999,697,0,0
TTL Full Service Consumer,JDA,Tax Expert,PL4,Phone,Re-Hire,30-60 days,26-Jan,4,7,0,0,58.15,66.05,0,0,5924.266664,142,0,0
TTL Full Service Consumer,JDA,Tax Expert,PL4,Engagement,Re-Hire,N/A,Before Season,0,0,0,0,0,0,1,1,0,0,47.299512,29
TTL Full Service Consumer,JDA,Tax Expert,PL4,Phone,Re-Hire,90-120 days,After Season,0,0,0,0,9.46,10.21,0,0,0,0,0,0
TTL Full Service Consumer,JDA,Tax Expert,PL4,Phone,Re-Hire,30-60 days,26-Mar,5,5,0,0,28.98,32.17,0,0,2110.649996,71,0,0
TTL Full Service Consumer,JDA,Tax Expert,PL4,Phone,Re-Hire,120+ days,After Season,0,0,0,0,27.41,34.51,0,0,0,0,0,0
TTL Full Service Consumer,JDA,Tax Expert,PL4,Engagement,Re-Hire,60-90 days,26-Mar,0,0,0,0,0,0,218,275,0,0,0,0
TTL Full Service Consumer,JDA,Tax Expert,PL4,Engagement,New Hire,30-60 days,26-Mar,0,0,0,0,0,0,32,36,0,0,0,0
TTL Full Service Consumer,JDA,Tax Expert,PL4,Engagement,Re-Hire,90-120 days,26-Apr,0,0,0,0,0,0,291,417,0,0,0,0
TTL Full Service Consumer,JDA,Tax Expert,PL4,Phone,New Hire,30-60 days,26-Mar,9,9,0,0,32.79,35.62,0,0,2079.066668,61,0,0
TTL Full Service Consumer,JDA,Tax Expert,PL4,Phone,New Hire,60-90 days,After Season,0,0,0,0,0.55,0.71,0,0,0,0,0,0
TTL Full Service Consumer,JDA,Tax Expert,PL4,Engagement,New Hire,60-90 days,26-Mar,0,0,0,0,0,0,465,549,0,0,0,0
TTL Full Service Consumer,JDA,Tax Expert,PL4,Engagement,Re-Hire,30-60 days,Before Season,0,0,0,0,0,0,134,202,0,0,0,0
TTL Full Service Consumer,JDA,Tax Expert,PL4,Phone,Re-Hire,< 30 days,26-Jan,2,2,0,0,29.74,33.63,0,0,2290.649998,78,0,0
TTL Full Service Consumer,JDA,Tax Expert,PL4,Engagement,Re-Hire,30-60 days,26-Feb,0,0,0,0,0,0,252,351,0,0,0,0
TTL Full Service Consumer,JDA,Tax Expert,PL4,Engagement,New Hire,60-90 days,26-Apr,0,0,0,0,0,0,166,205,0,0,0,0
TTL Full Service Consumer,JDA,Tax Expert,PL4,Engagement,Re-Hire,N/A,26-Jan,0,0,0,0,0,0,0,0,0,0,336.637548,185
TTL Full Service Consumer,JDA,Tax Expert,PL4,Engagement,Re-Hire,120+ days,26-Apr,0,0,0,0,0,0,310,417,0,0,0,0
TTL Full Service Consumer,JDA,Tax Expert,PL4,Engagement,New Hire,N/A,26-Feb,0,0,0,0,0,0,0,0,0,0,17.540394,12
TTL Full Service Consumer,JDA,Tax Expert,PL4,Phone,Re-Hire,< 30 days,26-Feb,2,4,0,0,16.95,20.48,0,0,1157.016667,45,0,0
TTL Full Service Consumer,JDA,Tax Expert,PL4,Engagement,New Hire,N/A,26-Mar,0,0,0,0,0,0,0,0,0,0,1561.705838,558
TTL Full Service Consumer,JDA,Tax Expert,PL4,Phone,Re-Hire,90-120 days,26-Mar,43,50,0,0,277.52,311.28,0,0,29518.33334,632,0,0
TTL Full Service Consumer,JDA,Tax Expert,PL4,Engagement,Re-Hire,N/A,26-Mar,0,0,0,0,0,0,0,0,0,0,3191.165772,942
TTL Full Service Consumer,JDA,Tax Expert,PL4,Engagement,New Hire,N/A,26-Apr,0,0,0,0,0,0,0,0,0,0,1951.194848,759
TTL Full Service Consumer,JDA,Tax Expert,PL4,Engagement,Re-Hire,N/A,26-Feb,0,0,0,0,0,0,0,0,0,0,1828.712473,715
TTL Full Service Consumer,JDA,Tax Expert,PL4,Engagement,New Hire,N/A,After Season,0,0,0,0,0,0,0,0,0,0,132.218489,67
TTL Full Service Consumer,JDA,Tax Expert,PL4,Engagement,Re-Hire,N/A,26-Apr,0,0,0,0,0,0,0,0,0,0,2756.164,1045
TTL Full Service Consumer,JDA,Tax Expert,PL4,Engagement,Re-Hire,N/A,After Season,0,0,0,0,0,0,0,0,0,0,188.479356,83
TTL Full Service Consumer,JDA,Tax Associate,TTLA,Phone,New Hire,30-60 days,26-Mar,0,0,0,0,26.73,34.46,0,0,794.183334,54,0,0
TTL Full Service Consumer,JDA,Tax Associate,TTLA,Phone,Re-Hire,90-120 days,26-Apr,0,0,0,0,1.26,1.71,0,0,47.633333,3,0,0
TTL Full Service Consumer,JDA,Tax Associate,TTLA,Phone,New Hire,90-120 days,26-Apr,0,0,0,0,11.19,15.55,0,0,383.899998,23,0,0
TTL Full Service Consumer,JDA,Tax Associate,TTLA,Phone,New Hire,60-90 days,26-Apr,0,0,0,0,6.82,9.12,0,0,388.233332,15,0,0
TTL Full Service Consumer,JDA,Tax Associate,TTLA,Phone,New Hire,30-60 days,26-Apr,0,0,0,0,1.12,1.88,0,0,32.699999,3,0,0
TTL Full Service Consumer,JDA,Tax Associate,TTLA,Phone,New Hire,90-120 days,26-Mar,0,0,0,0,33.38,42.42,0,0,937.116669,62,0,0
TTL Full Service Consumer,JDA,Tax Associate,TTLA,Phone,New Hire,< 30 days,26-Apr,0,0,0,0,0.67,0.71,0,0,54.483333,1,0,0
TTL Full Service Consumer,JDA,Tax Associate,TTLA,Phone,New Hire,120+ days,26-Apr,0,0,0,0,4.01,4.7,0,0,92.416667,6,0,0
TTL Full Service Consumer,JDA,Tax Associate,TTLA,Phone,Re-Hire,60-90 days,26-Apr,0,0,0,0,0.35,0.61,0,0,11.85,1,0,0
TTL Full Service Consumer,JDA,Tax Associate,TTLA,Phone,Re-Hire,120+ days,26-Apr,0,0,0,0,3.05,4.11,0,0,59.216666,6,0,0
TTL Full Service Consumer,JDA,Tax Associate,TTLA,Phone,New Hire,120+ days,26-Mar,0,0,0,0,16.52,21.26,0,0,627.133333,35,0,0
TTL Full Service Consumer,JDA,Tax Associate,TTLA,Phone,New Hire,60-90 days,26-Mar,0,0,0,0,0.2,0.3,0,0,0,0,0,0
TTL Full Service Consumer,JDA,Tax Expert,TTLA,Phone,New Hire,60-90 days,26-Apr,0,0,0,0,1.14,1.42,0,0,65.033334,2,0,0
TTL Full Service Consumer,JDA,Tax Expert,TTLA,Phone,New Hire,90-120 days,26-Apr,0,0,0,0,1.17,1.61,0,0,7.833333,1,0,0
TTL Full Service Consumer,JDA,Tax Expert,TTLA,Phone,Re-Hire,90-120 days,26-Mar,0,0,0,0,2.06,2.22,0,0,48.483334,3,0,0
TTL Full Service Consumer,JDA,Tax Expert,TTLA,Phone,New Hire,120+ days,26-Mar,0,0,0,0,3.77,5.35,0,0,104.433334,8,0,0
TTL Full Service Consumer,JDA,Tax Expert,TTLA,Phone,New Hire,< 30 days,26-Apr,0,0,0,0,0.22,0.61,0,0,11.35,1,0,0
TTL Full Service Consumer,JDA,Tax Expert,TTLA,Phone,New Hire,90-120 days,26-Mar,0,0,0,0,5.48,9.63,0,0,248.883336,16,0,0
TTL Full Service Consumer,JDA,Tax Expert,TTLA,Phone,Re-Hire,60-90 days,26-Apr,0,0,0,0,1.07,1.28,0,0,57.566666,2,0,0
TTL Full Service Consumer,JDA,Tax Expert,TTLA,Phone,Re-Hire,120+ days,26-Mar,0,0,0,0,0.59,0.61,0,0,47.416667,1,0,0
TTL Full Service Consumer,JDA,Tax Expert,TTLA,Phone,New Hire,120+ days,26-Apr,0,0,0,0,0.97,1.05,0,0,8.366667,2,0,0
TTL Full Service Consumer,JDA,Tax Associate,UNKNOWN,Phone,New Hire,< 30 days,26-Mar,0,0,0,0,7.41,8.05,0,0,0,0,0,0
TTL Full Service Consumer,JDA,Tax Associate,UNKNOWN,Phone,Re-Hire,< 30 days,26-Apr,0,0,0,0,2.11,2.13,0,0,0,0,0,0
TTL Full Service Consumer,JDA,Tax Associate,UNKNOWN,Phone,New Hire,< 30 days,26-Feb,0,0,0,0,7.55,10.73,0,0,0,0,0,0
TTL Full Service Consumer,JDA,Tax Associate,UNKNOWN,Phone,New Hire,30-60 days,26-Mar,0,0,0,0,27.75,35.92,0,0,0,0,0,0
TTL Full Service Consumer,JDA,Tax Associate,UNKNOWN,Phone,New Hire,60-90 days,26-Mar,0,0,0,0,5.08,5.58,0,0,0,0,0,0
TTL Full Service Consumer,JDA,Tax Associate,UNKNOWN,Phone,New Hire,60-90 days,26-Apr,0,0,0,0,5.49,6.7,0,0,0,0,0,0
TTL Full Service Consumer,JDA,Tax Associate,Unknown,Engagement,Re-Hire,N/A,26-Feb,0,0,0,0,0,0,0,1,0,0,0,0
TTL Full Service Consumer,JDA,Tax Associate,Unknown,Engagement,New Hire,60-90 days,26-Mar,0,0,0,0,0,0,3,3,0,0,0,0
TTL Full Service Consumer,JDA,Tax Associate,Unknown,Engagement,New Hire,< 30 days,26-Feb,0,0,0,0,0,0,7,11,0,0,0,0
TTL Full Service Consumer,JDA,Tax Associate,Unknown,Engagement,New Hire,< 30 days,26-Mar,0,0,0,0,0,0,10,10,0,0,0,0
TTL Full Service Consumer,JDA,Tax Associate,Unknown,Engagement,New Hire,60-90 days,26-Apr,0,0,0,0,0,0,4,4,0,0,0,0
TTL Full Service Consumer,JDA,Tax Associate,Unknown,Engagement,New Hire,30-60 days,26-Mar,0,0,0,0,0,0,20,27,0,0,0,0
TTL Full Service Consumer,JDA,Tax Associate,Unknown,Engagement,New Hire,N/A,Before Season,0,0,0,0,0,0,2,2,0,0,0,0
TTL Full Service Consumer,JDA,Tax Associate,Unknown,Engagement,New Hire,N/A,26-Feb,0,0,0,0,0,0,0,2,0,0,0,0
TTL Full Service Consumer,JDA,Tax Expert,Unknown,Engagement,New Hire,N/A,26-Mar,0,0,0,0,0,0,1,1,0,0,0,0
TTL Full Service Consumer,MAGNIT,Tax Expert,OTHER,Phone,New Hire,30-60 days,26-Mar,0,0,0,0,19.42,29.61,0,0,1457.416666,101,0,0
TTL Full Service Consumer,MAGNIT,Tax Expert,OTHER,Phone,New Hire,60-90 days,26-Mar,0,0,0,0,5.8,8.74,0,0,581.95,48,0,0
TTL Full Service Consumer,MAGNIT,Tax Expert,OTHER,Phone,New Hire,< 30 days,26-Feb,0,0,0,0,4.96,5.92,0,0,193.500001,17,0,0
TTL Full Service Consumer,MAGNIT,Tax Expert,OTHER,Phone,New Hire,30-60 days,26-Apr,0,0,0,0,4.86,7.57,0,0,245.033335,22,0,0
TTL Full Service Consumer,MAGNIT,Tax Expert,OTHER,Phone,New Hire,120+ days,After Season,0,0,0,0,4.43,6.8,0,0,313.450002,12,0,0
TTL Full Service Consumer,MAGNIT,Tax Expert,OTHER,Phone,New Hire,60-90 days,After Season,0,0,0,0,10.83,17.35,0,0,975.716666,52,0,0
TTL Full Service Consumer,MAGNIT,Tax Expert,OTHER,Phone,New Hire,90-120 days,26-Apr,0,0,0,0,1,1.86,0,0,107.216667,5,0,0
TTL Full Service Consumer,MAGNIT,Tax Expert,OTHER,Phone,New Hire,90-120 days,After Season,0,0,0,0,18.74,26.89,0,0,1716.066667,67,0,0
TTL Full Service Consumer,MAGNIT,Tax Expert,OTHER,Phone,New Hire,60-90 days,26-Apr,0,0,0,0,7.51,12.05,0,0,638.683331,32,0,0
TTL Full Service Consumer,MAGNIT,Tax Expert,OTHER,Phone,New Hire,< 30 days,26-Mar,0,0,0,0,2.75,4.97,0,0,446.033333,13,0,0
TTL Full Service Consumer,MAGNIT,Tax Expert,OTHER,Phone,New Hire,30-60 days,26-Feb,0,0,0,0,1.97,3.39,0,0,317.35,8,0,0
TTL Full Service Consumer,MAGNIT,Tax Associate,PL1,Phone,Re-Hire,30-60 days,26-Mar,0,0,0,0,7.22,10.28,0,0,274.183333,16,0,0
TTL Full Service Consumer,MAGNIT,Tax Associate,PL1,Phone,Re-Hire,< 30 days,26-Feb,0,0,0,0,3.66,4.52,0,0,80.116667,7,0,0
TTL Full Service Consumer,MAGNIT,Tax Associate,PL1,Phone,New Hire,< 30 days,26-Mar,-1,1,0,0,75.07,104.76,0,0,8691.349997,157,0,0
TTL Full Service Consumer,MAGNIT,Tax Associate,PL1,Phone,New Hire,30-60 days,26-Mar,8,10,2,3,392.07,497.34,0,0,15297.2,733,0,0
TTL Full Service Consumer,MAGNIT,Tax Associate,PL1,Phone,Re-Hire,< 30 days,26-Mar,0,0,0,0,7.03,8.84,0,0,159.333333,13,0,0
TTL Full Service Consumer,MAGNIT,Tax Associate,PL1,Phone,New Hire,< 30 days,26-Feb,7,9,0,0,202.85,258.2,0,0,14851.86667,409,0,0
TTL Full Service Consumer,MAGNIT,Tax Associate,PL1,Phone,New Hire,30-60 days,26-Feb,5,7,0,0,230.84,279.23,0,0,10538.41665,445,0,0
TTL Full Service Consumer,MAGNIT,Tax Associate,PL1,Phone,New Hire,30-60 days,26-Apr,5,5,0,0,83.18,100.15,0,0,3590.250005,139,0,0
TTL Full Service Consumer,MAGNIT,Tax Associate,PL1,Phone,New Hire,60-90 days,26-Mar,1,3,2,3,83.02,105.46,0,0,3361.433327,160,0,0
TTL Full Service Consumer,MAGNIT,Tax Associate,PL1,Phone,New Hire,60-90 days,26-Apr,20,33,0,0,413.61,511.22,0,0,17248.05,719,0,0
TTL Full Service Consumer,MAGNIT,Tax Associate,PL1,Phone,New Hire,90-120 days,26-Apr,13,14,0,0,179.37,212.42,0,0,7353.616668,263,0,0
TTL Full Service Consumer,MAGNIT,Tax Associate,PL1,Engagement,New Hire,30-60 days,26-Mar,0,0,0,0,0,0,58,114,0,0,0,0
TTL Full Service Consumer,MAGNIT,Tax Associate,PL1,Engagement,New Hire,30-60 days,26-Feb,0,0,0,0,0,0,86,167,0,0,0,0
TTL Full Service Consumer,MAGNIT,Tax Associate,PL1,Engagement,New Hire,< 30 days,26-Mar,0,0,0,0,0,0,6,19,0,0,0,0
TTL Full Service Consumer,MAGNIT,Tax Associate,PL1,Phone,New Hire,60-90 days,After Season,0,0,0,0,32.32,39.99,0,0,0,0,0,0
TTL Full Service Consumer,MAGNIT,Tax Associate,PL1,Phone,New Hire,< 30 days,Before Season,0,0,0,0,4.61,5.06,0,0,180.116667,9,0,0
TTL Full Service Consumer,MAGNIT,Tax Associate,PL1,Engagement,New Hire,< 30 days,26-Apr,0,0,0,0,0,0,250,582,0,0,0,0
TTL Full Service Consumer,MAGNIT,Tax Associate,PL1,Engagement,New Hire,< 30 days,Before Season,0,0,0,0,0,0,3,7,0,0,0,0
TTL Full Service Consumer,MAGNIT,Tax Associate,PL1,Engagement,New Hire,N/A,26-Mar,0,0,0,0,0,0,0,2,0,0,458.404861,123
TTL Full Service Consumer,MAGNIT,Tax Associate,PL1,Engagement,New Hire,N/A,Before Season,0,0,0,0,0,0,0,1,0,0,0,0
TTL Full Service Consumer,MAGNIT,Tax Associate,PL1,Engagement,New Hire,60-90 days,26-Apr,0,0,0,0,0,0,200,508,0,0,0,0
TTL Full Service Consumer,MAGNIT,Tax Associate,PL1,Engagement,New Hire,< 30 days,26-Jan,0,0,0,0,0,0,20,49,0,0,0,0
TTL Full Service Consumer,MAGNIT,Tax Associate,PL1,Engagement,Re-Hire,< 30 days,26-Feb,0,0,0,0,0,0,1,2,0,0,0,0
TTL Full Service Consumer,MAGNIT,Tax Associate,PL1,Engagement,New Hire,60-90 days,26-Mar,0,0,0,0,0,0,17,28,0,0,0,0
TTL Full Service Consumer,MAGNIT,Tax Associate,PL1,Phone,New Hire,< 30 days,After Season,0,0,0,0,41.02,53.69,0,0,0,0,0,0
TTL Full Service Consumer,MAGNIT,Tax Associate,PL1,Phone,New Hire,< 30 days,26-Jan,4,5,0,0,37.28,42.09,0,0,1615.283333,67,0,0
TTL Full Service Consumer,MAGNIT,Tax Associate,PL1,Phone,New Hire,< 30 days,26-Apr,14,27,0,0,435.63,536.96,0,0,17683.96667,770,0,0
TTL Full Service Consumer,MAGNIT,Tax Associate,PL1,Engagement,New Hire,< 30 days,26-Feb,0,0,0,0,0,0,58,137,0,0,0,0
TTL Full Service Consumer,MAGNIT,Tax Associate,PL1,Engagement,New Hire,90-120 days,26-Apr,0,0,0,0,0,0,111,202,0,0,0,0
TTL Full Service Consumer,MAGNIT,Tax Associate,PL1,Phone,New Hire,90-120 days,After Season,0,0,0,0,26.23,32.63,0,0,0,0,0,0
TTL Full Service Consumer,MAGNIT,Tax Associate,PL1,Engagement,Re-Hire,30-60 days,26-Mar,0,0,0,0,0,0,0,3,0,0,0,0
TTL Full Service Consumer,MAGNIT,Tax Associate,PL1,Engagement,New Hire,30-60 days,26-Apr,0,0,0,0,0,0,56,108,0,0,0,0
TTL Full Service Consumer,MAGNIT,Tax Associate,PL1,Engagement,New Hire,N/A,26-Feb,0,0,0,0,0,0,0,0,0,0,478.985368,151
TTL Full Service Consumer,MAGNIT,Tax Associate,PL1,Engagement,New Hire,N/A,26-Jan,0,0,0,0,0,0,0,0,0,0,34.937368,14
TTL Full Service Consumer,MAGNIT,Tax Associate,PL1,Engagement,Re-Hire,N/A,26-Mar,0,0,0,0,0,0,0,0,0,0,17.283572,5
TTL Full Service Consumer,MAGNIT,Tax Associate,PL1,Engagement,Re-Hire,N/A,26-Feb,0,0,0,0,0,0,0,0,0,0,0.899422,1
TTL Full Service Consumer,MAGNIT,Tax Associate,PL1,Engagement,New Hire,N/A,After Season,0,0,0,0,0,0,0,0,0,0,152.344143,100
TTL Full Service Consumer,MAGNIT,Tax Associate,PL1,Engagement,New Hire,N/A,26-Apr,0,0,0,0,0,0,0,0,0,0,853.247775,522
TTL Full Service Consumer,MAGNIT,Tax Associate,PL1,Phone,New Hire,120+ days,Before Season,1,1,0,0,0,0,0,0,0,0,0,0
TTL Full Service Consumer,MAGNIT,Tax Expert,PL1,Phone,New Hire,< 30 days,26-Mar,0,0,0,0,1.32,2.41,0,0,34.183333,3,0,0
TTL Full Service Consumer,MAGNIT,Tax Expert,PL1,Phone,New Hire,60-90 days,26-Mar,0,0,0,0,16.45,21.79,0,0,1685.9,39,0,0
TTL Full Service Consumer,MAGNIT,Tax Expert,PL1,Phone,Re-Hire,30-60 days,26-Mar,0,0,0,0,3.03,4.59,0,0,160.583333,7,0,0
TTL Full Service Consumer,MAGNIT,Tax Expert,PL1,Phone,New Hire,30-60 days,26-Mar,1,1,0,0,41.19,51.58,0,0,2712.749999,75,0,0
TTL Full Service Consumer,MAGNIT,Tax Expert,PL1,Phone,New Hire,< 30 days,26-Feb,0,0,0,0,22.77,30.72,0,0,892.983334,46,0,0
TTL Full Service Consumer,MAGNIT,Tax Expert,PL1,Engagement,New Hire,< 30 days,26-Jan,0,0,0,0,0,0,6,13,0,0,0,0
TTL Full Service Consumer,MAGNIT,Tax Expert,PL1,Phone,New Hire,30-60 days,26-Feb,2,2,0,0,35.75,42.63,0,0,1959.633331,71,0,0
TTL Full Service Consumer,MAGNIT,Tax Expert,PL1,Phone,New Hire,60-90 days,26-Apr,0,0,0,0,7.07,9.17,0,0,93.183333,7,0,0
TTL Full Service Consumer,MAGNIT,Tax Expert,PL1,Phone,Re-Hire,< 30 days,26-Mar,0,0,0,0,0.15,0.22,0,0,0,0,0,0
TTL Full Service Consumer,MAGNIT,Tax Expert,PL1,Engagement,New Hire,30-60 days,26-Apr,0,0,0,0,0,0,1,2,0,0,0,0
TTL Full Service Consumer,MAGNIT,Tax Expert,PL1,Engagement,New Hire,60-90 days,26-Apr,0,0,0,0,0,0,6,7,0,0,0,0
TTL Full Service Consumer,MAGNIT,Tax Expert,PL1,Engagement,New Hire,< 30 days,26-Feb,0,0,0,0,0,0,11,18,0,0,0,0
TTL Full Service Consumer,MAGNIT,Tax Expert,PL1,Engagement,New Hire,< 30 days,Before Season,0,0,0,0,0,0,1,2,0,0,0,0
TTL Full Service Consumer,MAGNIT,Tax Expert,PL1,Phone,New Hire,90-120 days,After Season,0,0,0,0,0.65,0.71,0,0,0,0,0,0
TTL Full Service Consumer,MAGNIT,Tax Expert,PL1,Engagement,New Hire,60-90 days,26-Mar,0,0,0,0,0,0,1,3,0,0,0,0
TTL Full Service Consumer,MAGNIT,Tax Expert,PL1,Phone,New Hire,90-120 days,26-Apr,0,0,0,0,2.68,3.73,0,0,43.35,5,0,0
TTL Full Service Consumer,MAGNIT,Tax Expert,PL1,Engagement,New Hire,90-120 days,26-Apr,0,0,0,0,0,0,1,3,0,0,0,0
TTL Full Service Consumer,MAGNIT,Tax Expert,PL1,Phone,New Hire,30-60 days,26-Apr,0,0,0,0,0.8,0.91,0,0,102.85,2,0,0
TTL Full Service Consumer,MAGNIT,Tax Expert,PL1,Phone,New Hire,< 30 days,Before Season,0,0,0,0,1.58,1.66,0,0,204.983333,4,0,0
TTL Full Service Consumer,MAGNIT,Tax Expert,PL1,Phone,New Hire,< 30 days,26-Jan,0,0,0,0,7.82,8.78,0,0,334.283334,13,0,0
TTL Full Service Consumer,MAGNIT,Tax Expert,PL1,Engagement,New Hire,30-60 days,26-Mar,0,0,0,0,0,0,2,9,0,0,0,0
TTL Full Service Consumer,MAGNIT,Tax Expert,PL1,Engagement,New Hire,N/A,After Season,0,0,0,0,0,0,0,0,0,0,1.926605,2
TTL Full Service Consumer,MAGNIT,Tax Expert,PL1,Engagement,New Hire,30-60 days,26-Feb,0,0,0,0,0,0,17,26,0,0,0,0
TTL Full Service Consumer,MAGNIT,Tax Expert,PL1,Engagement,Re-Hire,N/A,26-Apr,0,0,0,0,0,0,0,0,0,0,3.073558,1
TTL Full Service Consumer,MAGNIT,Tax Expert,PL1,Engagement,New Hire,N/A,26-Mar,0,0,0,0,0,0,0,0,0,0,29.310155,10
TTL Full Service Consumer,MAGNIT,Tax Expert,PL1,Engagement,New Hire,N/A,26-Jan,0,0,0,0,0,0,0,0,0,0,12.853251,5
TTL Full Service Consumer,MAGNIT,Tax Expert,PL1,Engagement,New Hire,N/A,26-Apr,0,0,0,0,0,0,0,0,0,0,128.800832,26
TTL Full Service Consumer,MAGNIT,Tax Expert,PL1,Engagement,New Hire,N/A,26-Feb,0,0,0,0,0,0,0,0,0,0,78.362608,22
TTL Full Service Consumer,MAGNIT,Tax Associate,PL2,Phone,Re-Hire,< 30 days,26-Mar,0,0,0,0,6.49,10.09,0,0,356.416667,15,0,0
TTL Full Service Consumer,MAGNIT,Tax Associate,PL2,Phone,New Hire,< 30 days,26-Feb,14,17,0,0,214.44,253.58,0,0,9930.433328,397,0,0
TTL Full Service Consumer,MAGNIT,Tax Associate,PL2,Phone,New Hire,90-120 days,26-Apr,60,72,0,0,970.64,1152.21,0,0,49113.93333,1537,0,0
TTL Full Service Consumer,MAGNIT,Tax Associate,PL2,Phone,Re-Hire,< 30 days,26-Apr,7,9,0,0,79.41,99.54,0,0,5461.299996,137,0,0
TTL Full Service Consumer,MAGNIT,Tax Associate,PL2,Engagement,Re-Hire,< 30 days,26-Mar,0,0,0,0,0,0,4,8,0,0,0,0
TTL Full Service Consumer,MAGNIT,Tax Associate,PL2,Phone,New Hire,60-90 days,26-Apr,48,66,0,0,967.94,1159.06,0,0,51641.79999,1646,0,0
TTL Full Service Consumer,MAGNIT,Tax Associate,PL2,Engagement,New Hire,30-60 days,26-Feb,0,0,0,0,0,0,292,436,0,0,0,0
TTL Full Service Consumer,MAGNIT,Tax Associate,PL2,Phone,New Hire,30-60 days,26-Apr,14,21,0,0,239.85,300.65,0,0,11779.95,430,0,0
TTL Full Service Consumer,MAGNIT,Tax Associate,PL2,Phone,New Hire,60-90 days,After Season,0,0,0,0,91.76,116.79,0,0,0,0,0,0
TTL Full Service Consumer,MAGNIT,Tax Associate,PL2,Phone,New Hire,30-60 days,26-Feb,28,41,0,0,424.94,491.69,0,0,19476.34999,791,0,0
TTL Full Service Consumer,MAGNIT,Tax Associate,PL2,Phone,Re-Hire,60-90 days,26-Apr,1,1,0,0,2.81,3.18,0,0,40.7,5,0,0
TTL Full Service Consumer,MAGNIT,Tax Associate,PL2,Phone,New Hire,< 30 days,26-Mar,5,5,0,0,102.12,128.2,0,0,6469.299995,189,0,0
TTL Full Service Consumer,MAGNIT,Tax Associate,PL2,Engagement,New Hire,30-60 days,26-Mar,0,0,0,0,0,0,143,197,0,0,0,0
TTL Full Service Consumer,MAGNIT,Tax Associate,PL2,Phone,New Hire,30-60 days,26-Mar,9,17,1,1,377.33,469.68,0,0,21958.66666,723,0,0
TTL Full Service Consumer,MAGNIT,Tax Associate,PL2,Engagement,Re-Hire,< 30 days,26-Apr,0,0,0,0,0,0,52,107,0,0,0,0
TTL Full Service Consumer,MAGNIT,Tax Associate,PL2,Phone,New Hire,60-90 days,26-Mar,8,13,1,1,224.78,277.45,0,0,13209.2,436,0,0
TTL Full Service Consumer,MAGNIT,Tax Associate,PL2,Phone,New Hire,< 30 days,Before Season,1,1,0,0,8.16,8.85,0,0,455.466666,14,0,0
TTL Full Service Consumer,MAGNIT,Tax Associate,PL2,Engagement,New Hire,60-90 days,26-Mar,0,0,0,0,0,0,93,126,0,0,0,0
TTL Full Service Consumer,MAGNIT,Tax Associate,PL2,Engagement,New Hire,30-60 days,26-Apr,0,0,0,0,0,0,173,344,0,0,0,0
TTL Full Service Consumer,MAGNIT,Tax Associate,PL2,Phone,Re-Hire,30-60 days,26-Mar,0,0,0,0,3.26,3.55,0,0,146.083334,6,0,0
TTL Full Service Consumer,MAGNIT,Tax Associate,PL2,Engagement,New Hire,< 30 days,26-Mar,0,0,0,0,0,0,17,38,0,0,0,0
TTL Full Service Consumer,MAGNIT,Tax Associate,PL2,Phone,New Hire,< 30 days,26-Jan,2,2,0,0,51.86,57.54,0,0,2700.616671,104,0,0
TTL Full Service Consumer,MAGNIT,Tax Associate,PL2,Phone,Re-Hire,< 30 days,After Season,0,0,0,0,10.71,13.91,0,0,0,0,0,0
TTL Full Service Consumer,MAGNIT,Tax Associate,PL2,Engagement,New Hire,90-120 days,26-Apr,0,0,0,0,0,0,660,1186,0,0,0,0
TTL Full Service Consumer,MAGNIT,Tax Associate,PL2,Engagement,Re-Hire,30-60 days,26-Mar,0,0,0,0,0,0,4,4,0,0,0,0
TTL Full Service Consumer,MAGNIT,Tax Associate,PL2,Engagement,New Hire,< 30 days,Before Season,0,0,0,0,0,0,9,19,0,0,0,0
TTL Full Service Consumer,MAGNIT,Tax Associate,PL2,Phone,Re-Hire,30-60 days,26-Apr,0,0,0,0,1.85,2.03,0,0,42.116667,3,0,0
TTL Full Service Consumer,MAGNIT,Tax Associate,PL2,Engagement,New Hire,N/A,26-Feb,0,0,0,0,0,0,2,2,0,0,1308.714057,457
TTL Full Service Consumer,MAGNIT,Tax Associate,PL2,Engagement,Re-Hire,60-90 days,26-Apr,0,0,0,0,0,0,2,2,0,0,0,0
TTL Full Service Consumer,MAGNIT,Tax Associate,PL2,Engagement,New Hire,< 30 days,26-Feb,0,0,0,0,0,0,133,228,0,0,0,0
TTL Full Service Consumer,MAGNIT,Tax Associate,PL2,Phone,New Hire,90-120 days,After Season,0,0,0,0,114.78,135.94,0,0,0,0,0,0
TTL Full Service Consumer,MAGNIT,Tax Associate,PL2,Engagement,Re-Hire,30-60 days,26-Apr,0,0,0,0,0,0,1,2,0,0,0,0
TTL Full Service Consumer,MAGNIT,Tax Associate,PL2,Engagement,New Hire,N/A,After Season,0,0,0,0,0,0,0,0,0,0,318.602452,222
TTL Full Service Consumer,MAGNIT,Tax Associate,PL2,Engagement,New Hire,60-90 days,26-Apr,0,0,0,0,0,0,652,1233,0,0,0,0
TTL Full Service Consumer,MAGNIT,Tax Associate,PL2,Engagement,New Hire,N/A,26-Jan,0,0,0,0,0,0,0,0,0,0,118.228506,38
TTL Full Service Consumer,MAGNIT,Tax Associate,PL2,Engagement,New Hire,< 30 days,26-Jan,0,0,0,0,0,0,42,73,0,0,0,0
TTL Full Service Consumer,MAGNIT,Tax Associate,PL2,Engagement,Re-Hire,N/A,26-Mar,0,0,0,0,0,0,0,0,0,0,30.340107,8
TTL Full Service Consumer,MAGNIT,Tax Associate,PL2,Engagement,New Hire,N/A,26-Mar,0,0,0,0,0,0,0,0,0,0,1142.620037,311
TTL Full Service Consumer,MAGNIT,Tax Associate,PL2,Engagement,New Hire,N/A,26-Apr,0,0,0,0,0,0,0,0,0,0,2411.005898,1369
TTL Full Service Consumer,MAGNIT,Tax Associate,PL2,Engagement,Re-Hire,N/A,After Season,0,0,0,0,0,0,0,0,0,0,19.856924,11
TTL Full Service Consumer,MAGNIT,Tax Associate,PL2,Engagement,Re-Hire,N/A,26-Apr,0,0,0,0,0,0,0,0,0,0,75.253918,45
TTL Full Service Consumer,MAGNIT,Tax Associate,PL2,Phone,New Hire,120+ days,Before Season,3,3,0,0,0,0,0,0,0,0,0,0
TTL Full Service Consumer,MAGNIT,Tax Expert,PL2,Phone,New Hire,30-60 days,26-Feb,2,6,0,0,78.15,93.74,0,0,3643.033329,158,0,0
TTL Full Service Consumer,MAGNIT,Tax Expert,PL2,Phone,New Hire,60-90 days,26-Mar,0,0,0,0,36.35,46.96,0,0,4243.466667,83,0,0
TTL Full Service Consumer,MAGNIT,Tax Expert,PL2,Phone,New Hire,60-90 days,26-Apr,4,5,0,0,218.3,261.04,0,0,7403.133333,358,0,0
TTL Full Service Consumer,MAGNIT,Tax Expert,PL2,Phone,New Hire,30-60 days,26-Apr,0,0,0,0,17.08,21.6,0,0,1046.583334,31,0,0
TTL Full Service Consumer,MAGNIT,Tax Expert,PL2,Phone,New Hire,90-120 days,26-Apr,10,12,0,0,166.51,190.46,0,0,8490.099996,270,0,0
TTL Full Service Consumer,MAGNIT,Tax Expert,PL2,Phone,New Hire,< 30 days,26-Mar,1,1,0,0,15.88,18.44,0,0,535.4,28,0,0
TTL Full Service Consumer,MAGNIT,Tax Expert,PL2,Phone,New Hire,< 30 days,26-Feb,-2,2,0,0,48.35,57.3,0,0,1599.383335,88,0,0
TTL Full Service Consumer,MAGNIT,Tax Expert,PL2,Phone,New Hire,30-60 days,26-Mar,5,6,0,0,72.02,94.51,0,0,3061.483334,144,0,0
TTL Full Service Consumer,MAGNIT,Tax Expert,PL2,Engagement,New Hire,60-90 days,26-Mar,0,0,0,0,0,0,18,27,0,0,0,0
TTL Full Service Consumer,MAGNIT,Tax Expert,PL2,Phone,New Hire,< 30 days,Before Season,0,0,0,0,1.2,1.22,0,0,47.916668,4,0,0
TTL Full Service Consumer,MAGNIT,Tax Expert,PL2,Engagement,New Hire,30-60 days,26-Feb,0,0,0,0,0,0,65,91,0,0,0,0
TTL Full Service Consumer,MAGNIT,Tax Expert,PL2,Phone,Re-Hire,30-60 days,26-Mar,0,0,0,0,2.42,2.7,0,0,36.25,4,0,0
TTL Full Service Consumer,MAGNIT,Tax Expert,PL2,Phone,New Hire,90-120 days,After Season,0,0,0,0,16.41,20.24,0,0,0,0,0,0
TTL Full Service Consumer,MAGNIT,Tax Expert,PL2,Engagement,New Hire,N/A,26-Jan,0,0,0,0,0,0,0,1,0,0,12.040096,6
TTL Full Service Consumer,MAGNIT,Tax Expert,PL2,Engagement,New Hire,< 30 days,26-Mar,0,0,0,0,0,0,8,10,0,0,0,0
TTL Full Service Consumer,MAGNIT,Tax Expert,PL2,Engagement,New Hire,30-60 days,26-Mar,0,0,0,0,0,0,24,36,0,0,0,0
TTL Full Service Consumer,MAGNIT,Tax Expert,PL2,Engagement,New Hire,< 30 days,Before Season,0,0,0,0,0,0,1,3,0,0,0,0
TTL Full Service Consumer,MAGNIT,Tax Expert,PL2,Phone,New Hire,< 30 days,26-Jan,1,1,0,0,11.45,13.1,0,0,438.983333,21,0,0
TTL Full Service Consumer,MAGNIT,Tax Expert,PL2,Phone,New Hire,60-90 days,After Season,0,0,0,0,13.76,16.16,0,0,0,0,0,0
TTL Full Service Consumer,MAGNIT,Tax Expert,PL2,Engagement,New Hire,30-60 days,26-Apr,0,0,0,0,0,0,13,22,0,0,0,0
TTL Full Service Consumer,MAGNIT,Tax Expert,PL2,Engagement,New Hire,90-120 days,26-Apr,0,0,0,0,0,0,119,208,0,0,0,0
TTL Full Service Consumer,MAGNIT,Tax Expert,PL2,Engagement,New Hire,< 30 days,26-Feb,0,0,0,0,0,0,26,49,0,0,0,0
TTL Full Service Consumer,MAGNIT,Tax Expert,PL2,Engagement,New Hire,60-90 days,26-Apr,0,0,0,0,0,0,127,265,0,0,0,0
TTL Full Service Consumer,MAGNIT,Tax Expert,PL2,Engagement,New Hire,< 30 days,26-Jan,0,0,0,0,0,0,5,14,0,0,0,0
TTL Full Service Consumer,MAGNIT,Tax Expert,PL2,Engagement,New Hire,N/A,26-Apr,0,0,0,0,0,0,0,0,0,0,347.877933,229
TTL Full Service Consumer,MAGNIT,Tax Expert,PL2,Engagement,Re-Hire,30-60 days,26-Mar,0,0,0,0,0,0,2,2,0,0,0,0
TTL Full Service Consumer,MAGNIT,Tax Expert,PL2,Engagement,New Hire,N/A,26-Mar,0,0,0,0,0,0,0,0,0,0,249.491207,64
TTL Full Service Consumer,MAGNIT,Tax Expert,PL2,Engagement,Re-Hire,60-90 days,26-Mar,0,0,0,0,0,0,1,1,0,0,0,0
TTL Full Service Consumer,MAGNIT,Tax Expert,PL2,Phone,Re-Hire,60-90 days,26-Mar,0,0,0,0,0.77,0.95,0,0,15.666667,1,0,0
TTL Full Service Consumer,MAGNIT,Tax Expert,PL2,Engagement,Re-Hire,N/A,26-Mar,0,0,0,0,0,0,0,0,0,0,2.739593,1
TTL Full Service Consumer,MAGNIT,Tax Expert,PL2,Engagement,New Hire,N/A,26-Feb,0,0,0,0,0,0,0,0,0,0,231.383623,92
TTL Full Service Consumer,MAGNIT,Tax Expert,PL2,Engagement,New Hire,N/A,After Season,0,0,0,0,0,0,0,0,0,0,48.706569,36
TTL Full Service Consumer,MAGNIT,Tax Associate,PL3,Phone,New Hire,30-60 days,26-Feb,25,29,0,0,186.9,209.36,0,0,8781.316664,363,0,0
TTL Full Service Consumer,MAGNIT,Tax Associate,PL3,Phone,New Hire,30-60 days,26-Mar,9,11,0,0,151.94,178.47,0,0,7061.933337,269,0,0
TTL Full Service Consumer,MAGNIT,Tax Associate,PL3,Phone,New Hire,60-90 days,26-Mar,23,23,1,1,186.94,217.41,0,0,8164.050003,376,0,0
TTL Full Service Consumer,MAGNIT,Tax Associate,PL3,Phone,New Hire,60-90 days,26-Apr,33,40,0,0,296.13,337.37,0,0,17623.55001,488,0,0
TTL Full Service Consumer,MAGNIT,Tax Associate,PL3,Phone,New Hire,< 30 days,26-Feb,7,9,0,0,79.42,89.05,0,0,9181.533334,143,0,0
TTL Full Service Consumer,MAGNIT,Tax Associate,PL3,Phone,New Hire,90-120 days,26-Apr,35,48,0,0,706.76,813.84,0,0,37326.46667,1104,0,0
TTL Full Service Consumer,MAGNIT,Tax Associate,PL3,Phone,New Hire,< 30 days,26-Mar,0,1,0,0,7.72,8.88,0,0,300.15,12,0,0
TTL Full Service Consumer,MAGNIT,Tax Associate,PL3,Engagement,New Hire,30-60 days,26-Feb,0,0,0,0,0,0,148,206,0,0,0,0
TTL Full Service Consumer,MAGNIT,Tax Associate,PL3,Phone,New Hire,30-60 days,26-Apr,4,4,0,0,40.63,45.08,0,0,1997.533334,69,0,0
TTL Full Service Consumer,MAGNIT,Tax Associate,PL3,Engagement,New Hire,30-60 days,26-Apr,0,0,0,0,0,0,34,50,0,0,0,0
TTL Full Service Consumer,MAGNIT,Tax Associate,PL3,Engagement,New Hire,60-90 days,26-Apr,0,0,0,0,0,0,209,350,0,0,0,0
TTL Full Service Consumer,MAGNIT,Tax Associate,PL3,Engagement,New Hire,< 30 days,26-Feb,0,0,0,0,0,0,70,115,0,0,0,0
TTL Full Service Consumer,MAGNIT,Tax Associate,PL3,Engagement,New Hire,< 30 days,Before Season,0,0,0,0,0,0,2,7,0,0,0,0
TTL Full Service Consumer,MAGNIT,Tax Associate,PL3,Engagement,New Hire,60-90 days,26-Mar,0,0,0,0,0,0,122,150,0,0,0,0
TTL Full Service Consumer,MAGNIT,Tax Associate,PL3,Phone,Re-Hire,30-60 days,26-Apr,0,0,0,0,1.2,1.22,0,0,97,2,0,0
TTL Full Service Consumer,MAGNIT,Tax Associate,PL3,Phone,New Hire,90-120 days,After Season,0,0,0,0,75.37,85.81,0,0,0,0,0,0
TTL Full Service Consumer,MAGNIT,Tax Associate,PL3,Phone,Re-Hire,< 30 days,26-Mar,0,0,0,0,0.2,0.24,0,0,0,0,0,0
TTL Full Service Consumer,MAGNIT,Tax Associate,PL3,Engagement,New Hire,90-120 days,26-Apr,0,0,0,0,0,0,484,808,0,0,0,0
TTL Full Service Consumer,MAGNIT,Tax Associate,PL3,Phone,New Hire,60-90 days,After Season,0,0,0,0,18.53,20.71,0,0,0,0,0,0
TTL Full Service Consumer,MAGNIT,Tax Associate,PL3,Phone,Re-Hire,< 30 days,26-Feb,0,0,0,0,1.22,1.22,0,0,56.416667,2,0,0
TTL Full Service Consumer,MAGNIT,Tax Associate,PL3,Engagement,New Hire,< 30 days,26-Mar,0,0,0,0,0,0,0,2,0,0,0,0
TTL Full Service Consumer,MAGNIT,Tax Associate,PL3,Phone,New Hire,< 30 days,26-Jan,2,2,0,0,28.67,33.15,0,0,1614.91667,50,0,0
TTL Full Service Consumer,MAGNIT,Tax Associate,PL3,Engagement,New Hire,< 30 days,26-Jan,0,0,0,0,0,0,16,37,0,0,0,0
TTL Full Service Consumer,MAGNIT,Tax Associate,PL3,Engagement,Re-Hire,< 30 days,26-Feb,0,0,0,0,0,0,2,2,0,0,0,0
TTL Full Service Consumer,MAGNIT,Tax Associate,PL3,Engagement,Re-Hire,30-60 days,26-Apr,0,0,0,0,0,0,1,1,0,0,0,0
TTL Full Service Consumer,MAGNIT,Tax Associate,PL3,Engagement,New Hire,30-60 days,26-Mar,0,0,0,0,0,0,79,106,0,0,0,0
TTL Full Service Consumer,MAGNIT,Tax Associate,PL3,Engagement,New Hire,N/A,26-Mar,0,0,0,0,0,0,0,0,0,0,1240.849725,250
TTL Full Service Consumer,MAGNIT,Tax Associate,PL3,Phone,New Hire,< 30 days,Before Season,0,0,0,0,3.4,3.55,0,0,109.216666,5,0,0
TTL Full Service Consumer,MAGNIT,Tax Associate,PL3,Engagement,Re-Hire,N/A,26-Feb,0,0,0,0,0,0,0,0,0,0,11.679732,3
TTL Full Service Consumer,MAGNIT,Tax Associate,PL3,Engagement,New Hire,N/A,26-Apr,0,0,0,0,0,0,0,0,0,0,1537.108181,698
TTL Full Service Consumer,MAGNIT,Tax Associate,PL3,Engagement,New Hire,N/A,26-Feb,0,0,0,0,0,0,0,0,0,0,748.199831,206
TTL Full Service Consumer,MAGNIT,Tax Associate,PL3,Engagement,New Hire,N/A,After Season,0,0,0,0,0,0,0,0,0,0,166.398022,96
TTL Full Service Consumer,MAGNIT,Tax Associate,PL3,Engagement,Re-Hire,N/A,26-Apr,0,0,0,0,0,0,0,0,0,0,1.143638,1
TTL Full Service Consumer,MAGNIT,Tax Associate,PL3,Engagement,Re-Hire,N/A,26-Mar,0,0,0,0,0,0,0,0,0,0,7.5468,2
TTL Full Service Consumer,MAGNIT,Tax Associate,PL3,Engagement,New Hire,N/A,26-Jan,0,0,0,0,0,0,0,0,0,0,15.644074,6
TTL Full Service Consumer,MAGNIT,Tax Associate,PL3,Phone,Re-Hire,120+ days,Before Season,1,1,0,0,0,0,0,0,0,0,0,0
TTL Full Service Consumer,MAGNIT,Tax Expert,PL3,Phone,New Hire,60-90 days,26-Apr,9,9,0,0,91.69,108.5,0,0,6800.249996,159,0,0
TTL Full Service Consumer,MAGNIT,Tax Expert,PL3,Phone,New Hire,60-90 days,26-Mar,0,2,0,0,24.35,29.07,0,0,1044.433334,47,0,0
TTL Full Service Consumer,MAGNIT,Tax Expert,PL3,Phone,New Hire,30-60 days,26-Feb,1,1,0,0,15.83,17.89,0,0,1280.766666,31,0,0
TTL Full Service Consumer,MAGNIT,Tax Expert,PL3,Phone,New Hire,30-60 days,26-Mar,-1,1,0,0,13.1,16.82,0,0,850.766667,24,0,0
TTL Full Service Consumer,MAGNIT,Tax Expert,PL3,Engagement,New Hire,< 30 days,26-Mar,0,0,0,0,0,0,2,2,0,0,0,0
TTL Full Service Consumer,MAGNIT,Tax Expert,PL3,Engagement,New Hire,30-60 days,26-Feb,0,0,0,0,0,0,15,18,0,0,0,0
TTL Full Service Consumer,MAGNIT,Tax Expert,PL3,Engagement,New Hire,30-60 days,26-Mar,0,0,0,0,0,0,9,14,0,0,0,0
TTL Full Service Consumer,MAGNIT,Tax Expert,PL3,Engagement,New Hire,60-90 days,26-Apr,0,0,0,0,0,0,75,116,0,0,0,0
TTL Full Service Consumer,MAGNIT,Tax Expert,PL3,Phone,New Hire,60-90 days,After Season,0,0,0,0,3.61,5.32,0,0,0,0,0,0
TTL Full Service Consumer,MAGNIT,Tax Expert,PL3,Phone,Re-Hire,60-90 days,26-Apr,0,0,0,0,3.58,4.02,0,0,285.433334,6,0,0
TTL Full Service Consumer,MAGNIT,Tax Expert,PL3,Engagement,New Hire,60-90 days,26-Mar,0,0,0,0,0,0,13,16,0,0,0,0
TTL Full Service Consumer,MAGNIT,Tax Expert,PL3,Engagement,Re-Hire,60-90 days,26-Apr,0,0,0,0,0,0,1,2,0,0,0,0
TTL Full Service Consumer,MAGNIT,Tax Expert,PL3,Engagement,New Hire,30-60 days,26-Apr,0,0,0,0,0,0,4,4,0,0,0,0
TTL Full Service Consumer,MAGNIT,Tax Expert,PL3,Phone,New Hire,< 30 days,26-Mar,0,0,0,0,1.14,1.22,0,0,14.516667,2,0,0
TTL Full Service Consumer,MAGNIT,Tax Expert,PL3,Phone,Re-Hire,30-60 days,26-Apr,0,0,0,0,1.05,1.11,0,0,6.7,1,0,0
TTL Full Service Consumer,MAGNIT,Tax Expert,PL3,Engagement,Re-Hire,30-60 days,26-Apr,0,0,0,0,0,0,1,1,0,0,0,0
TTL Full Service Consumer,MAGNIT,Tax Expert,PL3,Phone,New Hire,30-60 days,26-Apr,0,0,0,0,2.98,4.17,0,0,278.599999,4,0,0
TTL Full Service Consumer,MAGNIT,Tax Expert,PL3,Phone,New Hire,90-120 days,After Season,0,0,0,0,7.76,8.84,0,0,0,0,0,0
TTL Full Service Consumer,MAGNIT,Tax Expert,PL3,Phone,New Hire,< 30 days,26-Feb,1,1,0,0,5.24,5.97,0,0,126.333335,10,0,0
TTL Full Service Consumer,MAGNIT,Tax Expert,PL3,Phone,New Hire,90-120 days,26-Apr,9,9,0,0,62.75,70.67,0,0,4090.616663,94,0,0
TTL Full Service Consumer,MAGNIT,Tax Expert,PL3,Engagement,Re-Hire,N/A,26-Apr,0,0,0,0,0,0,0,0,0,0,5.936197,1
TTL Full Service Consumer,MAGNIT,Tax Expert,PL3,Engagement,New Hire,< 30 days,26-Feb,0,0,0,0,0,0,4,7,0,0,0,0
TTL Full Service Consumer,MAGNIT,Tax Expert,PL3,Engagement,Re-Hire,N/A,26-Mar,0,0,0,0,0,0,0,0,0,0,5.966064,1
TTL Full Service Consumer,MAGNIT,Tax Expert,PL3,Engagement,New Hire,90-120 days,26-Apr,0,0,0,0,0,0,58,82,0,0,0,0
TTL Full Service Consumer,MAGNIT,Tax Expert,PL3,Engagement,New Hire,N/A,26-Apr,0,0,0,0,0,0,0,0,0,0,329.316625,137
TTL Full Service Consumer,MAGNIT,Tax Expert,PL3,Engagement,New Hire,N/A,26-Feb,0,0,0,0,0,0,0,0,0,0,74.48699,12
TTL Full Service Consumer,MAGNIT,Tax Expert,PL3,Engagement,New Hire,N/A,26-Mar,0,0,0,0,0,0,0,0,0,0,168.869841,34
TTL Full Service Consumer,MAGNIT,Tax Expert,PL3,Engagement,New Hire,N/A,After Season,0,0,0,0,0,0,0,0,0,0,34.512748,19
TTL Full Service Consumer,MAGNIT,Tax Associate,PL4,Phone,New Hire,30-60 days,26-Feb,73,108,0,0,670.62,736.92,0,0,89927.08334,1732,0,0
TTL Full Service Consumer,MAGNIT,Tax Associate,PL4,Phone,Re-Hire,30-60 days,26-Mar,0,0,0,0,21,24.05,0,0,2026.816665,52,0,0
TTL Full Service Consumer,MAGNIT,Tax Associate,PL4,Phone,New Hire,60-90 days,26-Mar,133,164,0,0,686.64,747.4,0,0,88829.93334,1602,0,0
TTL Full Service Consumer,MAGNIT,Tax Associate,PL4,Phone,New Hire,60-90 days,26-Apr,86,110,0,0,806.07,914.32,0,0,77523.74998,1770,0,0
TTL Full Service Consumer,MAGNIT,Tax Associate,PL4,Phone,New Hire,90-120 days,26-Apr,55,67,0,0,530.95,606.27,0,0,48364.53334,1163,0,0
TTL Full Service Consumer,MAGNIT,Tax Associate,PL4,Phone,New Hire,30-60 days,26-Apr,20,35,0,0,303.01,347.96,0,0,27383.76665,682,0,0
TTL Full Service Consumer,MAGNIT,Tax Associate,PL4,Phone,New Hire,30-60 days,26-Mar,151,191,0,0,945.13,1047.61,0,0,103228.4667,2109,0,0
TTL Full Service Consumer,MAGNIT,Tax Associate,PL4,Phone,Re-Hire,30-60 days,26-Feb,0,0,0,0,7.67,8.11,0,0,518.816667,15,0,0
TTL Full Service Consumer,MAGNIT,Tax Associate,PL4,Phone,Re-Hire,< 30 days,26-Apr,1,1,0,0,51.27,57.52,0,0,6850.216667,104,0,0
TTL Full Service Consumer,MAGNIT,Tax Associate,PL4,Phone,New Hire,< 30 days,26-Mar,14,30,0,0,237.11,263.64,0,0,40503.06668,552,0,0
TTL Full Service Consumer,MAGNIT,Tax Associate,PL4,Phone,Re-Hire,< 30 days,26-Mar,1,1,0,0,30,33.69,0,0,2826.016664,80,0,0
TTL Full Service Consumer,MAGNIT,Tax Associate,PL4,Phone,New Hire,< 30 days,26-Feb,39,83,0,0,708.28,787.43,0,0,92520.68333,1769,0,0
TTL Full Service Consumer,MAGNIT,Tax Associate,PL4,Phone,Re-Hire,< 30 days,Before Season,0,0,0,0,0.69,0.71,0,0,27.683333,1,0,0
TTL Full Service Consumer,MAGNIT,Tax Associate,PL4,Engagement,New Hire,30-60 days,26-Apr,0,0,0,0,0,0,269,360,0,0,0,0
TTL Full Service Consumer,MAGNIT,Tax Associate,PL4,Phone,Re-Hire,< 30 days,After Season,0,0,0,0,3.16,3.5,0,0,0,0,0,0
TTL Full Service Consumer,MAGNIT,Tax Associate,PL4,Phone,Re-Hire,90-120 days,26-Apr,0,0,0,0,0.67,0.71,0,0,10.383333,1,0,0
TTL Full Service Consumer,MAGNIT,Tax Associate,PL4,Engagement,New Hire,< 30 days,26-Mar,0,0,0,0,0,0,209,281,0,0,0,0
TTL Full Service Consumer,MAGNIT,Tax Associate,PL4,Phone,Re-Hire,N/A,26-Mar,1,1,0,0,1.18,1.42,0,0,15.666666,2,0,0
TTL Full Service Consumer,MAGNIT,Tax Associate,PL4,Phone,New Hire,< 30 days,26-Jan,11,17,0,0,154.38,176.04,0,0,22483.79999,396,0,0
TTL Full Service Consumer,MAGNIT,Tax Associate,PL4,Engagement,New Hire,< 30 days,26-Feb,0,0,0,0,0,0,641,976,0,0,0,0
TTL Full Service Consumer,MAGNIT,Tax Associate,PL4,Phone,Re-Hire,30-60 days,After Season,0,0,0,0,1.98,2.06,0,0,0,0,0,0
TTL Full Service Consumer,MAGNIT,Tax Associate,PL4,Engagement,Re-Hire,30-60 days,26-Apr,0,0,0,0,0,0,19,29,0,0,0,0
TTL Full Service Consumer,MAGNIT,Tax Associate,PL4,Engagement,New Hire,30-60 days,26-Mar,0,0,0,0,0,0,933,1170,0,0,0,0
TTL Full Service Consumer,MAGNIT,Tax Associate,PL4,Engagement,Re-Hire,< 30 days,26-Feb,0,0,0,0,0,0,18,33,0,0,0,0
TTL Full Service Consumer,MAGNIT,Tax Associate,PL4,Engagement,New Hire,60-90 days,26-Apr,0,0,0,0,0,0,705,962,0,0,0,0
TTL Full Service Consumer,MAGNIT,Tax Associate,PL4,Phone,Re-Hire,60-90 days,26-Apr,-1,1,0,0,7.59,9.06,0,0,437.083333,22,0,0
TTL Full Service Consumer,MAGNIT,Tax Associate,PL4,Phone,Re-Hire,< 30 days,26-Feb,0,0,0,0,21.44,23.62,0,0,1016.716667,49,0,0
TTL Full Service Consumer,MAGNIT,Tax Associate,PL4,Engagement,Re-Hire,< 30 days,26-Apr,0,0,0,0,0,0,50,61,0,0,0,0
TTL Full Service Consumer,MAGNIT,Tax Associate,PL4,Engagement,Re-Hire,30-60 days,26-Feb,0,0,0,0,0,0,9,10,0,0,0,0
TTL Full Service Consumer,MAGNIT,Tax Associate,PL4,Engagement,New Hire,60-90 days,26-Mar,0,0,0,0,0,0,714,867,0,0,0,0
TTL Full Service Consumer,MAGNIT,Tax Associate,PL4,Engagement,Re-Hire,< 30 days,26-Jan,0,0,0,0,0,0,1,3,0,0,0,0
TTL Full Service Consumer,MAGNIT,Tax Associate,PL4,Engagement,Re-Hire,< 30 days,Before Season,0,0,0,0,0,0,1,1,0,0,0,0
TTL Full Service Consumer,MAGNIT,Tax Associate,PL4,Phone,New Hire,< 30 days,Before Season,2,2,0,0,14.03,14.92,0,0,1220.800003,33,0,0
TTL Full Service Consumer,MAGNIT,Tax Associate,PL4,Phone,New Hire,60-90 days,After Season,0,0,0,0,31.92,37.69,0,0,0,0,0,0
TTL Full Service Consumer,MAGNIT,Tax Associate,PL4,Engagement,New Hire,N/A,Before Season,0,0,0,0,0,0,1,3,0,0,0,0
TTL Full Service Consumer,MAGNIT,Tax Associate,PL4,Engagement,New Hire,< 30 days,26-Jan,0,0,0,0,0,0,112,210,0,0,0,0
TTL Full Service Consumer,MAGNIT,Tax Associate,PL4,Phone,Re-Hire,< 30 days,26-Jan,0,0,0,0,2.19,2.64,0,0,449.7,5,0,0
TTL Full Service Consumer,MAGNIT,Tax Associate,PL4,Engagement,Re-Hire,60-90 days,26-Mar,0,0,0,0,0,0,2,3,0,0,0,0
TTL Full Service Consumer,MAGNIT,Tax Associate,PL4,Engagement,Re-Hire,60-90 days,26-Apr,0,0,0,0,0,0,5,9,0,0,0,0
TTL Full Service Consumer,MAGNIT,Tax Associate,PL4,Engagement,New Hire,30-60 days,26-Feb,0,0,0,0,0,0,712,989,0,0,0,0
TTL Full Service Consumer,MAGNIT,Tax Associate,PL4,Engagement,New Hire,N/A,After Season,0,0,0,0,0,0,0,0,0,0,312.792314,116
TTL Full Service Consumer,MAGNIT,Tax Associate,PL4,Engagement,New Hire,90-120 days,26-Apr,0,0,0,0,0,0,437,653,0,0,0,0
TTL Full Service Consumer,MAGNIT,Tax Associate,PL4,Engagement,Re-Hire,N/A,26-Jan,0,0,0,0,0,0,0,0,0,0,21.5389,11
TTL Full Service Consumer,MAGNIT,Tax Associate,PL4,Engagement,New Hire,N/A,26-Feb,0,0,0,0,0,0,0,1,0,0,3406.633616,1231
TTL Full Service Consumer,MAGNIT,Tax Associate,PL4,Engagement,New Hire,N/A,26-Jan,0,0,0,0,0,0,0,0,0,0,160.696219,72
TTL Full Service Consumer,MAGNIT,Tax Associate,PL4,Phone,Re-Hire,60-90 days,After Season,0,0,0,0,1.66,2.23,0,0,0,0,0,0
TTL Full Service Consumer,MAGNIT,Tax Associate,PL4,Engagement,Re-Hire,N/A,26-Apr,0,0,0,0,0,0,0,0,0,0,462.455835,97
TTL Full Service Consumer,MAGNIT,Tax Associate,PL4,Phone,New Hire,90-120 days,After Season,0,0,0,0,48.06,55.37,0,0,0,0,0,0
TTL Full Service Consumer,MAGNIT,Tax Associate,PL4,Phone,Re-Hire,60-90 days,26-Mar,0,0,0,0,1.48,1.52,0,0,136.4,4,0,0
TTL Full Service Consumer,MAGNIT,Tax Associate,PL4,Engagement,Re-Hire,< 30 days,26-Mar,0,0,0,0,0,0,26,34,0,0,0,0
TTL Full Service Consumer,MAGNIT,Tax Associate,PL4,Engagement,New Hire,< 30 days,Before Season,0,0,0,0,0,0,18,29,0,0,0,0
TTL Full Service Consumer,MAGNIT,Tax Associate,PL4,Engagement,Re-Hire,30-60 days,26-Mar,0,0,0,0,0,0,19,27,0,0,0,0
TTL Full Service Consumer,MAGNIT,Tax Associate,PL4,Phone,Re-Hire,30-60 days,26-Apr,1,1,0,0,19.52,24.69,0,0,2151.683334,52,0,0
TTL Full Service Consumer,MAGNIT,Tax Associate,PL4,Engagement,Re-Hire,N/A,After Season,0,0,0,0,0,0,0,0,0,0,25.102774,10
TTL Full Service Consumer,MAGNIT,Tax Associate,PL4,Engagement,New Hire,N/A,26-Apr,0,0,0,0,0,0,0,0,0,0,5849.505699,1709
TTL Full Service Consumer,MAGNIT,Tax Associate,PL4,Engagement,Re-Hire,N/A,26-Mar,0,0,0,0,0,0,0,0,0,0,316.518962,67
TTL Full Service Consumer,MAGNIT,Tax Associate,PL4,Engagement,Re-Hire,N/A,26-Feb,0,0,0,0,0,0,0,0,0,0,164.066638,51
TTL Full Service Consumer,MAGNIT,Tax Associate,PL4,Engagement,New Hire,N/A,26-Mar,0,0,0,0,0,0,0,0,0,0,8117.5983,2049
TTL Full Service Consumer,MAGNIT,Tax Expert,PL4,Phone,New Hire,30-60 days,26-Feb,28,39,0,0,253.44,272.12,0,0,13435.59998,593,0,0
TTL Full Service Consumer,MAGNIT,Tax Expert,PL4,Phone,New Hire,30-60 days,26-Mar,39,48,0,0,284.86,315.28,0,0,22950.73333,617,0,0
TTL Full Service Consumer,MAGNIT,Tax Expert,PL4,Phone,New Hire,60-90 days,26-Apr,12,16,0,0,199.7,231.22,0,0,17609.43334,434,0,0
TTL Full Service Consumer,MAGNIT,Tax Expert,PL4,Phone,New Hire,60-90 days,26-Mar,37,48,0,0,207.17,227.66,0,0,20188.05001,444,0,0
TTL Full Service Consumer,MAGNIT,Tax Expert,PL4,Phone,New Hire,90-120 days,26-Apr,9,14,0,0,141.18,164.62,0,0,14057.31667,324,0,0
TTL Full Service Consumer,MAGNIT,Tax Expert,PL4,Phone,New Hire,< 30 days,26-Feb,22,27,0,0,193.45,213.94,0,0,30830.45,439,0,0
TTL Full Service Consumer,MAGNIT,Tax Expert,PL4,Phone,New Hire,90-120 days,After Season,0,0,0,0,13.18,16.55,0,0,0,0,0,0
TTL Full Service Consumer,MAGNIT,Tax Expert,PL4,Phone,New Hire,< 30 days,26-Mar,9,14,0,0,33.74,36.41,0,0,5613.100002,76,0,0
TTL Full Service Consumer,MAGNIT,Tax Expert,PL4,Phone,New Hire,60-90 days,After Season,0,0,0,0,8.1,9.43,0,0,0,0,0,0
TTL Full Service Consumer,MAGNIT,Tax Expert,PL4,Engagement,New Hire,60-90 days,26-Mar,0,0,0,0,0,0,202,242,0,0,0,0
TTL Full Service Consumer,MAGNIT,Tax Expert,PL4,Engagement,New Hire,< 30 days,26-Mar,0,0,0,0,0,0,36,47,0,0,0,0
TTL Full Service Consumer,MAGNIT,Tax Expert,PL4,Phone,New Hire,30-60 days,26-Apr,4,7,0,0,39.71,44.7,0,0,3668.683331,87,0,0
TTL Full Service Consumer,MAGNIT,Tax Expert,PL4,Engagement,New Hire,< 30 days,26-Feb,0,0,0,0,0,0,202,281,0,0,0,0
TTL Full Service Consumer,MAGNIT,Tax Expert,PL4,Engagement,New Hire,30-60 days,26-Mar,0,0,0,0,0,0,289,365,0,0,0,0
TTL Full Service Consumer,MAGNIT,Tax Expert,PL4,Engagement,New Hire,N/A,Before Season,0,0,0,0,0,0,0,2,0,0,0,0
TTL Full Service Consumer,MAGNIT,Tax Expert,PL4,Engagement,New Hire,60-90 days,26-Apr,0,0,0,0,0,0,199,270,0,0,0,0
TTL Full Service Consumer,MAGNIT,Tax Expert,PL4,Engagement,New Hire,30-60 days,26-Apr,0,0,0,0,0,0,32,45,0,0,0,0
TTL Full Service Consumer,MAGNIT,Tax Expert,PL4,Engagement,New Hire,< 30 days,26-Jan,0,0,0,0,0,0,65,112,0,0,0,0
TTL Full Service Consumer,MAGNIT,Tax Expert,PL4,Engagement,New Hire,30-60 days,26-Feb,0,0,0,0,0,0,287,363,0,0,0,0
TTL Full Service Consumer,MAGNIT,Tax Expert,PL4,Engagement,New Hire,< 30 days,Before Season,0,0,0,0,0,0,16,22,0,0,0,0
TTL Full Service Consumer,MAGNIT,Tax Expert,PL4,Engagement,New Hire,N/A,26-Mar,0,0,0,0,0,0,0,0,0,0,2075.469896,610
TTL Full Service Consumer,MAGNIT,Tax Expert,PL4,Engagement,New Hire,90-120 days,26-Apr,0,0,0,0,0,0,143,196,0,0,0,0
TTL Full Service Consumer,MAGNIT,Tax Expert,PL4,Engagement,New Hire,N/A,After Season,0,0,0,0,0,0,0,0,0,0,57.720944,33
TTL Full Service Consumer,MAGNIT,Tax Expert,PL4,Phone,New Hire,< 30 days,Before Season,0,0,0,0,6.55,7.48,0,0,301.95,21,0,0
TTL Full Service Consumer,MAGNIT,Tax Expert,PL4,Engagement,New Hire,N/A,26-Jan,0,0,0,0,0,0,0,0,0,0,104.533997,50
TTL Full Service Consumer,MAGNIT,Tax Expert,PL4,Engagement,New Hire,N/A,26-Feb,0,0,0,0,0,0,0,1,0,0,1234.756636,500
TTL Full Service Consumer,MAGNIT,Tax Expert,PL4,Phone,New Hire,< 30 days,26-Jan,8,8,0,0,73.25,79.26,0,0,4071.666665,173,0,0
TTL Full Service Consumer,MAGNIT,Tax Expert,PL4,Engagement,New Hire,N/A,26-Apr,0,0,0,0,0,0,0,0,0,0,1245.283678,451
TTL Full Service Consumer,MAGNIT,Tax Associate,TTLA,Phone,Re-Hire,< 30 days,Before Season,10,11,0,0,0,0,0,0,0,0,0,0
TTL Full Service Consumer,MAGNIT,Tax Associate,TTLA,Phone,New Hire,120+ days,Before Season,1,1,0,0,0,0,0,0,0,0,0,0
TTL Full Service Consumer,MAGNIT,Tax Associate,UNKNOWN,Phone,New Hire,30-60 days,26-Mar,0,0,0,0,3.52,4,0,0,0,0,0,0
TTL Full Service Consumer,MAGNIT,Tax Associate,UNKNOWN,Phone,New Hire,60-90 days,26-Apr,0,0,0,0,0.2,0.2,0,0,0,0,0,0
TTL Full Service Consumer,MAGNIT,Tax Associate,UNKNOWN,Phone,New Hire,30-60 days,26-Feb,0,0,0,0,0.68,1.48,0,0,0,0,0,0
TTL Full Service Consumer,MAGNIT,Tax Associate,UNKNOWN,Phone,New Hire,60-90 days,26-Mar,0,0,0,0,1.18,1.22,0,0,0,0,0,0
TTL Full Service Consumer,Unknown,Tax Expert,OTHER,Engagement,Unknown,N/A,After Season,0,0,0,0,0,0,0,0,0,0,1.945254,1
TTL Full Service Consumer,Unknown,Tax Specialist,PL1,Engagement,Unknown,N/A,26-Apr,0,0,0,0,0,0,0,0,0,0,751.33048,420
TTL Full Service Consumer,Unknown,Tax Specialist,PL1,Engagement,Unknown,N/A,26-Mar,0,0,0,0,0,0,0,0,0,0,486.569285,148
TTL Full Service Consumer,Unknown,Tax Specialist,PL1,Engagement,Unknown,N/A,26-Feb,0,0,0,0,0,0,0,0,0,0,5.113867,2
TTL Full Service Consumer,Unknown,Tax Specialist,PL1,Engagement,Unknown,N/A,After Season,0,0,0,0,0,0,0,0,0,0,52.23028,32
